unix,date,open,high,low,close,Volume USD,symbol,macd,macd_signal,macd_hist,rsi,volume,taker_buy_base,volume_delta,cvd,cvd_rolling
1502928000,2017-08-17 00:00:00,4261.48,4485.39,4200.74,4285.08,3454770.05073206,BTCUSD,0.0,0.0,0.0,,,,,,
1503014400,2017-08-18 00:00:00,4285.08,4371.52,3938.77,4108.37,5086958.30617151,BTCUSD,-3.964647,-2.202582,-1.762066,0.0,,,,,
1503100800,2017-08-19 00:00:00,4108.37,4184.69,3850.0,4139.98,1549483.73542151,BTCUSD,-4.071524,-2.968542,-1.102982,16.15,,,,,
1503187200,2017-08-20 00:00:00,4120.98,4211.08,4032.62,4086.29,1930364.39032646,BTCUSD,-5.958807,-3.981504,-1.977303,12.47,,,,,
1503273600,2017-08-21 00:00:00,4069.13,4119.62,3911.79,4016.0,2797231.71402728,BTCUSD,-9.655882,-5.669503,-3.986379,9.43,,,,,
1503360000,2017-08-22 00:00:00,4016.0,4104.82,3400.0,4040.0,3752505.77214051,BTCUSD,-10.670573,-7.025071,-3.645501,16.87,,,,,
1503446400,2017-08-23 00:00:00,4040.0,4265.8,4013.89,4114.01,4148686.46581968,BTCUSD,-7.784729,-7.21732,-0.567409,34.68,,,,,
1503532800,2017-08-24 00:00:00,4147.0,4371.68,4085.01,4316.01,3296476.41316476,BTCUSD,3.882567,-4.549809,8.432376,59.93,,,,,
1503619200,2017-08-25 00:00:00,4316.01,4453.91,4247.48,4280.68,2484637.34936327,BTCUSD,10.150025,-1.154074,11.304099,55.86,,,,,
1503705600,2017-08-26 00:00:00,4280.71,4367.0,4212.41,4337.44,977865.7333321,BTCUSD,17.371991,2.99684,14.375151,60.5,,,,,
1503792000,2017-08-27 00:00:00,4332.51,4400.0,4285.54,4310.01,1521580.06202557,BTCUSD,20.885722,6.910825,13.974896,57.36,,,,,
1503878400,2017-08-28 00:00:00,4310.01,4399.82,4124.54,4386.69,2591660.52579953,BTCUSD,27.389772,11.308844,16.080928,63.12,,,,,
1503964800,2017-08-29 00:00:00,4353.65,4625.85,4313.55,4587.48,2682483.73582991,BTCUSD,43.192276,18.056486,25.13579,73.29,,,,,
1504051200,2017-08-30 00:00:00,4564.52,4647.51,4416.01,4555.14,3683714.68666123,BTCUSD,52.58538,25.279956,27.305424,69.94,,,,,
1504137600,2017-08-31 00:00:00,4555.14,4745.42,4555.14,4724.89,2579878.72401184,BTCUSD,69.071491,34.357657,34.713835,76.11,,,,,
1504224000,2017-09-01 00:00:00,4689.89,4885.55,4654.88,4834.91,2665165.55924616,BTCUSD,87.385574,45.270407,42.115167,79.1,,,,,
1504310400,2017-09-02 00:00:00,4796.16,4939.19,4286.87,4472.14,4257723.944817,BTCUSD,77.818308,51.929946,25.888362,54.75,,,,,
1504396800,2017-09-03 00:00:00,4508.5,4714.76,4298.33,4509.08,3121052.75230181,BTCUSD,71.865077,55.990114,15.874963,56.23,,,,,
1504483200,2017-09-04 00:00:00,4505.0,4527.49,3972.51,4100.11,5909947.49008974,BTCUSD,40.180913,52.782041,-12.601128,40.47,,,,,
1504569600,2017-09-05 00:00:00,4106.97,4484.99,3603.0,4366.47,5083453.18675071,BTCUSD,32.638062,48.706254,-16.068193,50.25,,,,,
1504656000,2017-09-06 00:00:00,4366.49,4662.87,4335.26,4619.77,3626346.05544323,BTCUSD,43.177214,47.590152,-4.412938,57.41,,,,,
1504742400,2017-09-07 00:00:00,4619.77,4788.59,4438.19,4691.61,2305795.13638315,BTCUSD,55.641026,49.212296,6.42873,59.21,,,,,
1504828800,2017-09-08 00:00:00,4691.66,4735.39,4028.93,4282.8,4866527.22639337,BTCUSD,36.873947,46.729973,-9.856026,47.06,,,,,
1504915200,2017-09-09 00:00:00,4282.8,4426.62,4150.06,4258.81,2815383.46568698,BTCUSD,20.213502,41.401516,-21.188014,46.46,,,,,
1505001600,2017-09-10 00:00:00,4258.81,4283.0,3801.0,4130.37,2700371.80819211,BTCUSD,-1.907234,32.706919,-34.614152,43.26,,,,,
1505088000,2017-09-11 00:00:00,4153.62,4334.43,4098.91,4208.47,2956842.76250147,BTCUSD,-13.620846,23.413278,-37.034123,45.71,,,,,
1505174400,2017-09-12 00:00:00,4208.6,4394.59,4040.8,4163.72,3725190.62328952,BTCUSD,-25.760213,13.554743,-39.314956,44.52,,,,,
1505260800,2017-09-13 00:00:00,4159.72,4165.38,3760.0,3944.69,3570365.92571669,BTCUSD,-50.587063,0.70152,-51.288583,39.18,,,,,
1505347200,2017-09-14 00:00:00,3944.0,3993.0,3165.13,3189.02,5914261.40460825,BTCUSD,-123.843141,-24.246016,-99.597124,27.09,,,,,
1505433600,2017-09-15 00:00:00,3188.01,3856.0,2817.0,3700.0,6588767.18669446,BTCUSD,-142.481524,-47.922428,-94.559096,40.47,,,,,
1505520000,2017-09-16 00:00:00,3674.01,3950.0,3470.66,3714.95,4804878.24721283,BTCUSD,-154.294445,-69.217921,-85.076524,40.81,,,,,
1505606400,2017-09-17 00:00:00,3685.23,3748.21,3499.02,3699.99,2466490.27859466,BTCUSD,-162.840716,-87.957327,-74.883389,40.56,,,,,
1505692800,2017-09-18 00:00:00,3690.0,4123.2,3690.0,4035.01,4069033.05715863,BTCUSD,-142.830792,-98.938981,-43.891811,48.24,,,,,
1505779200,2017-09-19 00:00:00,4060.0,4089.97,3830.91,3910.04,3558315.19743872,BTCUSD,-134.843615,-106.12355,-28.720064,45.86,,,,,
1505865600,2017-09-20 00:00:00,3910.04,4046.08,3820.0,3900.0,2839584.45308804,BTCUSD,-127.79458,-110.459515,-17.335064,45.66,,,,,
1505952000,2017-09-21 00:00:00,3889.99,3910.0,3567.0,3609.99,3757043.07821264,BTCUSD,-142.61809,-116.893318,-25.724772,40.33,,,,,
1506038400,2017-09-22 00:00:00,3592.84,3750.0,3505.55,3595.87,3031771.43292849,BTCUSD,-153.64141,-124.244845,-29.396565,40.08,,,,,
1506124800,2017-09-23 00:00:00,3595.88,3817.19,3542.91,3780.0,2799706.99951511,BTCUSD,-146.536848,-128.704172,-17.832676,44.8,,,,,
1506211200,2017-09-24 00:00:00,3779.54,3789.99,3622.76,3660.02,2445788.43620041,BTCUSD,-148.427052,-132.649403,-15.777649,42.46,,,,,
1506297600,2017-09-25 00:00:00,3660.02,3979.87,3653.69,3920.75,2784170.85318322,BTCUSD,-128.285363,-131.776479,3.491117,48.74,,,,,
1506384000,2017-09-26 00:00:00,3928.0,3976.99,3850.05,3882.35,2061195.57868009,BTCUSD,-113.989744,-128.218754,14.22901,47.91,,,,,
1506470400,2017-09-27 00:00:00,3882.36,4249.94,3872.81,4193.0,2554629.81447101,BTCUSD,-77.612462,-118.096634,40.484172,54.64,,,,,
1506556800,2017-09-28 00:00:00,4192.11,4300.0,4101.0,4174.5,3553178.87037354,BTCUSD,-49.667966,-104.409969,54.742004,54.19,,,,,
1506643200,2017-09-29 00:00:00,4178.98,4263.86,3952.01,4174.69,6571746.35900076,BTCUSD,-27.204041,-88.967943,61.763902,54.19,,,,,
1506729600,2017-09-30 00:00:00,4175.0,4380.0,4138.1,4378.51,3088354.40084536,BTCUSD,6.485553,-69.876412,76.361965,58.54,,,,,
1506816000,2017-10-01 00:00:00,4378.49,4406.52,4240.04,4378.48,3137143.89184457,BTCUSD,32.790807,-49.342253,82.133059,58.54,,,,,
1506902400,2017-10-02 00:00:00,4400.0,4561.63,4360.0,4380.0,2905282.77570845,BTCUSD,53.134114,-28.846408,81.980522,58.58,,,,,
1506988800,2017-10-03 00:00:00,4380.0,4467.33,4180.8,4310.0,4627422.74283879,BTCUSD,63.003003,-10.476116,73.479119,56.29,,,,,
1507075200,2017-10-04 00:00:00,4314.9,4373.0,4142.0,4208.59,3676415.10054891,BTCUSD,62.094752,4.038316,58.056435,53.05,,,,,
1507161600,2017-10-05 00:00:00,4208.59,4355.0,4110.0,4292.43,3295532.82397779,BTCUSD,67.229328,16.676699,50.552629,55.34,,,,,
1507248000,2017-10-06 00:00:00,4318.99,4417.0,4292.0,4369.0,2212035.12414239,BTCUSD,76.478791,28.637254,47.841537,57.38,,,,,
1507334400,2017-10-07 00:00:00,4369.0,4479.5,4312.56,4423.0,1302533.21459281,BTCUSD,87.08422,40.326754,46.757466,58.81,,,,,
1507420800,2017-10-08 00:00:00,4425.0,4658.0,4425.0,4640.0,2347356.46944654,BTCUSD,111.434895,54.548486,56.886409,64.03,,,,,
1507507200,2017-10-09 00:00:00,4640.0,4889.98,4550.0,4786.95,3040508.90436387,BTCUSD,140.787798,71.796449,68.991348,67.08,,,,,
1507593600,2017-10-10 00:00:00,4786.95,4960.0,4680.59,4783.06,5044283.86347582,BTCUSD,161.866323,89.810508,72.055815,66.92,,,,,
1507680000,2017-10-11 00:00:00,4783.06,4881.61,4710.0,4821.43,3609240.90903919,BTCUSD,179.552061,107.758886,71.793175,67.74,,,,,
1507766400,2017-10-12 00:00:00,4821.43,5439.99,4810.16,5430.0,6659759.29119366,BTCUSD,239.341918,134.075571,105.266347,77.38,,,,,
1507852800,2017-10-13 00:00:00,5439.99,5846.17,5379.84,5649.98,10597340.30104987,BTCUSD,300.806699,167.421876,133.384823,79.73,,,,,
1507939200,2017-10-14 00:00:00,5650.0,5900.0,5580.01,5869.99,5533972.4859947,BTCUSD,362.899218,206.51742,156.381799,81.78,,,,,
1508025600,2017-10-15 00:00:00,5855.03,5922.3,5400.01,5709.99,7553650.20132813,BTCUSD,394.752679,244.164529,150.588149,75.79,,,,,
1508112000,2017-10-16 00:00:00,5710.0,5788.91,5585.19,5760.02,8701914.79553535,BTCUSD,419.158414,279.163349,139.995065,76.37,,,,,
1508198400,2017-10-17 00:00:00,5760.0,5774.98,5508.63,5595.0,8041662.31881055,BTCUSD,420.434409,307.417589,113.01682,70.36,,,,,
1508284800,2017-10-18 00:00:00,5595.0,5596.0,5037.95,5512.06,12456909.97604373,BTCUSD,410.069042,327.947896,82.121147,67.48,,,,,
1508371200,2017-10-19 00:00:00,5513.0,5710.0,5490.26,5683.9,10609368.77338359,BTCUSD,410.886135,344.535554,66.350581,70.2,,,,,
1508457600,2017-10-20 00:00:00,5683.31,6110.0,5600.0,6010.01,11486552.1888066,BTCUSD,432.691065,362.166665,70.5244,74.55,,,,,
1508544000,2017-10-21 00:00:00,6013.72,6171.0,5850.03,6024.97,10114821.44026351,BTCUSD,446.024292,378.938197,67.086095,74.73,,,,,
1508630400,2017-10-22 00:00:00,6003.27,6060.0,5720.03,5950.02,8035415.37335629,BTCUSD,445.435614,392.237685,53.197929,71.95,,,,,
1508716800,2017-10-23 00:00:00,5975.0,6080.0,5621.03,5915.93,10607190.98072695,BTCUSD,437.188244,401.227799,35.960445,70.67,,,,,
1508803200,2017-10-24 00:00:00,5909.47,5925.0,5450.0,5477.03,14564495.85056032,BTCUSD,390.889931,399.160225,-8.270294,56.62,,,,,
1508889600,2017-10-25 00:00:00,5506.92,5704.96,5286.98,5689.99,12544847.89154201,BTCUSD,367.076814,392.743542,-25.666728,60.7,,,,,
1508976000,2017-10-26 00:00:00,5670.1,5939.99,5650.0,5861.77,11417126.63602561,BTCUSD,357.884247,385.771682,-27.887435,63.67,,,,,
1509062400,2017-10-27 00:00:00,5861.77,5980.0,5649.24,5768.83,8167069.73635031,BTCUSD,339.214601,376.460265,-37.245664,60.99,,,,,
1509148800,2017-10-28 00:00:00,5768.79,5850.02,5630.03,5719.64,7308076.01911184,BTCUSD,316.809501,364.530111,-47.72061,59.56,,,,,
1509235200,2017-10-29 00:00:00,5709.98,6189.88,5648.01,6169.98,10620967.62459168,BTCUSD,331.456508,357.91539,-26.458882,67.16,,,,,
1509321600,2017-10-30 00:00:00,6133.01,6248.68,6030.0,6120.5,9030219.28673499,BTCUSD,335.216892,353.37569,-18.158798,65.7,,,,,
1509408000,2017-10-31 00:00:00,6120.52,6498.01,6100.0,6463.0,9487640.8400991,BTCUSD,361.589922,355.018536,6.571385,70.48,,,,,
1509494400,2017-11-01 00:00:00,6463.0,6774.67,6338.02,6753.98,10951171.07254041,BTCUSD,401.28405,364.27164,37.012411,73.82,,,,,
1509580800,2017-11-02 00:00:00,6753.98,7300.0,6685.1,7019.98,17369001.33091877,BTCUSD,448.978405,381.212993,67.765412,76.45,,,,,
1509667200,2017-11-03 00:00:00,7010.31,7346.34,6923.0,7115.04,13614451.74654126,BTCUSD,488.793415,402.729078,86.064337,77.32,,,,,
1509753600,2017-11-04 00:00:00,7115.02,7480.99,6901.0,7357.09,10064538.39659038,BTCUSD,533.685452,428.920353,104.765099,79.42,,,,,
1509840000,2017-11-05 00:00:00,7357.27,7590.25,7279.02,7345.01,9000403.86573288,BTCUSD,561.810861,455.498455,106.312406,79.03,,,,,
1509926400,2017-11-06 00:00:00,7345.1,7401.0,6906.0,6960.12,12673524.6216398,BTCUSD,546.79014,473.756792,73.033347,67.56,,,,,
1510012800,2017-11-07 00:00:00,6981.72,7198.49,6901.0,7064.04,10173272.33780804,BTCUSD,537.066166,486.418667,50.647499,68.88,,,,,
1510099200,2017-11-08 00:00:00,7070.0,7770.02,6651.0,7303.0,20491286.19840822,BTCUSD,542.360722,497.607078,44.753644,71.71,,,,,
1510185600,2017-11-09 00:00:00,7303.01,7392.0,7015.0,7079.99,13798534.34721742,BTCUSD,522.560575,502.597778,19.962798,65.7,,,,,
1510272000,2017-11-10 00:00:00,7079.0,7279.91,6255.01,6506.98,22083345.18396158,BTCUSD,455.438088,493.16584,-37.727751,53.32,,,,,
1510358400,2017-11-11 00:00:00,6503.0,6797.98,6100.0,6245.05,17681445.46474999,BTCUSD,376.788189,469.89031,-93.10212,48.8,,,,,
1510444800,2017-11-12 00:00:00,6245.05,6630.0,5325.01,5811.03,29711508.60084671,BTCUSD,276.288273,431.169902,-154.881629,42.38,,,,,
1510531200,2017-11-13 00:00:00,5839.94,6697.47,5699.99,6465.99,16498136.09913936,BTCUSD,246.597028,394.255327,-147.658299,52.53,,,,,
1510617600,2017-11-14 00:00:00,6465.99,6684.98,6311.07,6574.99,8168729.97122799,BTCUSD,229.211525,361.246567,-132.035041,53.98,,,,,
1510704000,2017-11-15 00:00:00,6575.99,7298.0,6575.99,7240.06,12446186.45092821,BTCUSD,265.987334,342.19472,-76.207386,61.68,,,,,
1510790400,2017-11-16 00:00:00,7240.14,7940.0,7076.0,7864.5,17499577.25815967,BTCUSD,341.542361,342.064248,-0.521888,67.23,,,,,
1510876800,2017-11-17 00:00:00,7876.98,7989.0,7451.0,7699.19,31024092.61951179,BTCUSD,383.667077,350.384814,33.282263,64.56,,,,,
1510963200,2017-11-18 00:00:00,7680.01,7819.99,7422.0,7761.94,30334498.31525712,BTCUSD,417.300076,363.767866,53.53221,65.13,,,,,
1511049600,2017-11-19 00:00:00,7761.94,8123.15,7650.33,8038.0,30322635.7689457,BTCUSD,460.902685,383.19483,77.707855,67.58,,,,,
1511136000,2017-11-20 00:00:00,8057.11,8319.99,7954.0,8212.0,31567135.38731295,BTCUSD,503.683443,407.292553,96.39089,69.05,,,,,
1511222400,2017-11-21 00:00:00,8212.49,8400.0,7801.0,8119.51,37074997.58090905,BTCUSD,524.086223,430.651287,93.434937,67.3,,,,,
1511308800,2017-11-22 00:00:00,8091.09,8322.68,8091.09,8205.92,29124078.47217724,BTCUSD,540.987945,452.718618,88.269327,68.11,,,,,
1511395200,2017-11-23 00:00:00,8233.03,8260.0,8000.0,8019.99,33400702.99957629,BTCUSD,533.239134,468.822722,64.416413,64.4,,,,,
1511481600,2017-11-24 00:00:00,8019.97,8369.0,7850.0,8138.0,35840264.45804051,BTCUSD,530.500874,481.158352,49.342522,65.68,,,,,
1511568000,2017-11-25 00:00:00,8138.99,8734.78,8090.0,8700.01,36093005.20140187,BTCUSD,567.124726,498.351627,68.773099,71.02,,,,,
1511654400,2017-11-26 00:00:00,8700.04,9350.0,8604.72,9128.02,37138533.83941873,BTCUSD,623.486041,523.37851,100.107531,74.3,,,,,
1511740800,2017-11-27 00:00:00,9128.0,9654.28,9112.04,9650.0,42961064.95202934,BTCUSD,702.163405,559.135489,143.027917,77.63,,,,,
1511827200,2017-11-28 00:00:00,9650.0,9939.0,9570.5,9896.8,48235644.0576554,BTCUSD,775.484339,602.405259,173.07908,79.01,,,,,
1511913600,2017-11-29 00:00:00,9896.79,11300.03,8520.0,9687.88,135976167.45757934,BTCUSD,807.430264,643.41026,164.020004,74.8,,,,,
1512000000,2017-11-30 00:00:00,9687.88,10900.0,8850.8,9838.96,91430904.34116387,BTCUSD,835.305912,681.78939,153.516522,75.8,,,,,
1512086400,2017-12-01 00:00:00,9837.0,10898.0,9380.0,10782.99,62260697.58291551,BTCUSD,922.914885,730.014489,192.900396,80.92,,,,,
1512172800,2017-12-02 00:00:00,10775.04,11190.0,10620.0,10890.01,52046689.84006951,BTCUSD,989.571511,781.925894,207.645617,81.4,,,,,
1512259200,2017-12-03 00:00:00,10902.69,11825.0,10500.0,11165.41,60350708.29332783,BTCUSD,1052.482255,836.037166,216.445089,82.62,,,,,
1512345600,2017-12-04 00:00:00,11165.41,11600.0,10802.0,11579.0,52814985.63993067,BTCUSD,1122.763174,893.382367,229.380806,84.28,,,,,
1512432000,2017-12-05 00:00:00,11571.03,11853.0,11447.68,11699.99,64721253.04527842,BTCUSD,1174.680919,949.642078,225.038842,84.74,,,,,
1512518400,2017-12-06 00:00:00,11699.99,13615.23,11665.58,13550.05,84409526.69576178,BTCUSD,1349.528476,1029.619358,319.909119,89.69,,,,,
1512604800,2017-12-07 00:00:00,13541.01,16649.96,13050.0,16599.0,109555325.34649764,BTCUSD,1714.320722,1166.559631,547.761092,93.46,,,,,
1512691200,2017-12-08 00:00:00,16599.0,17204.99,14015.0,15880.0,271586476.6191432,BTCUSD,1923.24132,1317.895968,605.345352,85.52,,,,,
1512777600,2017-12-09 00:00:00,15880.01,16269.3,12535.0,14656.07,205372672.98786432,BTCUSD,1967.385061,1447.793787,519.591274,74.0,,,,,
1512864000,2017-12-10 00:00:00,14664.01,15720.12,12368.0,14899.98,233767963.46201488,BTCUSD,1999.004576,1558.035945,440.968631,74.73,,,,,
1512950400,2017-12-11 00:00:00,14946.26,17470.0,14901.08,16587.97,193045127.9036004,BTCUSD,2135.63567,1673.55589,462.07978,79.1,,,,,
1513036800,2017-12-12 00:00:00,16587.97,16976.45,15875.0,16349.99,155716213.09834388,BTCUSD,2199.362374,1778.717187,420.645188,77.08,,,,,
1513123200,2017-12-13 00:00:00,16349.99,16546.0,14666.56,16033.29,196769674.31153056,BTCUSD,2198.964936,1862.766736,336.198199,74.35,,,,,
1513209600,2017-12-14 00:00:00,16030.34,16445.0,15450.0,16334.98,186092495.1834846,BTCUSD,2197.658012,1929.744992,267.913021,75.25,,,,,
1513296000,2017-12-15 00:00:00,16334.98,17991.0,16298.45,17539.83,159809704.04408672,BTCUSD,2267.694523,1997.334898,270.359625,78.49,,,,,
1513382400,2017-12-16 00:00:00,17516.81,19539.0,17190.01,19102.66,76293721.36508314,BTCUSD,2421.383896,2082.144698,339.239199,81.82,,,,,
1513468800,2017-12-17 00:00:00,19120.19,19798.68,18510.0,18860.02,175867439.47045135,BTCUSD,2494.846738,2164.685106,330.161632,79.76,,,,,
1513555200,2017-12-18 00:00:00,18860.04,19300.0,17029.98,18856.25,196339245.745198,BTCUSD,2523.670714,2236.482227,287.188487,79.72,,,,,
1513641600,2017-12-19 00:00:00,18856.25,18950.0,16300.0,17295.2,232790625.92336664,BTCUSD,2392.972985,2267.780379,125.192606,67.1,,,,,
1513728000,2017-12-20 00:00:00,17295.2,17720.35,14777.66,16488.98,221193892.50223887,BTCUSD,2198.993779,2254.023059,-55.02928,61.67,,,,,
1513814400,2017-12-21 00:00:00,16480.52,17309.5,14022.0,15492.64,320176825.29037607,BTCUSD,1942.479986,2191.714444,-249.234459,55.67,,,,,
1513900800,2017-12-22 00:00:00,15514.03,15699.34,10961.0,13326.61,477509934.71828645,BTCUSD,1546.590805,2062.689716,-516.098912,45.35,,,,,
1513987200,2017-12-23 00:00:00,13326.61,14950.0,12978.18,13300.0,184759685.33206663,BTCUSD,1216.673667,1893.486506,-676.81284,45.24,,,,,
1514073600,2017-12-24 00:00:00,13300.0,13819.99,11640.0,13500.0,365709589.60302895,BTCUSD,960.280145,1706.845234,-746.56509,46.3,,,,,
1514160000,2017-12-25 00:00:00,13500.0,14300.0,12708.0,13699.34,213139657.6289145,BTCUSD,764.359847,1518.348157,-753.98831,47.4,,,,,
1514246400,2017-12-26 00:00:00,13699.34,16050.0,13533.0,15689.01,224843731.89656883,BTCUSD,760.864811,1366.851487,-605.986677,56.87,,,,,
1514332800,2017-12-27 00:00:00,15709.98,16498.05,14200.15,15459.99,231229932.4820405,BTCUSD,731.186871,1239.718564,-508.531693,55.63,,,,,
1514419200,2017-12-28 00:00:00,15459.97,15539.99,13150.0,14182.11,303401227.98652,BTCUSD,597.666276,1111.308107,-513.64183,49.18,,,,,
1514505600,2017-12-29 00:00:00,14199.14,14981.0,13850.0,14378.9,260911629.2180768,BTCUSD,501.943018,989.435089,-487.492071,50.14,,,,,
1514592000,2017-12-30 00:00:00,14378.99,14398.85,11750.0,12440.01,247803953.75248587,BTCUSD,266.560818,844.860235,-578.299417,41.77,,,,,
1514678400,2017-12-31 00:00:00,12345.1,14050.11,12149.98,13716.36,155283285.36704132,BTCUSD,180.921482,712.072484,-531.151002,47.93,,,,,
1514764800,2018-01-01 00:00:00,13715.65,13818.55,12750.0,13380.0,114799747.44197056,BTCUSD,84.931837,586.644355,-501.712518,46.53,,,,,
1514851200,2018-01-02 00:00:00,13382.16,15473.49,12890.02,14675.11,279717107.4337192,BTCUSD,112.069857,491.729455,-379.659598,52.3,,,,,
1514937600,2018-01-03 00:00:00,14690.0,15307.56,14150.0,14919.51,236116868.33619007,BTCUSD,151.550598,423.693684,-272.143086,53.32,,,,,
1515024000,2018-01-04 00:00:00,14919.51,15280.0,13918.04,15059.54,312781583.79830784,BTCUSD,191.926001,377.340147,-185.414146,53.93,,,,,
1515110400,2018-01-05 00:00:00,15059.56,17176.24,14600.0,16960.39,369321956.4868375,BTCUSD,373.004179,376.472954,-3.468774,61.31,,,,,
1515196800,2018-01-06 00:00:00,16960.39,17143.13,16011.21,17069.79,309216920.9864104,BTCUSD,519.350679,405.048499,114.30218,61.69,,,,,
1515283200,2018-01-07 00:00:00,17069.79,17099.96,15610.0,16150.03,206194706.37068355,BTCUSD,554.720936,434.982986,119.73795,56.65,,,,,
1515369600,2018-01-08 00:00:00,16218.85,16322.3,12812.0,14902.54,396569997.15746266,BTCUSD,476.597495,443.305888,33.291607,50.6,,,,,
1515456000,2018-01-09 00:00:00,14902.54,15500.0,14011.05,14400.0,210630187.45766863,BTCUSD,369.87019,428.618748,-58.748559,48.37,,,,,
1515542400,2018-01-10 00:00:00,14401.0,14955.66,13131.31,14907.09,244011366.763028,BTCUSD,322.488055,407.39261,-84.904554,50.73,,,,,
1515628800,2018-01-11 00:00:00,14940.0,14968.68,11400.0,13238.78,446587594.6937379,BTCUSD,148.607061,355.6355,-207.028439,43.64,,,,,
1515715200,2018-01-12 00:00:00,13238.76,14109.78,12500.0,13740.01,222516076.27145907,BTCUSD,50.66577,294.641554,-243.975784,46.08,,,,,
1515801600,2018-01-13 00:00:00,13749.95,14580.0,13706.15,14210.0,173086488.54788405,BTCUSD,10.845503,237.882344,-227.036841,48.34,,,,,
1515888000,2018-01-14 00:00:00,14210.0,14339.5,12569.2,13474.99,226525305.12938112,BTCUSD,-79.109092,174.484057,-253.593148,45.15,,,,,
1515974400,2018-01-15 00:00:00,13477.98,14249.99,13147.79,13539.93,200614554.538343,BTCUSD,-143.504443,110.886357,-254.3908,45.5,,,,,
1516060800,2018-01-16 00:00:00,13500.0,13542.93,9035.0,10900.0,722150828.1494024,BTCUSD,-402.912459,8.126593,-411.039052,35.75,,,,,
1516147200,2018-01-17 00:00:00,10899.99,11680.99,9037.94,10988.79,744154180.1312059,BTCUSD,-594.477823,-112.39429,-482.083533,36.24,,,,,
1516233600,2018-01-18 00:00:00,10972.59,11878.82,10435.33,10961.97,541289614.0584047,BTCUSD,-739.929427,-237.901317,-502.028109,36.15,,,,,
1516320000,2018-01-19 00:00:00,10960.0,11795.0,10360.0,11474.98,382773499.2265792,BTCUSD,-804.531333,-351.22732,-453.304012,39.28,,,,,
1516406400,2018-01-20 00:00:00,11474.98,13099.0,11412.45,12799.94,358561107.78097045,BTCUSD,-740.282642,-429.038385,-311.244257,46.55,,,,,
1516492800,2018-01-21 00:00:00,12799.8,12799.8,10965.0,11530.0,485289230.8188924,BTCUSD,-782.814339,-499.793575,-283.020763,41.43,,,,,
1516579200,2018-01-22 00:00:00,11530.0,11926.35,9900.24,10760.05,475716514.20869696,BTCUSD,-868.636159,-573.562092,-295.074067,38.65,,,,,
1516665600,2018-01-23 00:00:00,10760.05,11399.0,9905.0,10799.18,399419413.2329807,BTCUSD,-922.855011,-643.420676,-279.434335,38.88,,,,,
1516752000,2018-01-24 00:00:00,10799.14,11570.48,10500.0,11349.99,299470607.4302002,BTCUSD,-910.878204,-696.912182,-213.966022,42.09,,,,,
1516838400,2018-01-25 00:00:00,11349.96,11794.05,10950.21,11175.27,236081364.97365227,BTCUSD,-905.05201,-738.540147,-166.511862,41.34,,,,,
1516924800,2018-01-26 00:00:00,11184.7,11643.0,10311.15,11089.0,360482470.17375433,BTCUSD,-897.055253,-770.243168,-126.812085,40.96,,,,,
1517011200,2018-01-27 00:00:00,11089.0,11650.0,10842.69,11491.0,212663199.53348225,BTCUSD,-848.498854,-785.894306,-62.604549,43.59,,,,,
1517097600,2018-01-28 00:00:00,11499.98,12244.0,11408.0,11879.95,200211582.9434541,BTCUSD,-769.759323,-782.667309,12.907986,46.09,,,,,
1517184000,2018-01-29 00:00:00,11879.95,11975.02,11139.55,11251.0,162110154.87880376,BTCUSD,-749.469137,-776.027675,26.558537,42.79,,,,,
1517270400,2018-01-30 00:00:00,11250.11,11308.42,9900.0,10237.51,268978329.50861526,BTCUSD,-805.879315,-781.998003,-23.881312,38.05,,,,,
1517356800,2018-01-31 00:00:00,10230.0,10425.85,9700.0,10285.1,181644207.11316264,BTCUSD,-837.095164,-793.017435,-44.077729,38.4,,,,,
1517443200,2018-02-01 00:00:00,10285.1,10335.0,8750.99,9224.52,317636345.9843711,BTCUSD,-936.616972,-821.737342,-114.879629,33.88,,,,,
1517529600,2018-02-02 00:00:00,9224.52,9250.0,8010.02,8873.03,434236483.7044874,BTCUSD,-1031.955229,-863.78092,-168.174309,32.51,,,,,
1517616000,2018-02-03 00:00:00,8873.03,9473.01,8229.0,9199.96,256834729.0599109,BTCUSD,-1068.810427,-904.786821,-164.023606,35.13,,,,,
1517702400,2018-02-04 00:00:00,9199.96,9368.0,7930.0,8184.81,274912288.421322,BTCUSD,-1166.485895,-957.126636,-209.359259,31.09,,,,,
1517788800,2018-02-05 00:00:00,8179.99,8382.8,6625.0,6939.99,471166218.7134473,BTCUSD,-1329.020695,-1031.505448,-297.515247,27.0,,,,,
1517875200,2018-02-06 00:00:00,6939.63,7878.0,6000.01,7652.14,684364276.3666689,BTCUSD,-1384.407628,-1102.085884,-282.321745,32.48,,,,,
1517961600,2018-02-07 00:00:00,7655.02,8476.0,7150.01,7599.0,477935038.8117769,BTCUSD,-1416.264303,-1164.921568,-251.342735,32.28,,,,,
1518048000,2018-02-08 00:00:00,7599.0,7844.0,7572.09,7784.02,11770168.04386595,BTCUSD,-1410.324056,-1214.002065,-196.321991,33.77,,,,,
1518134400,2018-02-09 00:00:00,7789.9,8738.0,7789.9,8683.92,173348469.81187892,BTCUSD,-1317.811131,-1234.763878,-83.047252,40.61,,,,,
1518220800,2018-02-10 00:00:00,8683.93,9065.78,8120.0,8533.98,423411421.93098,BTCUSD,-1242.272715,-1236.265646,-6.007069,39.88,,,,,
1518307200,2018-02-11 00:00:00,8533.99,8549.0,7726.53,8063.88,366966437.2498885,BTCUSD,-1206.434059,-1230.299328,23.86527,37.57,,,,,
1518393600,2018-02-12 00:00:00,8063.82,8989.0,8053.0,8903.0,362440826.9943769,BTCUSD,-1097.668514,-1203.773165,106.104652,43.82,,,,,
1518480000,2018-02-13 00:00:00,8903.0,8950.0,8351.0,8539.9,305165143.6969234,BTCUSD,-1028.909517,-1168.800436,139.890918,41.87,,,,,
1518566400,2018-02-14 00:00:00,8535.17,9489.6,8533.0,9449.99,370126692.728233,BTCUSD,-890.713327,-1113.183014,222.469687,48.11,,,,,
1518652800,2018-02-15 00:00:00,9449.98,10219.5,9301.5,10000.09,512388484.73178285,BTCUSD,-728.406789,-1036.227769,307.82098,51.5,,,,,
1518739200,2018-02-16 00:00:00,10000.89,10323.37,9666.0,10159.98,381103299.2238848,BTCUSD,-580.187866,-945.019789,364.831922,52.47,,,,,
1518825600,2018-02-17 00:00:00,10156.07,11075.07,10050.0,11039.55,446012696.1692673,BTCUSD,-387.285017,-833.472834,446.187818,57.52,,,,,
1518912000,2018-02-18 00:00:00,11039.55,11274.0,10080.0,10383.43,649423311.3100228,BTCUSD,-284.076829,-723.593633,439.516804,53.0,,,,,
1518998400,2018-02-19 00:00:00,10375.01,11250.0,10270.33,11153.0,443766562.68306607,BTCUSD,-138.588203,-606.592547,468.004344,57.24,,,,,
1519084800,2018-02-20 00:00:00,11147.11,11786.01,11100.59,11200.99,551573232.2429588,BTCUSD,-19.193776,-489.112793,469.919017,57.5,,,,,
1519171200,2018-02-21 00:00:00,11195.07,11304.03,10200.0,10437.6,731537130.492186,BTCUSD,13.670418,-388.556151,402.226568,52.12,,,,,
1519257600,2018-02-22 00:00:00,10439.02,10933.44,9679.0,9811.04,682006373.869588,BTCUSD,-10.719044,-312.98873,302.269685,48.14,,,,,
1519344000,2018-02-23 00:00:00,9815.55,10435.0,9570.19,10131.04,571800753.4709765,BTCUSD,-4.178387,-251.226661,247.048274,50.23,,,,,
1519430400,2018-02-24 00:00:00,10131.04,10496.97,9352.0,9694.51,405618586.64803785,BTCUSD,-33.829217,-207.747172,173.917955,47.42,,,,,
1519516800,2018-02-25 00:00:00,9694.51,9847.0,9274.8,9590.0,271286599.1260862,BTCUSD,-65.011384,-179.200015,114.188631,46.75,,,,,
1519603200,2018-02-26 00:00:00,9590.0,10444.32,9350.0,10324.0,347559259.73845184,BTCUSD,-30.148297,-149.389671,119.241374,51.92,,,,,
1519689600,2018-02-27 00:00:00,10321.0,10870.0,10121.0,10569.04,324295371.1414657,BTCUSD,17.057003,-116.100336,133.157339,53.54,,,,,
1519776000,2018-02-28 00:00:00,10584.33,11098.0,10300.0,10326.76,327914696.13067526,BTCUSD,34.519656,-85.976338,120.495994,51.68,,,,,
1519862400,2018-03-01 00:00:00,10325.64,11060.41,10240.0,10920.0,268172535.3811293,BTCUSD,95.131812,-49.754708,144.88652,55.73,,,,,
1519948800,2018-03-02 00:00:00,10923.36,11200.0,10770.0,11039.0,262936307.0078576,BTCUSD,151.028721,-9.598022,160.626743,56.52,,,,,
1520035200,2018-03-03 00:00:00,11038.99,11544.0,11015.01,11464.48,241749497.9024717,BTCUSD,227.042887,37.73016,189.312727,59.3,,,,,
1520121600,2018-03-04 00:00:00,11464.47,11565.0,11050.02,11515.0,194849579.1250208,BTCUSD,288.040847,87.792297,200.24855,59.63,,,,,
1520208000,2018-03-05 00:00:00,11515.0,11710.0,11415.01,11454.0,174866951.39806527,BTCUSD,327.682658,135.770369,191.912289,59.01,,,,,
1520294400,2018-03-06 00:00:00,11455.0,11455.0,10555.48,10716.48,323842216.64859617,BTCUSD,296.173287,167.850953,128.322334,51.94,,,,,
1520380800,2018-03-07 00:00:00,10716.48,10899.0,9389.31,9910.0,514808033.4879209,BTCUSD,203.776687,175.0361,28.740587,45.52,,,,,
1520467200,2018-03-08 00:00:00,9910.0,10099.0,9060.0,9271.64,394641280.63843673,BTCUSD,78.140649,155.65701,-77.51636,41.18,,,,,
1520553600,2018-03-09 00:00:00,9267.07,9410.0,8329.0,9227.0,567082901.1319405,BTCUSD,-24.743661,119.576876,-144.320536,40.88,,,,,
1520640000,2018-03-10 00:00:00,9230.0,9490.0,8667.07,8770.22,341210248.41481787,BTCUSD,-141.507333,67.360034,-208.867367,37.91,,,,,
1520726400,2018-03-11 00:00:00,8770.22,9740.0,8450.0,9533.57,403491260.9275316,BTCUSD,-170.482213,19.791585,-190.273798,45.1,,,,,
1520812800,2018-03-12 00:00:00,9533.57,9888.88,8780.0,9131.34,395562731.86503726,BTCUSD,-223.327233,-28.832179,-194.495054,42.32,,,,,
1520899200,2018-03-13 00:00:00,9131.34,9474.0,8823.0,9150.0,367353984.7132836,BTCUSD,-260.69644,-75.205031,-185.491409,42.5,,,,,
1520985600,2018-03-14 00:00:00,9151.92,9333.78,7900.28,8170.0,426058009.75594646,BTCUSD,-365.18004,-133.200033,-231.980007,36.2,,,,,
1521072000,2018-03-15 00:00:00,8184.01,8430.0,7650.0,8240.98,422130717.47310126,BTCUSD,-437.216592,-194.003345,-243.213248,36.93,,,,,
1521158400,2018-03-16 00:00:00,8240.98,8611.64,7900.0,8260.0,322355002.16519487,BTCUSD,-487.155697,-252.633815,-234.521881,37.14,,,,,
1521244800,2018-03-17 00:00:00,8260.0,8348.62,7721.99,7824.8,265973111.6176285,BTCUSD,-555.44695,-313.196442,-242.250508,34.36,,,,,
1521331200,2018-03-18 00:00:00,7824.01,8317.4,7322.0,8189.99,458311733.5188204,BTCUSD,-573.48965,-365.255084,-208.234566,38.52,,,,,
1521417600,2018-03-19 00:00:00,8189.0,8705.23,8088.4,8600.0,462654338.9821279,BTCUSD,-548.382825,-401.880632,-146.502193,42.89,,,,,
1521504000,2018-03-20 00:00:00,8595.01,9050.0,8280.0,8909.98,387879393.4706143,BTCUSD,-497.735111,-421.051528,-76.683583,46.02,,,,,
1521590400,2018-03-21 00:00:00,8909.96,9177.01,8750.6,8885.0,358157473.3612324,BTCUSD,-454.374364,-427.716095,-26.658269,45.8,,,,,
1521676800,2018-03-22 00:00:00,8884.82,9100.0,8465.1,8722.9,354804129.3433086,BTCUSD,-428.155268,-427.80393,-0.351338,44.34,,,,,
1521763200,2018-03-23 00:00:00,8720.0,8909.0,8269.0,8898.03,340755592.544531,BTCUSD,-388.763495,-419.995843,31.232348,46.34,,,,,
1521849600,2018-03-24 00:00:00,8898.04,8999.95,8491.0,8546.86,313254829.9051367,BTCUSD,-381.484201,-412.293514,30.809313,43.0,,,,,
1521936000,2018-03-25 00:00:00,8531.25,8669.85,8365.77,8470.15,247023172.30795503,BTCUSD,-377.552969,-405.345405,27.792436,42.29,,,,,
1522022400,2018-03-26 00:00:00,8470.14,8514.89,7831.0,8134.23,358429758.8731952,BTCUSD,-396.967381,-403.6698,6.702419,39.21,,,,,
1522108800,2018-03-27 00:00:00,8134.22,8215.94,7730.0,7795.51,297609656.4404365,BTCUSD,-434.674657,-409.870772,-24.803885,36.34,,,,,
1522195200,2018-03-28 00:00:00,7795.51,8109.0,7728.0,7949.3,209186093.1831796,BTCUSD,-446.995689,-417.295755,-29.699934,38.54,,,,,
1522281600,2018-03-29 00:00:00,7949.3,7975.0,6941.11,7090.14,405591158.6323181,BTCUSD,-520.091929,-437.85499,-82.236939,31.9,,,,,
1522368000,2018-03-30 00:00:00,7090.16,7292.43,6600.1,6840.23,450352009.170998,BTCUSD,-591.369929,-468.557978,-122.811952,30.27,,,,,
1522454400,2018-03-31 00:00:00,6840.24,7223.36,6777.0,6923.91,258341534.47236213,BTCUSD,-633.799931,-501.606368,-132.193562,31.53,,,,,
1522540800,2018-04-01 00:00:00,6922.0,7049.98,6430.0,6813.01,297470498.81956285,BTCUSD,-668.666741,-535.018443,-133.648298,30.74,,,,,
1522627200,2018-04-02 00:00:00,6813.01,7125.0,6765.0,7056.0,224322159.41331607,BTCUSD,-668.980092,-561.810773,-107.169319,34.63,,,,,
1522713600,2018-04-03 00:00:00,7063.97,7520.0,7011.01,7405.21,277080072.7617128,BTCUSD,-633.744683,-576.197555,-57.547128,39.85,,,,,
1522800000,2018-04-04 00:00:00,7405.21,7427.52,6707.0,6796.1,297443582.7461225,BTCUSD,-647.506402,-590.459324,-57.047077,34.65,,,,,
1522886400,2018-04-05 00:00:00,6796.1,6902.0,6566.69,6770.76,263446941.1321242,BTCUSD,-652.930809,-602.953621,-49.977188,34.45,,,,,
1522972800,2018-04-06 00:00:00,6770.0,6850.0,6500.0,6601.39,182139799.80865908,BTCUSD,-663.250891,-615.013075,-48.237816,33.06,,,,,
1523059200,2018-04-07 00:00:00,6601.39,7070.0,6586.28,6895.8,222323863.54144785,BTCUSD,-640.292313,-620.068923,-20.22339,37.75,,,,,
1523145600,2018-04-08 00:00:00,6895.81,7109.13,6880.0,7018.0,149967346.66269,BTCUSD,-605.259897,-617.107117,11.847221,39.63,,,,,
1523232000,2018-04-09 00:00:00,7011.04,7185.0,6611.0,6782.72,234309953.7503344,BTCUSD,-589.684073,-611.622509,21.938436,37.29,,,,,
1523318400,2018-04-10 00:00:00,6781.55,6890.0,6656.0,6843.9,151417844.2663968,BTCUSD,-565.88029,-602.474065,36.593775,38.31,,,,,
1523404800,2018-04-11 00:00:00,6839.56,6990.0,6787.0,6953.79,165264003.41270605,BTCUSD,-532.01567,-588.382386,56.366716,40.2,,,,,
1523491200,2018-04-12 00:00:00,6953.78,8012.23,6743.2,7923.0,485176252.48933566,BTCUSD,-422.104807,-555.12687,133.022063,53.65,,,,,
1523577600,2018-04-13 00:00:00,7922.99,8233.39,7732.0,7877.41,439884522.7119489,BTCUSD,-334.818806,-511.065257,176.246451,53.04,,,,,
1523664000,2018-04-14 00:00:00,7877.48,8186.0,7810.0,7999.01,252868761.32061628,BTCUSD,-252.916454,-459.435497,206.519043,54.52,,,,,
1523750400,2018-04-15 00:00:00,8004.0,8429.54,7999.02,8355.0,230287099.58430216,BTCUSD,-157.467643,-399.041926,241.574283,58.61,,,,,
1523836800,2018-04-16 00:00:00,8355.07,8419.0,7867.0,8064.92,295817536.4749528,BTCUSD,-104.031593,-340.039859,236.008266,54.32,,,,,
1523923200,2018-04-17 00:00:00,8064.92,8173.7,7825.4,7885.02,258221765.57371348,BTCUSD,-75.331194,-287.098126,211.766932,51.79,,,,,
1524009600,2018-04-18 00:00:00,7890.96,8236.43,7868.0,8173.0,217649160.1101789,BTCUSD,-29.013887,-235.481278,206.467391,55.37,,,,,
1524096000,2018-04-19 00:00:00,8173.99,8296.0,8080.0,8278.0,222675105.7884542,BTCUSD,15.981311,-185.18876,201.170072,56.64,,,,,
1524182400,2018-04-20 00:00:00,8273.84,8930.0,8177.09,8856.98,337288580.42571294,BTCUSD,97.238275,-128.703353,225.941629,62.89,,,,,
1524268800,2018-04-21 00:00:00,8852.12,9035.0,8565.0,8915.31,358915978.10403395,BTCUSD,164.446116,-70.073459,234.519575,63.46,,,,,
1524355200,2018-04-22 00:00:00,8915.31,9020.67,8727.68,8787.02,261804372.9093471,BTCUSD,204.993841,-15.059999,220.053841,61.23,,,,,
1524441600,2018-04-23 00:00:00,8785.7,8985.0,8745.0,8934.01,229754640.59668773,BTCUSD,246.151588,37.182318,208.96927,62.84,,,,,
1524528000,2018-04-24 00:00:00,8934.0,9731.01,8922.0,9619.99,431210048.0625035,BTCUSD,330.314591,95.808773,234.505818,69.27,,,,,
1524614400,2018-04-25 00:00:00,9618.96,9759.82,8730.0,8869.99,745137762.9688668,BTCUSD,332.660937,143.179206,189.481731,57.55,,,,,
1524700800,2018-04-26 00:00:00,8869.99,9307.48,8651.62,9266.0,385046648.1378661,BTCUSD,362.298776,187.00312,175.295656,61.27,,,,,
1524787200,2018-04-27 00:00:00,9267.03,9395.0,8889.0,8915.35,342805674.55176014,BTCUSD,353.418464,220.286188,133.132275,56.54,,,,,
1524873600,2018-04-28 00:00:00,8915.35,9427.48,8870.0,9348.0,321653866.2001887,BTCUSD,376.946784,251.618307,125.328476,60.59,,,,,
1524960000,2018-04-29 00:00:00,9348.0,9570.51,9163.74,9419.0,357004895.9636862,BTCUSD,396.748781,280.644402,116.104379,61.22,,,,,
1525046400,2018-04-30 00:00:00,9417.04,9458.64,9124.99,9246.01,325019389.2499412,BTCUSD,393.94204,303.30393,90.63811,58.73,,,,,
1525132800,2018-05-01 00:00:00,9246.01,9248.99,8800.49,9071.48,368688349.6216845,BTCUSD,373.331038,317.309351,56.021686,56.24,,,,,
1525219200,2018-05-02 00:00:00,9071.48,9268.0,8970.2,9247.84,238421833.7581133,BTCUSD,366.996936,327.246868,39.750067,58.17,,,,,
1525305600,2018-05-03 00:00:00,9247.81,9844.0,9168.4,9750.0,366028365.2271445,BTCUSD,397.910366,341.379568,56.530799,63.15,,,,,
1525392000,2018-05-04 00:00:00,9750.0,9830.04,9520.85,9713.99,277565997.63316435,BTCUSD,414.723107,356.048276,58.674831,62.58,,,,,
1525478400,2018-05-05 00:00:00,9714.0,10020.0,9682.0,9864.0,246807563.50646487,BTCUSD,435.135903,371.865801,63.270102,64.05,,,,,
1525564800,2018-05-06 00:00:00,9863.99,9970.0,9417.03,9659.01,267359420.3035901,BTCUSD,429.817541,383.456149,46.361392,60.55,,,,,
1525651200,2018-05-07 00:00:00,9661.02,9689.67,9181.0,9365.0,316015961.44182944,BTCUSD,397.298739,386.224667,11.074072,55.83,,,,,
1525737600,2018-05-08 00:00:00,9365.0,9475.7,9060.54,9187.56,236418155.6869352,BTCUSD,353.138667,379.607467,-26.4688,53.15,,,,,
1525824000,2018-05-09 00:00:00,9178.0,9390.0,8965.0,9310.0,235736782.28825977,BTCUSD,324.28324,368.542622,-44.259381,54.76,,,,,
1525910400,2018-05-10 00:00:00,9310.0,9395.12,8970.0,9002.2,231595002.59561664,BTCUSD,273.426331,349.519363,-76.093033,50.08,,,,,
1525996800,2018-05-11 00:00:00,9002.21,9016.8,8341.0,8400.0,418859806.4816156,BTCUSD,182.426458,316.100782,-133.674324,42.44,,,,,
1526083200,2018-05-12 00:00:00,8405.94,8646.88,8153.0,8465.94,337899865.8601308,BTCUSD,114.311498,275.742925,-161.431427,43.45,,,,,
1526169600,2018-05-13 00:00:00,8475.44,8763.36,8298.0,8679.71,219455683.08035555,BTCUSD,76.695259,235.933392,-159.238133,46.74,,,,,
1526256000,2018-05-14 00:00:00,8679.71,8879.99,8277.0,8663.34,320583612.23009104,BTCUSD,45.043957,197.755505,-152.711548,46.52,,,,,
1526342400,2018-05-15 00:00:00,8663.37,8859.99,8401.3,8462.0,242341031.0616692,BTCUSD,3.671297,158.938664,-155.267366,43.75,,,,,
1526428800,2018-05-16 00:00:00,8462.0,8488.0,8083.01,8330.0,257056552.43007565,BTCUSD,-39.314933,119.287944,-158.602877,41.99,,,,,
1526515200,2018-05-17 00:00:00,8330.0,8464.0,7979.0,8041.46,209489039.34104192,BTCUSD,-95.563005,76.317754,-171.88076,38.35,,,,,
1526601600,2018-05-18 00:00:00,8038.82,8273.21,7911.9,8239.81,189870380.8577869,BTCUSD,-122.720179,36.510168,-159.230347,42.07,,,,,
1526688000,2018-05-19 00:00:00,8238.01,8390.8,8095.73,8233.49,141878775.40909585,BTCUSD,-143.102806,0.587573,-143.690379,41.98,,,,,
1526774400,2018-05-20 00:00:00,8233.49,8609.0,8163.9,8526.98,167440553.7493928,BTCUSD,-134.028992,-26.33574,-107.693252,47.41,,,,,
1526860800,2018-05-21 00:00:00,8526.97,8595.31,8305.0,8381.24,181750674.8213496,BTCUSD,-137.018465,-48.472285,-88.54618,45.15,,,,,
1526947200,2018-05-22 00:00:00,8386.89,8400.18,7935.11,7977.11,194335432.4375409,BTCUSD,-170.037471,-72.785322,-97.252149,39.53,,,,,
1527033600,2018-05-23 00:00:00,7977.12,8031.9,7425.0,7501.95,331238049.64074606,BTCUSD,-231.873816,-104.603021,-127.270795,34.14,,,,,
1527120000,2018-05-24 00:00:00,7501.95,7730.73,7266.99,7575.01,284286378.50810045,BTCUSD,-271.850509,-138.052519,-133.797991,35.59,,,,,
1527206400,2018-05-25 00:00:00,7578.99,7649.55,7308.15,7457.0,199749585.9695036,BTCUSD,-309.487172,-172.339449,-137.147723,34.28,,,,,
1527292800,2018-05-26 00:00:00,7456.99,7620.0,7300.0,7333.96,145636226.4590289,BTCUSD,-345.262824,-206.924124,-138.338699,32.91,,,,,
1527379200,2018-05-27 00:00:00,7334.0,7400.0,7231.11,7338.99,136710618.49801704,BTCUSD,-368.956308,-239.330561,-129.625747,33.03,,,,,
1527465600,2018-05-28 00:00:00,7338.99,7437.0,7058.02,7099.0,196788994.26580808,BTCUSD,-402.45945,-271.956339,-130.503111,30.3,,,,,
1527552000,2018-05-29 00:00:00,7099.0,7540.0,7032.95,7461.29,288070643.9128678,BTCUSD,-395.221291,-296.609329,-98.611962,38.55,,,,,
1527638400,2018-05-30 00:00:00,7467.98,7569.0,7260.5,7375.96,237956894.04949045,BTCUSD,-391.853374,-315.658138,-76.195236,37.43,,,,,
1527724800,2018-05-31 00:00:00,7382.07,7699.0,7327.51,7485.01,231017579.83413267,BTCUSD,-376.049982,-327.736507,-48.313475,39.84,,,,,
1527811200,2018-06-01 00:00:00,7485.01,7608.55,7355.54,7521.01,211458512.1230823,BTCUSD,-356.511142,-333.491434,-23.019708,40.65,,,,,
1527897600,2018-06-02 00:00:00,7521.01,7697.33,7437.0,7640.03,203370447.69065264,BTCUSD,-327.645656,-332.322278,4.676622,43.38,,,,,
1527984000,2018-06-03 00:00:00,7636.81,7786.69,7600.0,7714.26,211737376.85348508,BTCUSD,-295.374912,-324.932805,29.557893,45.07,,,,,
1528070400,2018-06-04 00:00:00,7714.26,7760.52,7446.5,7487.0,244167051.18701583,BTCUSD,-284.854472,-316.917138,32.062666,41.03,,,,,
1528156800,2018-06-05 00:00:00,7487.0,7679.49,7358.0,7625.0,237722147.65258065,BTCUSD,-262.357211,-306.005153,43.647942,44.3,,,,,
1528243200,2018-06-06 00:00:00,7626.64,7699.0,7467.05,7658.84,207006657.7801965,BTCUSD,-239.041838,-292.61249,53.570652,45.1,,,,,
1528329600,2018-06-07 00:00:00,7658.79,7765.0,7620.0,7691.08,192949056.8419996,BTCUSD,-215.478833,-277.185758,61.706925,45.9,,,,,
1528416000,2018-06-08 00:00:00,7691.08,7703.5,7531.0,7603.44,178204158.39968467,BTCUSD,-201.553415,-262.05929,60.505875,44.02,,,,,
1528502400,2018-06-09 00:00:00,7603.44,7683.98,7450.0,7491.73,147171153.412775,BTCUSD,-197.257621,-249.098956,51.841335,41.68,,,,,
1528588800,2018-06-10 00:00:00,7491.73,7491.73,6622.81,6764.99,367338754.56308055,BTCUSD,-249.617582,-249.202681,-0.414901,30.35,,,,,
1528675200,2018-06-11 00:00:00,6765.0,6922.0,6610.0,6872.0,233056682.85777128,BTCUSD,-279.259288,-255.214003,-24.045285,33.23,,,,,
1528761600,2018-06-12 00:00:00,6872.0,6890.51,6435.0,6530.0,245787800.8012235,BTCUSD,-326.582456,-269.487693,-57.094763,29.09,,,,,
1528848000,2018-06-13 00:00:00,6530.0,6627.6,6118.68,6292.78,295395681.6623412,BTCUSD,-378.860808,-291.362316,-87.498492,26.62,,,,,
1528934400,2018-06-14 00:00:00,6292.78,6720.0,6260.0,6635.98,289074808.78413,BTCUSD,-388.124351,-310.714723,-77.409628,35.21,,,,,
1529020800,2018-06-15 00:00:00,6638.67,6666.66,6362.31,6388.9,196192096.14553955,BTCUSD,-410.669128,-330.705604,-79.963524,32.28,,,,,
1529107200,2018-06-16 00:00:00,6380.01,6560.0,6320.86,6483.98,143760033.69408152,BTCUSD,-416.067696,-347.778022,-68.289673,34.53,,,,,
1529193600,2018-06-17 00:00:00,6482.5,6589.03,6422.0,6449.61,129120718.76299886,BTCUSD,-418.297597,-361.881937,-56.41566,34.09,,,,,
1529280000,2018-06-18 00:00:00,6444.06,6794.38,6380.0,6712.46,208570443.95997888,BTCUSD,-394.309655,-368.367481,-25.942174,40.38,,,,,
1529366400,2018-06-19 00:00:00,6711.39,6841.74,6653.0,6741.21,163420093.794135,BTCUSD,-368.728679,-368.43972,-0.288959,41.04,,,,,
1529452800,2018-06-20 00:00:00,6740.0,6817.23,6551.81,6761.51,175935335.65057912,BTCUSD,-342.865194,-363.324815,20.459621,41.54,,,,,
1529539200,2018-06-21 00:00:00,6763.21,6795.0,6672.57,6718.84,171149859.23602843,BTCUSD,-322.098359,-355.079524,32.981165,40.76,,,,,
1529625600,2018-06-22 00:00:00,6717.69,6733.97,5918.94,6045.0,327460666.9145165,BTCUSD,-355.911029,-355.245825,-0.665204,30.96,,,,,
1529712000,2018-06-23 00:00:00,6045.92,6260.0,6008.48,6149.98,162755765.84514263,BTCUSD,-369.971997,-358.191059,-11.780938,33.64,,,,,
1529798400,2018-06-24 00:00:00,6149.98,6259.8,5750.0,6136.97,284095336.0578902,BTCUSD,-377.810055,-362.114859,-15.695197,33.47,,,,,
1529884800,2018-06-25 00:00:00,6137.95,6350.0,6061.97,6252.0,242859915.8036461,BTCUSD,-370.469274,-363.785742,-6.683532,36.58,,,,,
1529971200,2018-06-26 00:00:00,6252.0,6272.54,6035.0,6070.78,119676555.56449406,BTCUSD,-374.952374,-366.019068,-8.933306,33.89,,,,,
1530057600,2018-06-27 00:00:00,6065.89,6190.43,5971.0,6133.73,117103011.80356832,BTCUSD,-369.17016,-366.649286,-2.520873,35.66,,,,,
1530144000,2018-06-28 00:00:00,6134.73,6173.01,5827.0,5853.98,185247010.87925187,BTCUSD,-382.749107,-369.869251,-12.879857,31.61,,,,,
1530230400,2018-06-29 00:00:00,5851.01,6300.0,5780.0,6197.92,201409363.91549844,BTCUSD,-361.589261,-368.213253,6.623991,40.54,,,,,
1530316800,2018-06-30 00:00:00,6197.92,6528.99,6186.03,6390.07,241568568.0310778,BTCUSD,-325.562154,-359.683033,34.120879,44.88,,,,,
1530403200,2018-07-01 00:00:00,6391.08,6441.06,6251.0,6356.81,175096501.49486908,BTCUSD,-296.278897,-347.002206,50.723308,44.27,,,,,
1530489600,2018-07-02 00:00:00,6360.82,6685.0,6271.62,6615.29,235524330.64865333,BTCUSD,-249.34029,-327.469823,78.129533,49.89,,,,,
1530576000,2018-07-03 00:00:00,6615.29,6679.35,6463.01,6513.86,254550438.13768885,BTCUSD,-217.814825,-305.538823,87.723998,47.86,,,,,
1530662400,2018-07-04 00:00:00,6511.01,6784.92,6441.11,6586.98,156277884.33011597,BTCUSD,-184.800232,-281.391105,96.590873,49.46,,,,,
1530748800,2018-07-05 00:00:00,6585.53,6712.0,6453.33,6529.2,230809190.3074052,BTCUSD,-161.437343,-257.400353,95.963009,48.2,,,,,
1530835200,2018-07-06 00:00:00,6529.2,6648.54,6425.0,6609.78,192230903.67599213,BTCUSD,-134.865309,-232.893344,98.028035,50.11,,,,,
1530921600,2018-07-07 00:00:00,6609.79,6818.16,6508.88,6756.98,158034155.17779145,BTCUSD,-100.767388,-206.468153,105.700765,53.49,,,,,
1531008000,2018-07-08 00:00:00,6753.48,6780.0,6667.44,6712.1,165941351.79836008,BTCUSD,-76.484317,-180.471386,103.987069,52.32,,,,,
1531094400,2018-07-09 00:00:00,6712.1,6802.06,6612.24,6662.12,179250573.66648534,BTCUSD,-60.574511,-156.492011,95.9175,50.99,,,,,
1531180800,2018-07-10 00:00:00,6662.78,6681.0,6263.0,6296.91,249099760.1897497,BTCUSD,-76.552817,-140.504172,63.951355,42.5,,,,,
1531267200,2018-07-11 00:00:00,6296.91,6406.0,6278.99,6378.07,182357469.02807087,BTCUSD,-81.724733,-128.748284,47.023551,44.7,,,,,
1531353600,2018-07-12 00:00:00,6378.07,6380.28,6070.0,6250.57,194325733.7875043,BTCUSD,-95.016409,-122.001909,26.9855,41.98,,,,,
1531440000,2018-07-13 00:00:00,6251.4,6350.0,6110.0,6214.57,164467999.80925834,BTCUSD,-107.219102,-119.045348,11.826246,41.22,,,,,
1531526400,2018-07-14 00:00:00,6214.57,6335.0,6178.0,6251.99,110959488.24719918,BTCUSD,-112.572675,-117.750813,5.178138,42.39,,,,,
1531612800,2018-07-15 00:00:00,6250.9,6395.0,6225.4,6353.01,145409822.7448766,BTCUSD,-107.425615,-115.685774,8.260159,45.55,,,,,
1531699200,2018-07-16 00:00:00,6354.15,6747.3,6330.4,6723.35,237104112.45049536,BTCUSD,-72.626003,-107.073819,34.447817,55.24,,,,,
1531785600,2018-07-17 00:00:00,6723.33,7468.99,6652.04,7317.44,364669305.0369064,BTCUSD,2.858093,-85.087437,87.94553,65.76,,,,,
1531872000,2018-07-18 00:00:00,7317.44,7588.08,7225.38,7381.9,440669913.2083524,BTCUSD,67.107591,-54.648431,121.756022,66.68,,,,,
1531958400,2018-07-19 00:00:00,7381.88,7576.28,7270.0,7466.21,305198281.13948625,BTCUSD,123.406342,-19.037477,142.443819,67.89,,,,,
1532044800,2018-07-20 00:00:00,7468.86,7700.0,7273.0,7337.53,342862693.0959096,BTCUSD,155.843639,15.938746,139.904892,64.06,,,,,
1532131200,2018-07-21 00:00:00,7337.47,7458.47,7211.0,7398.78,212126417.2287315,BTCUSD,184.367519,49.624501,134.743018,65.07,,,,,
1532217600,2018-07-22 00:00:00,7399.25,7582.4,7335.5,7394.79,225619234.83744207,BTCUSD,204.295944,80.55879,123.737154,64.94,,,,,
1532304000,2018-07-23 00:00:00,7394.78,7833.0,7375.0,7721.01,320156546.58240986,BTCUSD,243.604471,113.167926,130.436545,70.11,,,,,
1532390400,2018-07-24 00:00:00,7721.65,8486.0,7696.0,8397.24,487117211.68189824,BTCUSD,325.569904,155.648322,169.921583,77.51,,,,,
1532476800,2018-07-25 00:00:00,8397.24,8491.77,8050.0,8175.64,398119757.80385005,BTCUSD,368.400145,198.198686,170.201459,71.28,,,,,
1532563200,2018-07-26 00:00:00,8175.63,8315.69,7850.06,7920.0,352101207.6799552,BTCUSD,377.365375,234.032024,143.333351,64.81,,,,,
1532649600,2018-07-27 00:00:00,7920.0,8285.0,7805.0,8188.57,350881696.75270694,BTCUSD,401.513343,267.528288,133.985055,68.09,,,,,
1532736000,2018-07-28 00:00:00,8188.57,8246.54,8067.0,8225.04,214357817.0314018,BTCUSD,418.766328,297.775896,120.990432,68.52,,,,,
1532822400,2018-07-29 00:00:00,8225.04,8294.51,8115.0,8211.0,209564023.05224952,BTCUSD,426.391358,323.498988,102.89237,68.14,,,,,
1532908800,2018-07-30 00:00:00,8210.99,8273.0,7866.0,8173.92,321599782.180698,BTCUSD,424.548275,343.708845,80.839429,67.08,,,,,
1532995200,2018-07-31 00:00:00,8171.4,8180.0,7633.0,7730.93,379841367.2024023,BTCUSD,382.927873,351.552651,31.375222,55.92,,,,,
1533081600,2018-08-01 00:00:00,7735.67,7750.0,7430.0,7604.58,322252070.44348675,BTCUSD,335.876244,348.41737,-12.541126,53.2,,,,,
1533168000,2018-08-02 00:00:00,7600.08,7709.46,7455.72,7525.71,285656680.7015636,BTCUSD,288.893158,336.512527,-47.619369,51.52,,,,,
1533254400,2018-08-03 00:00:00,7525.71,7540.0,7282.44,7418.78,330599837.7285522,BTCUSD,240.26079,317.26218,-77.00139,49.24,,,,,
1533340800,2018-08-04 00:00:00,7412.27,7494.81,6926.0,7009.84,262282965.4857332,BTCUSD,166.798499,287.169444,-120.370945,41.66,,,,,
1533427200,2018-08-05 00:00:00,7009.84,7089.87,6882.29,7024.19,229992627.52322164,BTCUSD,108.486464,251.432848,-142.946384,42.0,,,,,
1533513600,2018-08-06 00:00:00,7024.19,7160.0,6821.0,6934.82,229071781.1153668,BTCUSD,54.434853,212.033249,-157.598396,40.43,,,,,
1533600000,2018-08-07 00:00:00,6935.0,7150.46,6670.0,6720.06,316365882.1031662,BTCUSD,-5.665467,168.493506,-174.158973,36.87,,,,,
1533686400,2018-08-08 00:00:00,6720.63,6721.54,6123.0,6285.0,382460776.49398136,BTCUSD,-87.39369,117.316066,-204.709756,30.93,,,,,
1533772800,2018-08-09 00:00:00,6283.27,6622.81,6178.6,6529.79,332880900.89059937,BTCUSD,-130.902426,67.672368,-198.574794,37.07,,,,,
1533859200,2018-08-10 00:00:00,6529.79,6575.88,6026.39,6144.01,374699380.94849145,BTCUSD,-194.273175,15.283259,-209.556434,32.21,,,,,
1533945600,2018-08-11 00:00:00,6148.13,6488.0,5971.0,6232.35,291056267.0892287,BTCUSD,-234.661617,-34.705716,-199.955901,34.33,,,,,
1534032000,2018-08-12 00:00:00,6222.55,6472.3,6130.0,6308.33,243227298.87942725,BTCUSD,-257.569695,-79.278512,-178.291183,36.19,,,,,
1534118400,2018-08-13 00:00:00,6308.56,6545.0,6145.04,6246.35,341552293.0073,BTCUSD,-277.526625,-118.928134,-158.59849,35.31,,,,,
1534204800,2018-08-14 00:00:00,6248.25,6250.33,5880.0,6188.08,303179556.3624503,BTCUSD,-294.648019,-154.072111,-140.575908,34.47,,,,,
1534291200,2018-08-15 00:00:00,6188.08,6609.0,6172.11,6267.16,439109005.4034304,BTCUSD,-298.396028,-182.936895,-115.459134,36.68,,,,,
1534377600,2018-08-16 00:00:00,6265.27,6480.0,6205.6,6311.75,307755605.1624039,BTCUSD,-294.374941,-205.224504,-89.150437,37.95,,,,,
1534464000,2018-08-17 00:00:00,6316.0,6585.0,6285.4,6584.49,374472431.7235812,BTCUSD,-266.11278,-217.402159,-48.710621,45.2,,,,,
1534550400,2018-08-18 00:00:00,6579.04,6620.0,6288.0,6387.96,345964004.3657212,BTCUSD,-256.615043,-225.244736,-31.370307,41.44,,,,,
1534636800,2018-08-19 00:00:00,6387.96,6541.0,6300.0,6477.53,289271954.5532653,BTCUSD,-239.104223,-228.016633,-11.08759,43.74,,,,,
1534723200,2018-08-20 00:00:00,6477.53,6530.0,6220.0,6254.84,317617945.7492608,BTCUSD,-240.42453,-230.498213,-9.926317,39.58,,,,,
1534809600,2018-08-21 00:00:00,6251.0,6500.0,6235.08,6480.0,265458342.7817206,BTCUSD,-220.757596,-228.550089,7.792493,45.25,,,,,
1534896000,2018-08-22 00:00:00,6479.98,6882.54,6251.2,6360.89,512501182.2029021,BTCUSD,-212.334926,-225.307057,12.972131,42.95,,,,,
1534982400,2018-08-23 00:00:00,6362.57,6576.99,6342.28,6525.01,259786384.55491504,BTCUSD,-190.224003,-218.290446,28.066443,46.95,,,,,
1535068800,2018-08-24 00:00:00,6525.0,6725.0,6440.5,6681.64,251513064.47447148,BTCUSD,-158.238135,-206.279984,48.041849,50.5,,,,,
1535155200,2018-08-25 00:00:00,6686.98,6789.0,6650.61,6733.64,129083702.47542232,BTCUSD,-127.22655,-190.469297,63.242747,51.66,,,,,
1535241600,2018-08-26 00:00:00,6733.64,6775.27,6568.0,6700.0,134117930.3957502,BTCUSD,-104.163381,-173.208114,69.044733,50.83,,,,,
1535328000,2018-08-27 00:00:00,6700.0,6940.51,6646.5,6908.64,254214730.3171242,BTCUSD,-68.263254,-152.219142,83.955888,55.6,,,,,
1535414400,2018-08-28 00:00:00,6907.26,7135.0,6860.0,7076.11,338220284.29016566,BTCUSD,-25.999014,-126.975116,100.976102,59.03,,,,,
1535500800,2018-08-29 00:00:00,7077.0,7133.81,6912.34,7031.22,304565438.4850058,BTCUSD,3.829311,-100.814231,104.643542,57.74,,,,,
1535587200,2018-08-30 00:00:00,7033.21,7063.63,6784.81,6984.84,309357226.58362526,BTCUSD,23.455613,-75.960262,99.415875,56.37,,,,,
1535673600,2018-08-31 00:00:00,6984.84,7089.0,6888.0,7011.21,282722730.0613196,BTCUSD,40.668635,-52.634483,93.303117,56.99,,,,,
1535760000,2018-09-01 00:00:00,7011.21,7275.0,7008.74,7200.01,287299347.7691456,BTCUSD,68.752129,-28.35716,97.109289,61.27,,,,,
1535846400,2018-09-02 00:00:00,7201.57,7345.45,7127.0,7302.01,288526018.71327895,BTCUSD,98.108118,-3.064105,101.172223,63.38,,,,,
1535932800,2018-09-03 00:00:00,7302.0,7338.28,7191.63,7263.02,235393601.4251404,BTCUSD,116.879471,20.92461,95.95486,61.99,,,,,
1536019200,2018-09-04 00:00:00,7263.0,7410.0,7227.17,7359.06,258978411.271086,BTCUSD,137.915722,44.322833,93.592889,64.08,,,,,
1536105600,2018-09-05 00:00:00,7359.05,7397.3,6682.0,6700.0,449463489.0579976,BTCUSD,100.250839,55.508434,44.742405,45.53,,,,,
1536192000,2018-09-06 00:00:00,6697.27,6725.0,6265.0,6516.01,390391932.2091176,BTCUSD,54.92159,55.391065,-0.469475,41.89,,,,,
1536278400,2018-09-07 00:00:00,6516.84,6544.0,6320.0,6395.54,250716129.9051897,BTCUSD,9.171192,46.147091,-36.975898,39.65,,,,,
1536364800,2018-09-08 00:00:00,6395.54,6478.0,6111.0,6185.05,241711345.37120345,BTCUSD,-43.568877,28.203897,-71.772774,36.03,,,,,
1536451200,2018-09-09 00:00:00,6185.06,6441.0,6141.53,6250.81,233583450.10542047,BTCUSD,-79.14712,6.733694,-85.880814,37.93,,,,,
1536537600,2018-09-10 00:00:00,6252.26,6373.98,6221.0,6312.0,204178349.9698747,BTCUSD,-101.238597,-14.860764,-86.377833,39.74,,,,,
1536624000,2018-09-11 00:00:00,6311.99,6404.0,6169.68,6294.91,208346648.80045933,BTCUSD,-118.756323,-35.639876,-83.116447,39.39,,,,,
1536710400,2018-09-12 00:00:00,6293.0,6360.0,6192.37,6338.62,197398009.0125667,BTCUSD,-127.640851,-54.040071,-73.60078,40.8,,,,,
1536796800,2018-09-13 00:00:00,6338.62,6535.0,6337.4,6487.38,260985165.19184464,BTCUSD,-121.280172,-67.488091,-53.792081,45.46,,,,,
1536883200,2018-09-14 00:00:00,6487.39,6584.99,6385.62,6476.63,241466662.6480057,BTCUSD,-115.772174,-77.144908,-38.627266,45.18,,,,,
1536969600,2018-09-15 00:00:00,6476.63,6565.45,6466.13,6514.96,164557841.0798692,BTCUSD,-107.079787,-83.131884,-23.947903,46.43,,,,,
1537056000,2018-09-16 00:00:00,6514.96,6524.62,6370.0,6505.0,178614079.15149954,BTCUSD,-99.843759,-86.474259,-13.3695,46.14,,,,,
1537142400,2018-09-17 00:00:00,6500.08,6533.84,6201.0,6248.69,228970700.7504221,BTCUSD,-113.483067,-91.87602,-21.607047,39.24,,,,,
1537228800,2018-09-18 00:00:00,6248.69,6390.0,6224.98,6336.45,205736329.40707865,BTCUSD,-115.875083,-96.675833,-19.19925,42.41,,,,,
1537315200,2018-09-19 00:00:00,6336.39,6517.7,6123.0,6391.89,247455364.5237956,BTCUSD,-112.006092,-99.741885,-12.264207,44.39,,,,,
1537401600,2018-09-20 00:00:00,6392.0,6540.0,6325.0,6492.0,161844271.63360685,BTCUSD,-99.712425,-99.735993,0.023568,47.87,,,,,
1537488000,2018-09-21 00:00:00,6492.0,6784.86,6491.0,6759.02,345746941.9999864,BTCUSD,-67.64357,-93.317508,25.673938,55.81,,,,,
1537574400,2018-09-22 00:00:00,6759.01,6839.03,6627.0,6723.05,197210670.89197847,BTCUSD,-44.616934,-83.577393,38.960459,54.61,,,,,
1537660800,2018-09-23 00:00:00,6723.05,6788.23,6661.75,6708.0,203479219.38640648,BTCUSD,-27.268237,-72.315562,45.047325,54.08,,,,,
1537747200,2018-09-24 00:00:00,6706.81,6730.0,6557.0,6581.39,234355999.54311827,BTCUSD,-23.465146,-62.545479,39.080332,49.73,,,,,
1537833600,2018-09-25 00:00:00,6581.42,6584.01,6325.02,6447.54,258927200.8310643,BTCUSD,-30.895601,-56.215503,25.319902,45.56,,,,,
1537920000,2018-09-26 00:00:00,6445.11,6557.99,6379.7,6465.12,216859675.30134344,BTCUSD,-34.962703,-51.964943,17.002241,46.2,,,,,
1538006400,2018-09-27 00:00:00,6467.84,6750.0,6434.0,6689.13,216914853.24175173,BTCUSD,-19.880999,-45.548154,25.667155,53.65,,,,,
1538092800,2018-09-28 00:00:00,6689.12,6814.8,6540.88,6634.58,283144987.50423056,BTCUSD,-12.189853,-38.876494,26.686641,51.77,,,,,
1538179200,2018-09-29 00:00:00,6634.58,6636.0,6464.57,6596.38,198424303.60660568,BTCUSD,-9.072403,-32.915676,23.843273,50.44,,,,,
1538265600,2018-09-30 00:00:00,6597.66,6662.0,6533.0,6626.57,183438992.37719536,BTCUSD,-4.118249,-27.15619,23.037941,51.5,,,,,
1538352000,2018-10-01 00:00:00,6626.57,6667.09,6510.0,6611.61,136115256.9683068,BTCUSD,-1.383248,-22.001602,20.618354,50.92,,,,,
1538438400,2018-10-02 00:00:00,6610.0,6640.0,6494.0,6525.79,185725492.2802391,BTCUSD,-6.070717,-18.815425,12.744708,47.59,,,,,
1538524800,2018-10-03 00:00:00,6525.79,6549.0,6430.0,6510.0,184622957.0249073,BTCUSD,-10.933655,-17.239071,6.305416,46.98,,,,,
1538611200,2018-10-04 00:00:00,6510.01,6643.46,6505.09,6593.79,132348680.67600606,BTCUSD,-7.934946,-15.378246,7.4433,50.59,,,,,
1538697600,2018-10-05 00:00:00,6591.69,6697.0,6543.08,6635.65,106264514.65757656,BTCUSD,-2.155844,-12.733766,10.577921,52.34,,,,,
1538784000,2018-10-06 00:00:00,6635.65,6651.0,6566.77,6594.27,72247942.41429408,BTCUSD,-0.904459,-10.367904,9.463445,50.44,,,,,
1538870400,2018-10-07 00:00:00,6596.44,6640.0,6525.0,6615.26,114489082.7536428,BTCUSD,1.760695,-7.942184,9.702879,51.4,,,,,
1538956800,2018-10-08 00:00:00,6615.26,6715.6,6587.0,6673.01,153704602.4302414,BTCUSD,8.435551,-4.666637,13.102188,54.05,,,,,
1539043200,2018-10-09 00:00:00,6673.01,6685.38,6607.0,6656.61,102115186.42882323,BTCUSD,12.260745,-1.281161,13.541906,53.16,,,,,
1539129600,2018-10-10 00:00:00,6656.67,6659.95,6530.0,6631.0,101609680.88217255,BTCUSD,13.075005,1.590072,11.484933,51.74,,,,,
1539216000,2018-10-11 00:00:00,6630.21,6633.92,6205.0,6252.68,308153124.4458242,BTCUSD,-16.615418,-2.051026,-14.564392,36.28,,,,,
1539302400,2018-10-12 00:00:00,6252.71,6360.0,6209.0,6298.01,183030273.0112748,BTCUSD,-36.071727,-8.855166,-27.216561,38.64,,,,,
1539388800,2018-10-13 00:00:00,6298.0,6345.0,6285.07,6332.93,120728650.99596693,BTCUSD,-48.118559,-16.707845,-31.410715,40.48,,,,,
1539475200,2018-10-14 00:00:00,6332.92,6416.0,6308.0,6339.34,99527294.08483064,BTCUSD,-56.497262,-24.665728,-31.831534,40.83,,,,,
1539561600,2018-10-15 00:00:00,6339.34,7680.0,6300.0,6752.5,627984505.5555727,BTCUSD,-29.459297,-25.624442,-3.834855,57.96,,,,,
1539648000,2018-10-16 00:00:00,6752.5,6900.0,6670.0,6759.27,186122772.22286084,BTCUSD,-7.39993,-21.97954,14.579609,58.18,,,,,
1539734400,2018-10-17 00:00:00,6762.76,6811.12,6676.01,6740.89,179641733.16423723,BTCUSD,8.501168,-15.883398,24.384566,57.32,,,,,
1539820800,2018-10-18 00:00:00,6739.01,6796.0,6567.0,6618.96,134777360.1544343,BTCUSD,11.135804,-10.479558,21.615362,51.89,,,,,
1539907200,2018-10-19 00:00:00,6618.96,6648.14,6523.0,6528.88,136686215.6690547,BTCUSD,5.887205,-7.206205,13.09341,48.26,,,,,
1539993600,2018-10-20 00:00:00,6528.88,6617.65,6505.55,6588.4,126325797.49570584,BTCUSD,6.455999,-4.473764,10.929763,50.71,,,,,
1540080000,2018-10-21 00:00:00,6585.72,6663.9,6580.0,6590.11,43146401.58918715,BTCUSD,6.964472,-2.186117,9.150589,50.79,,,,,
1540166400,2018-10-22 00:00:00,6590.12,6639.0,6535.27,6581.2,106815019.55165032,BTCUSD,6.572712,-0.434351,7.007063,50.37,,,,,
1540252800,2018-10-23 00:00:00,6581.2,6595.0,6515.45,6553.51,90969791.0251596,BTCUSD,3.981986,0.448916,3.53307,49.03,,,,,
1540339200,2018-10-24 00:00:00,6553.51,6630.0,6547.53,6565.5,78795617.02141578,BTCUSD,2.863304,0.931794,1.93151,49.66,,,,,
1540425600,2018-10-25 00:00:00,6566.81,6575.09,6502.8,6528.09,67691945.44596253,BTCUSD,-1.030061,0.539423,-1.569484,47.69,,,,,
1540512000,2018-10-26 00:00:00,6528.13,6600.0,6515.01,6538.63,61792487.79642334,BTCUSD,-3.227881,-0.214038,-3.013843,48.31,,,,,
1540598400,2018-10-27 00:00:00,6538.63,6558.35,6463.04,6505.6,50667220.04441258,BTCUSD,-7.547907,-1.680812,-5.867095,46.45,,,,,
1540684800,2018-10-28 00:00:00,6505.6,6514.17,6453.0,6489.93,37298357.26271342,BTCUSD,-12.096555,-3.76396,-8.332595,45.56,,,,,
1540771200,2018-10-29 00:00:00,6489.93,6505.01,6315.0,6344.5,88484721.03624511,BTCUSD,-27.123712,-8.435911,-18.687801,38.2,,,,,
1540857600,2018-10-30 00:00:00,6344.5,6395.0,6317.01,6330.87,56393439.18288881,BTCUSD,-39.675317,-14.683792,-24.991525,37.58,,,,,
1540944000,2018-10-31 00:00:00,6330.01,6428.0,6245.02,6371.93,76970488.28166042,BTCUSD,-45.781613,-20.903356,-24.878257,40.67,,,,,
1541030400,2018-11-01 00:00:00,6369.52,6442.65,6348.66,6410.0,58031686.8315247,BTCUSD,-47.007097,-26.124104,-20.882993,43.47,,,,,
1541116800,2018-11-02 00:00:00,6410.0,6460.34,6388.2,6433.98,62589428.22024873,BTCUSD,-45.518607,-30.003005,-15.515602,45.22,,,,,
1541203200,2018-11-03 00:00:00,6432.8,6439.97,6345.0,6387.09,48934237.93991929,BTCUSD,-47.574193,-33.517242,-14.056951,42.45,,,,,
1541289600,2018-11-04 00:00:00,6388.0,6525.0,6359.0,6485.85,68169573.18695,BTCUSD,-40.764248,-34.966644,-5.797605,49.46,,,,,
1541376000,2018-11-05 00:00:00,6485.85,6504.39,6431.02,6468.99,58127213.13931594,BTCUSD,-36.309229,-35.235161,-1.074068,48.38,,,,,
1541462400,2018-11-06 00:00:00,6468.99,6531.31,6445.18,6519.11,77336101.18719475,BTCUSD,-28.406872,-33.869503,5.462631,51.76,,,,,
1541548800,2018-11-07 00:00:00,6522.73,6615.15,6509.0,6578.46,93820576.63463956,BTCUSD,-17.157369,-30.527076,13.369707,55.48,,,,,
1541635200,2018-11-08 00:00:00,6578.46,6594.0,6468.22,6479.84,86450363.67835227,BTCUSD,-16.015252,-27.624711,11.609459,48.75,,,,,
1541721600,2018-11-09 00:00:00,6479.84,6511.53,6391.01,6419.99,75997777.50255908,BTCUSD,-19.712281,-26.042225,6.329944,45.17,,,,,
1541808000,2018-11-10 00:00:00,6419.99,6475.55,6411.0,6433.05,49745307.64123968,BTCUSD,-21.342348,-25.10225,3.759902,46.1,,,,,
1541894400,2018-11-11 00:00:00,6435.16,6462.14,6355.0,6449.81,52709099.31784609,BTCUSD,-21.039269,-24.289654,3.250385,47.34,,,,,
1541980800,2018-11-12 00:00:00,6450.71,6497.0,6421.0,6453.07,65390882.14088421,BTCUSD,-20.301993,-23.492122,3.190129,47.59,,,,,
1542067200,2018-11-13 00:00:00,6451.68,6498.0,6391.15,6457.66,76142983.15196352,BTCUSD,-19.12684,-22.619065,3.492226,47.97,,,,,
1542153600,2018-11-14 00:00:00,6458.98,6482.84,5656.87,5922.41,279632622.8943677,BTCUSD,-60.686171,-30.232486,-30.453685,25.2,,,,,
1542240000,2018-11-15 00:00:00,5917.2,5939.54,5403.42,5753.4,270133503.66131264,BTCUSD,-106.0376,-45.393509,-60.644091,21.7,,,,,
1542326400,2018-11-16 00:00:00,5757.09,5782.89,5549.25,5655.94,219097215.966752,BTCUSD,-148.135528,-65.941913,-82.193615,19.98,,,,,
1542412800,2018-11-17 00:00:00,5650.57,5656.6,5565.43,5628.29,148072393.10210443,BTCUSD,-181.635778,-89.080686,-92.555092,19.5,,,,,
1542499200,2018-11-18 00:00:00,5630.49,5738.17,5617.0,5662.0,134893236.9862243,BTCUSD,-203.123373,-111.889223,-91.23415,21.93,,,,,
1542585600,2018-11-19 00:00:00,5661.94,5664.0,4855.0,4910.03,368688743.45440894,BTCUSD,-277.629798,-145.037338,-132.59246,12.72,,,,,
1542672000,2018-11-20 00:00:00,4913.4,5048.24,4326.0,4558.86,548036628.7293574,BTCUSD,-360.853466,-188.200564,-172.652902,10.5,,,,,
1542758400,2018-11-21 00:00:00,4559.91,4787.2,4413.85,4661.07,281264433.4846592,BTCUSD,-413.791401,-233.318731,-180.472669,15.14,,,,,
1542844800,2018-11-22 00:00:00,4661.08,4721.77,4335.0,4370.0,157459733.72414753,BTCUSD,-473.770678,-281.409121,-192.361557,13.06,,,,,
1542931200,2018-11-23 00:00:00,4370.9,4484.0,4222.94,4420.61,215283656.1153948,BTCUSD,-511.326628,-327.392622,-183.934006,15.24,,,,,
1543017600,2018-11-24 00:00:00,4415.63,4527.0,3824.69,3932.44,258702927.69916424,BTCUSD,-573.866058,-376.687309,-197.178749,12.09,,,,,
1543104000,2018-11-25 00:00:00,3933.68,4233.0,3652.66,4085.78,398253568.5292384,BTCUSD,-604.092152,-422.168278,-181.923874,17.83,,,,,
1543190400,2018-11-26 00:00:00,4088.69,4206.0,3701.0,3862.2,373230308.2847775,BTCUSD,-638.724765,-465.479575,-173.24519,16.17,,,,,
1543276800,2018-11-27 00:00:00,3864.45,3940.0,3689.12,3875.21,257593168.12182525,BTCUSD,-657.541829,-503.892026,-153.649803,16.66,,,,,
1543363200,2018-11-28 00:00:00,3875.63,4394.47,3874.27,4264.85,382697308.297627,BTCUSD,-633.708796,-529.85538,-103.853416,29.78,,,,,
1543449600,2018-11-29 00:00:00,4262.06,4450.38,4125.65,4295.84,316809038.40988266,BTCUSD,-605.342302,-544.952764,-60.389538,30.71,,,,,
1543536000,2018-11-30 00:00:00,4295.72,4341.36,3943.0,4041.32,278810574.935784,BTCUSD,-596.522943,-555.2668,-41.256143,27.48,,,,,
1543622400,2018-12-01 00:00:00,4041.27,4299.99,3963.01,4190.02,186157614.3155972,BTCUSD,-570.953098,-558.40406,-12.549039,31.98,,,,,
1543708800,2018-12-02 00:00:00,4190.98,4312.99,4103.04,4161.01,162917339.00647366,BTCUSD,-546.727344,-556.068717,9.341372,31.57,,,,,
1543795200,2018-12-03 00:00:00,4160.55,4179.0,3827.0,3884.01,195055919.54337287,BTCUSD,-543.613408,-553.577655,9.964247,27.88,,,,,
1543881600,2018-12-04 00:00:00,3884.76,4085.0,3781.0,3951.64,191673423.706266,BTCUSD,-529.583703,-548.778865,19.195161,30.03,,,,,
1543968000,2018-12-05 00:00:00,3950.98,3970.0,3745.0,3769.84,169404368.19157183,BTCUSD,-527.059192,-544.43493,17.375738,27.64,,,,,
1544054400,2018-12-06 00:00:00,3768.44,3899.99,3500.0,3508.75,254722331.4949405,BTCUSD,-539.902618,-543.528468,3.625849,24.62,,,,,
1544140800,2018-12-07 00:00:00,3508.75,3549.99,3224.6,3403.55,322364604.2802089,BTCUSD,-552.204418,-545.263658,-6.94076,23.5,,,,,
1544227200,2018-12-08 00:00:00,3403.57,3495.0,3222.0,3410.93,187909876.2489473,BTCUSD,-554.960935,-547.203113,-7.757821,23.76,,,,,
1544313600,2018-12-09 00:00:00,3411.36,3658.0,3394.04,3545.37,161618597.82859048,BTCUSD,-540.071699,-545.77683,5.705131,28.55,,,,,
1544400000,2018-12-10 00:00:00,3548.49,3610.0,3370.11,3432.88,142507933.07357892,BTCUSD,-531.225241,-542.866512,11.641271,27.02,,,,,
1544486400,2018-12-11 00:00:00,3434.01,3480.0,3324.32,3380.39,121841475.29281934,BTCUSD,-522.427644,-538.778739,16.351095,26.31,,,,,
1544572800,2018-12-12 00:00:00,3379.23,3492.0,3350.0,3445.0,116227185.79240072,BTCUSD,-504.427273,-531.908446,27.481172,28.79,,,,,
1544659200,2018-12-13 00:00:00,3446.38,3460.0,3255.5,3302.06,134817053.72748312,BTCUSD,-495.978581,-524.722473,28.743891,26.65,,,,,
1544745600,2018-12-14 00:00:00,3302.06,3335.39,3177.0,3224.17,145101409.49359843,BTCUSD,-489.920506,-517.762079,27.841574,25.54,,,,,
1544832000,2018-12-15 00:00:00,3225.19,3276.5,3156.26,3211.72,95588793.64058843,BTCUSD,-480.584173,-510.326498,29.742325,25.36,,,,,
1544918400,2018-12-16 00:00:00,3211.71,3294.0,3186.0,3228.67,80068159.40481837,BTCUSD,-466.440502,-501.549299,35.108797,26.13,,,,,
1545004800,2018-12-17 00:00:00,3229.22,3585.0,3216.0,3509.08,228758085.6184612,BTCUSD,-427.674829,-486.774405,59.099576,37.61,,,,,
1545091200,2018-12-18 00:00:00,3509.03,3678.59,3424.47,3652.98,216563775.025232,BTCUSD,-380.949873,-465.609499,84.659625,42.55,,,,,
1545177600,2018-12-19 00:00:00,3653.0,3912.73,3622.55,3662.22,352638213.53853136,BTCUSD,-339.263599,-440.340319,101.07672,42.86,,,,,
1545264000,2018-12-20 00:00:00,3660.01,4120.0,3635.0,4049.62,399967057.78281647,BTCUSD,-271.833457,-406.638946,134.80549,54.13,,,,,
1545350400,2018-12-21 00:00:00,4051.86,4139.99,3764.0,3838.66,325803279.9626696,BTCUSD,-232.734474,-371.858052,139.123578,48.52,,,,,
1545436800,2018-12-22 00:00:00,3840.25,3979.0,3785.0,3948.91,165085567.58556616,BTCUSD,-190.654252,-335.617292,144.96304,51.36,,,,,
1545523200,2018-12-23 00:00:00,3948.91,4021.53,3870.0,3929.71,158756356.8176238,BTCUSD,-157.044342,-299.902702,142.85836,50.83,,,,,
1545609600,2018-12-24 00:00:00,3929.71,4198.0,3924.83,4008.01,264628967.0659108,BTCUSD,-122.675959,-264.457353,141.781394,52.95,,,,,
1545696000,2018-12-25 00:00:00,4010.11,4020.0,3646.41,3745.79,235584302.95256105,BTCUSD,-115.268981,-234.619679,119.350698,45.84,,,,,
1545782400,2018-12-26 00:00:00,3745.56,3837.15,3656.74,3777.74,159705204.50415567,BTCUSD,-105.603469,-208.816437,103.212968,46.77,,,,,
1545868800,2018-12-27 00:00:00,3777.74,3813.98,3535.0,3567.91,161915849.87310502,BTCUSD,-113.565891,-189.766328,76.200436,41.67,,,,,
1545955200,2018-12-28 00:00:00,3567.89,3887.25,3540.04,3839.26,170638519.2472785,BTCUSD,-96.863904,-171.185843,74.321939,49.36,,,,,
1546041600,2018-12-29 00:00:00,3839.0,3892.0,3670.0,3695.32,148205200.1077372,BTCUSD,-94.156833,-155.780041,61.623208,45.91,,,,,
1546128000,2018-12-30 00:00:00,3696.71,3903.5,3657.9,3801.91,124966229.52022897,BTCUSD,-82.45999,-141.116031,58.656041,48.77,,,,,
1546214400,2018-12-31 00:00:00,3803.12,3810.0,3630.33,3702.9,111847216.11708207,BTCUSD,-80.254315,-128.943688,48.689372,46.32,,,,,
1546300800,2019-01-01 00:00:00,3701.23,3810.16,3642.0,3797.14,88149249.09230462,BTCUSD,-70.093923,-117.173735,47.079812,48.95,,,,,
1546387200,2019-01-02 00:00:00,3796.45,3882.14,3750.45,3858.56,133876627.2465106,BTCUSD,-56.435109,-105.02601,48.590901,50.65,,,,,
1546473600,2019-01-03 00:00:00,3857.57,3862.74,3730.0,3766.78,111657372.69526468,BTCUSD,-52.412105,-94.503229,42.091123,48.07,,,,,
1546560000,2019-01-04 00:00:00,3767.2,3823.64,3703.57,3792.01,111034550.64066195,BTCUSD,-46.650241,-84.932631,38.28239,48.84,,,,,
1546646400,2019-01-05 00:00:00,3790.09,3840.99,3751.0,3770.96,115893501.27515878,BTCUSD,-43.283535,-76.602812,33.319277,48.2,,,,,
1546732800,2019-01-06 00:00:00,3771.12,4027.71,3740.0,3987.6,142198812.18914708,BTCUSD,-22.87072,-65.856394,42.985674,54.78,,,,,
1546819200,2019-01-07 00:00:00,3987.62,4017.9,3921.53,3975.45,126830380.4928724,BTCUSD,-7.586369,-54.202389,46.616019,54.37,,,,,
1546905600,2019-01-08 00:00:00,3976.76,4069.8,3903.0,3955.13,154778846.54236615,BTCUSD,2.854035,-42.791104,45.645139,53.63,,,,,
1546992000,2019-01-09 00:00:00,3955.45,4006.81,3930.04,3966.65,115218950.31554872,BTCUSD,11.920289,-31.848826,43.769114,54.01,,,,,
1547078400,2019-01-10 00:00:00,3966.06,3996.01,3540.0,3585.88,221789348.03469807,BTCUSD,-11.48718,-27.776496,16.289317,41.81,,,,,
1547164800,2019-01-11 00:00:00,3585.88,3658.0,3465.0,3601.31,137560743.6248598,BTCUSD,-28.464573,-27.914112,-0.550461,42.38,,,,,
1547251200,2019-01-12 00:00:00,3601.31,3618.19,3530.0,3583.13,78908770.67658037,BTCUSD,-42.891823,-30.909654,-11.982169,41.86,,,,,
1547337600,2019-01-13 00:00:00,3584.1,3611.1,3441.3,3476.81,92882249.46737902,BTCUSD,-62.187797,-37.165283,-25.022514,38.87,,,,,
1547424000,2019-01-14 00:00:00,3477.56,3671.87,3467.02,3626.09,125631820.06705056,BTCUSD,-64.688655,-42.669957,-22.018698,44.83,,,,,
1547510400,2019-01-15 00:00:00,3626.08,3648.42,3516.62,3553.06,122785440.2288754,BTCUSD,-71.73658,-48.483282,-23.253298,42.64,,,,,
1547596800,2019-01-16 00:00:00,3553.06,3645.0,3543.51,3591.84,98504455.20666537,BTCUSD,-73.347386,-53.456103,-19.891283,44.2,,,,,
1547683200,2019-01-17 00:00:00,3591.84,3634.7,3530.39,3616.21,106709136.97324342,BTCUSD,-71.8295,-57.130782,-14.698718,45.21,,,,,
1547769600,2019-01-18 00:00:00,3613.32,3620.0,3565.75,3594.87,81699723.54479145,BTCUSD,-71.52404,-60.009434,-11.514606,44.45,,,,,
1547856000,2019-01-19 00:00:00,3594.87,3720.0,3594.23,3665.3,81354185.90325992,BTCUSD,-64.851283,-60.977804,-3.873479,47.58,,,,,
1547942400,2019-01-20 00:00:00,3665.75,3693.73,3475.0,3539.28,99767239.95381454,BTCUSD,-68.937171,-62.569677,-6.367494,42.93,,,,,
1548028800,2019-01-21 00:00:00,3539.26,3559.51,3475.5,3526.9,69316548.76685554,BTCUSD,-72.340335,-64.523809,-7.816526,42.49,,,,,
1548115200,2019-01-22 00:00:00,3526.88,3608.5,3434.85,3570.93,103804480.11605988,BTCUSD,-70.669875,-65.753022,-4.916853,44.66,,,,,
1548201600,2019-01-23 00:00:00,3570.41,3607.98,3514.5,3552.82,88816396.34583545,BTCUSD,-70.000428,-66.602503,-3.397925,43.92,,,,,
1548288000,2019-01-24 00:00:00,3552.97,3589.0,3529.22,3569.62,74037052.86632736,BTCUSD,-67.338036,-66.74961,-0.588426,44.83,,,,,
1548374400,2019-01-25 00:00:00,3569.07,3587.15,3522.51,3565.29,62634926.45524528,BTCUSD,-64.830145,-66.365717,1.535572,44.63,,,,,
1548460800,2019-01-26 00:00:00,3566.69,3662.94,3545.0,3565.25,69841766.64693148,BTCUSD,-62.129658,-65.518505,3.388847,44.63,,,,,
1548547200,2019-01-27 00:00:00,3565.62,3579.0,3486.0,3550.84,80743416.84653682,BTCUSD,-60.455378,-64.50588,4.050502,43.87,,,,,
1548633600,2019-01-28 00:00:00,3550.05,3557.75,3380.27,3434.15,139258708.7643088,BTCUSD,-67.763273,-65.157358,-2.605915,38.22,,,,,
1548720000,2019-01-29 00:00:00,3434.0,3443.45,3349.92,3411.04,100542807.46479908,BTCUSD,-74.560134,-67.037914,-7.522221,37.2,,,,,
1548806400,2019-01-30 00:00:00,3410.04,3478.0,3387.1,3458.18,82521122.86191754,BTCUSD,-75.275166,-68.685364,-6.589802,40.68,,,,,
1548892800,2019-01-31 00:00:00,3457.5,3489.2,3418.8,3434.1,101928346.97699684,BTCUSD,-76.898452,-70.327982,-6.57047,39.48,,,,,
1548979200,2019-02-01 00:00:00,3434.1,3488.0,3401.2,3462.07,87075914.2326683,BTCUSD,-75.062696,-71.274924,-3.787771,41.64,,,,,
1549065600,2019-02-02 00:00:00,3462.2,3526.4,3440.29,3504.77,62134037.97539881,BTCUSD,-69.362742,-70.892488,1.529746,44.88,,,,,
1549152000,2019-02-03 00:00:00,3504.06,3511.09,3426.0,3458.11,68801620.06241606,BTCUSD,-67.828673,-70.279725,2.451052,42.13,,,,,
1549238400,2019-02-04 00:00:00,3458.11,3484.88,3433.31,3463.22,80024258.22766612,BTCUSD,-65.446156,-69.313011,3.866855,42.54,,,,,
1549324800,2019-02-05 00:00:00,3463.22,3478.97,3448.43,3471.59,87491347.06381486,BTCUSD,-62.165994,-67.883608,5.717614,43.26,,,,,
1549411200,2019-02-06 00:00:00,3471.57,3482.72,3380.0,3405.37,120500703.0051573,BTCUSD,-64.170129,-67.140912,2.970783,39.1,,,,,
1549497600,2019-02-07 00:00:00,3407.0,3426.45,3390.0,3398.4,63611505.78657223,BTCUSD,-65.565048,-66.825739,1.260691,38.68,,,,,
1549584000,2019-02-08 00:00:00,3398.4,3733.58,3373.1,3659.04,170118212.46197885,BTCUSD,-45.118958,-62.484383,17.365425,57.25,,,,,
1549670400,2019-02-09 00:00:00,3660.27,3680.02,3625.13,3665.18,90488500.0676624,BTCUSD,-28.095966,-55.606699,27.510734,57.57,,,,,
1549756800,2019-02-10 00:00:00,3665.18,3684.99,3609.76,3680.06,84696423.96233752,BTCUSD,-13.251673,-47.135694,33.884021,58.4,,,,,
1549843200,2019-02-11 00:00:00,3679.75,3684.9,3615.53,3631.05,90731831.90427426,BTCUSD,-5.380142,-38.784584,33.404442,54.62,,,,,
1549929600,2019-02-12 00:00:00,3631.05,3667.6,3582.34,3631.46,106766439.99436474,BTCUSD,0.881031,-30.851461,31.732491,54.65,,,,,
1550016000,2019-02-13 00:00:00,3631.51,3670.0,3591.75,3609.4,93350740.94830574,BTCUSD,4.016695,-23.87783,27.894525,52.86,,,,,
1550102400,2019-02-14 00:00:00,3608.34,3626.4,3568.11,3590.56,78367545.57945932,BTCUSD,4.924732,-18.117317,23.042049,51.32,,,,,
1550188800,2019-02-15 00:00:00,3590.57,3653.23,3573.45,3602.47,74938358.18352868,BTCUSD,6.53012,-13.18783,19.71795,52.27,,,,,
1550275200,2019-02-16 00:00:00,3602.49,3648.2,3597.91,3618.41,70894921.80761532,BTCUSD,8.985053,-8.753253,17.738306,53.57,,,,,
1550361600,2019-02-17 00:00:00,3617.22,3700.11,3604.4,3667.58,93426433.13226132,BTCUSD,14.728432,-4.056916,18.785348,57.43,,,,,
1550448000,2019-02-18 00:00:00,3667.62,3925.0,3655.0,3898.6,242898012.769226,BTCUSD,37.489331,4.252333,33.236998,70.04,,,,,
1550534400,2019-02-19 00:00:00,3897.35,3994.52,3856.0,3907.79,197091641.0474,BTCUSD,55.627821,14.527431,41.10039,70.41,,,,,
1550620800,2019-02-20 00:00:00,3907.35,3986.98,3870.66,3969.74,142571564.56112987,BTCUSD,74.146834,26.451312,47.695522,72.88,,,,,
1550707200,2019-02-21 00:00:00,3969.74,4016.48,3901.03,3937.31,122714273.87417652,BTCUSD,85.224045,38.205858,47.018187,69.61,,,,,
1550793600,2019-02-22 00:00:00,3937.31,3988.0,3926.65,3962.0,94739322.74557024,BTCUSD,94.90113,49.544913,45.356218,70.68,,,,,
1550880000,2019-02-23 00:00:00,3962.0,4162.02,3933.15,4117.76,135782959.41827348,BTCUSD,113.826697,62.40127,51.425428,76.38,,,,,
1550966400,2019-02-24 00:00:00,4118.0,4198.0,3712.66,3743.56,244146803.51887,BTCUSD,97.506538,69.422323,28.084215,50.83,,,,,
1551052800,2019-02-25 00:00:00,3743.56,3872.66,3740.0,3827.92,145285565.2031707,BTCUSD,90.338475,73.605554,16.732922,54.52,,,,,
1551139200,2019-02-26 00:00:00,3828.44,3841.51,3777.0,3809.23,109932596.10609365,BTCUSD,82.202033,75.32485,6.877184,53.56,,,,,
1551225600,2019-02-27 00:00:00,3809.31,3838.85,3677.17,3818.07,119564023.12004228,BTCUSD,75.595738,75.379027,0.216711,53.98,,,,,
1551312000,2019-02-28 00:00:00,3818.04,3888.0,3763.87,3813.69,124703738.39336836,BTCUSD,69.208974,74.145017,-4.936043,53.72,,,,,
1551398400,2019-03-01 00:00:00,3814.26,3857.0,3813.01,3823.0,88851336.5211179,BTCUSD,64.159071,72.147827,-7.988757,54.22,,,,,
1551484800,2019-03-02 00:00:00,3822.17,3841.31,3772.25,3819.93,74175357.77882297,BTCUSD,59.226536,69.563569,-10.337033,54.01,,,,,
1551571200,2019-03-03 00:00:00,3819.97,3835.0,3781.32,3807.75,63791898.99159701,BTCUSD,53.715444,66.393944,-12.6785,53.15,,,,,
1551657600,2019-03-04 00:00:00,3807.32,3830.0,3670.69,3715.3,129739738.23815794,BTCUSD,41.410567,61.397269,-19.986702,47.04,,,,,
1551744000,2019-03-05 00:00:00,3716.1,3877.1,3703.55,3857.73,124945530.76214452,BTCUSD,42.660016,57.649818,-14.989803,55.53,,,,,
1551830400,2019-03-06 00:00:00,3857.58,3907.0,3813.09,3861.84,95417637.5889866,BTCUSD,43.480637,54.815982,-11.335345,55.75,,,,,
1551916800,2019-03-07 00:00:00,3861.84,3905.4,3840.4,3873.64,102585458.38333896,BTCUSD,44.56938,52.766661,-8.197282,56.41,,,,,
1552003200,2019-03-08 00:00:00,3873.63,3932.0,3800.0,3864.89,135000852.01035947,BTCUSD,44.216464,51.056622,-6.840158,55.74,,,,,
1552089600,2019-03-09 00:00:00,3864.88,3971.75,3854.75,3943.04,121353606.96803357,BTCUSD,49.67026,50.779349,-1.10909,60.29,,,,,
1552176000,2019-03-10 00:00:00,3943.43,3943.43,3881.69,3916.82,90693949.72150733,BTCUSD,51.28551,50.880581,0.404928,58.13,,,,,
1552262400,2019-03-11 00:00:00,3915.99,3936.98,3830.0,3871.61,147721971.09446937,BTCUSD,48.360073,50.37648,-2.016407,54.51,,,,,
1552348800,2019-03-12 00:00:00,3871.61,3905.2,3826.06,3882.73,104393849.44844826,BTCUSD,46.404018,49.581987,-3.17797,55.25,,,,,
1552435200,2019-03-13 00:00:00,3882.69,3893.56,3840.0,3866.0,94680049.46033752,BTCUSD,43.008088,48.267208,-5.259119,53.83,,,,,
1552521600,2019-03-14 00:00:00,3866.0,3920.0,3810.43,3877.12,104673038.77602254,BTCUSD,40.744405,46.762647,-6.018242,54.66,,,,,
1552608000,2019-03-15 00:00:00,3877.12,3939.22,3872.2,3923.76,84919900.71744472,BTCUSD,42.227109,45.855539,-3.62843,58.08,,,,,
1552694400,2019-03-16 00:00:00,3924.46,4056.98,3921.98,4005.98,114227606.40681696,BTCUSD,49.466413,46.577714,2.888698,63.32,,,,,
1552780800,2019-03-17 00:00:00,4005.98,4012.0,3950.01,3981.14,74893913.05776027,BTCUSD,52.592973,47.780766,4.812207,60.84,,,,,
1552867200,2019-03-18 00:00:00,3981.85,4037.0,3953.33,3987.81,89526258.38910636,BTCUSD,54.975287,49.21967,5.755617,61.28,,,,,
1552953600,2019-03-19 00:00:00,3987.83,4031.0,3970.0,4015.53,79503748.36263466,BTCUSD,58.426555,51.061047,7.365508,63.13,,,,,
1553040000,2019-03-20 00:00:00,4017.48,4050.0,3980.5,4043.04,94019734.23326428,BTCUSD,62.659241,53.380686,9.278555,64.91,,,,,
1553126400,2019-03-21 00:00:00,4043.04,4069.32,3880.01,3980.64,144010401.50845116,BTCUSD,60.283604,54.761269,5.522335,58.04,,,,,
1553212800,2019-03-22 00:00:00,3980.85,4008.0,3968.25,3986.93,79861943.8108997,BTCUSD,58.237124,55.45644,2.780684,58.52,,,,,
1553299200,2019-03-23 00:00:00,3987.89,4018.83,3978.01,4006.01,69169819.8628637,BTCUSD,57.492137,55.86358,1.628557,60.0,,,,,
1553385600,2019-03-24 00:00:00,4006.01,4006.02,3950.0,3992.18,68524082.74695624,BTCUSD,55.150028,55.720869,-0.570841,58.37,,,,,
1553472000,2019-03-25 00:00:00,3991.35,3999.3,3888.71,3936.12,131507366.37512892,BTCUSD,48.21453,54.219602,-6.005071,52.18,,,,,
1553558400,2019-03-26 00:00:00,3935.47,3958.98,3894.0,3948.55,115330070.99071544,BTCUSD,43.222849,52.020251,-8.797402,53.36,,,,,
1553644800,2019-03-27 00:00:00,3948.77,4048.0,3936.15,4038.05,129681258.0162135,BTCUSD,45.95902,50.808005,-4.848985,60.86,,,,,
1553731200,2019-03-28 00:00:00,4039.58,4039.7,4002.0,4027.81,80822230.57984656,BTCUSD,46.762129,49.99883,-3.236701,59.68,,,,,
1553817600,2019-03-29 00:00:00,4028.22,4123.71,4024.03,4103.25,122585822.5865048,BTCUSD,52.876449,50.574354,2.302095,65.06,,,,,
1553904000,2019-03-30 00:00:00,4104.24,4140.0,4052.0,4106.97,79853835.581824,BTCUSD,57.361042,51.931691,5.429351,65.31,,,,,
1553990400,2019-03-31 00:00:00,4106.99,4116.12,4082.57,4103.95,55472147.12701675,BTCUSD,59.980014,53.541356,6.438658,64.91,,,,,
1554076800,2019-04-01 00:00:00,4102.44,4158.7,4067.0,4144.56,105388238.14788891,BTCUSD,64.587926,55.75067,8.837256,67.76,,,,,
1554163200,2019-04-02 00:00:00,4144.54,4897.99,4140.54,4857.29,489018726.75750667,BTCUSD,124.318023,69.46414,54.853882,87.3,,,,,
1554249600,2019-04-03 00:00:00,4857.19,5275.01,4753.5,4932.6,548900970.9178842,BTCUSD,175.706013,90.712515,84.993498,88.12,,,,,
1554336000,2019-04-04 00:00:00,4932.59,5039.08,4777.0,4898.66,301411332.0090243,BTCUSD,211.257447,114.821501,96.435946,85.44,,,,,
1554422400,2019-04-05 00:00:00,4898.64,5028.22,4880.62,5004.95,197660830.71096665,BTCUSD,245.182616,140.893724,104.288892,86.79,,,,,
1554508800,2019-04-06 00:00:00,5004.96,5205.0,4928.59,5043.89,210963411.61313188,BTCUSD,272.074386,167.129857,104.94453,87.26,,,,,
1554595200,2019-04-07 00:00:00,5042.07,5234.0,5026.0,5170.27,192916750.5719041,BTCUSD,300.124469,193.728779,106.39569,88.66,,,,,
1554681600,2019-04-08 00:00:00,5170.27,5305.0,5039.0,5236.9,260487077.7675668,BTCUSD,323.996022,219.782228,104.213794,89.33,,,,,
1554768000,2019-04-09 00:00:00,5238.38,5238.4,5076.68,5150.0,175633627.31637353,BTCUSD,332.074349,242.240652,89.833697,82.52,,,,,
1554854400,2019-04-10 00:00:00,5150.0,5422.0,5135.0,5308.25,210870034.51205528,BTCUSD,347.243131,263.241148,84.001983,84.79,,,,,
1554940800,2019-04-11 00:00:00,5307.86,5332.67,4927.0,5017.37,277736905.85749793,BTCUSD,331.966216,276.986161,54.980054,67.43,,,,,
1555027200,2019-04-12 00:00:00,5017.37,5080.58,4861.22,5048.01,166485761.0793121,BTCUSD,318.658248,285.320579,33.337669,68.17,,,,,
1555113600,2019-04-13 00:00:00,5047.0,5099.0,5004.0,5045.22,87375984.44461507,BTCUSD,304.37778,289.132019,15.245761,68.02,,,,,
1555200000,2019-04-14 00:00:00,5047.45,5152.99,5000.0,5131.3,92594930.42710131,BTCUSD,296.587468,290.623109,5.964359,70.22,,,,,
1555286400,2019-04-15 00:00:00,5131.28,5167.38,4950.0,5024.95,147687551.9414771,BTCUSD,278.620272,288.222541,-9.60227,64.33,,,,,
1555372800,2019-04-16 00:00:00,5024.95,5197.72,5003.94,5173.72,123581651.71216355,BTCUSD,273.235941,285.225221,-11.98928,68.33,,,,,
1555459200,2019-04-17 00:00:00,5173.72,5230.4,5146.8,5202.82,120972345.51821636,BTCUSD,268.225016,281.82518,-13.600164,69.06,,,,,
1555545600,2019-04-18 00:00:00,5202.41,5287.0,5198.8,5258.44,118573129.86520116,BTCUSD,265.679306,278.596005,-12.9167,70.46,,,,,
1555632000,2019-04-19 00:00:00,5258.44,5320.0,5175.0,5258.68,128937309.63806376,BTCUSD,260.676264,275.012057,-14.335793,70.47,,,,,
1555718400,2019-04-20 00:00:00,5258.68,5333.42,5230.1,5291.73,101343660.15324436,BTCUSD,256.4223,271.294106,-14.871806,71.36,,,,,
1555804800,2019-04-21 00:00:00,5292.91,5314.35,5165.0,5256.14,133929931.15068737,BTCUSD,247.328142,266.500913,-19.172771,68.94,,,,,
1555891200,2019-04-22 00:00:00,5257.41,5400.0,5208.35,5357.14,156632202.9709961,BTCUSD,245.441515,262.289033,-16.847518,71.86,,,,,
1555977600,2019-04-23 00:00:00,5357.14,5600.0,5332.41,5493.31,227154061.8577141,BTCUSD,252.028898,260.237006,-8.208108,75.24,,,,,
1556064000,2019-04-24 00:00:00,5490.91,5582.2,5333.35,5415.0,262493252.9358424,BTCUSD,248.070878,257.803781,-9.732903,70.03,,,,,
1556150400,2019-04-25 00:00:00,5415.0,5491.84,5102.0,5219.9,265091565.61466023,BTCUSD,226.579314,251.558887,-24.979574,59.07,,,,,
1556236800,2019-04-26 00:00:00,5220.47,5510.0,5161.62,5314.1,259659705.6513858,BTCUSD,214.673623,244.181834,-29.508212,62.15,,,,,
1556323200,2019-04-27 00:00:00,5315.0,5342.5,5257.67,5295.69,81749716.42174439,BTCUSD,201.430775,235.631623,-34.200847,61.18,,,,,
1556409600,2019-04-28 00:00:00,5295.69,5340.0,5259.48,5307.52,76277087.37424076,BTCUSD,189.703521,226.446002,-36.742481,61.59,,,,,
1556496000,2019-04-29 00:00:00,5309.81,5332.0,5178.8,5238.14,104822151.5144498,BTCUSD,172.819051,215.720612,-42.901561,57.7,,,,,
1556582400,2019-04-30 00:00:00,5238.14,5339.98,5192.15,5320.81,117309839.23079813,BTCUSD,164.215788,205.419647,-41.203859,60.87,,,,,
1556668800,2019-05-01 00:00:00,5321.94,5402.0,5316.2,5383.2,92194935.6047804,BTCUSD,160.580915,196.451901,-35.870986,63.12,,,,,
1556755200,2019-05-02 00:00:00,5383.2,5538.0,5370.0,5492.87,124498567.2076544,BTCUSD,164.651701,190.091861,-25.440159,66.74,,,,,
1556841600,2019-05-03 00:00:00,5494.81,5844.0,5477.57,5772.69,264435878.9281101,BTCUSD,188.286515,189.730792,-1.444277,73.8,,,,,
1556928000,2019-05-04 00:00:00,5770.62,5900.0,5587.45,5829.45,228942582.4507792,BTCUSD,209.185967,193.621827,15.56414,74.96,,,,,
1557014400,2019-05-05 00:00:00,5829.83,5839.9,5696.0,5775.62,137653160.7660216,BTCUSD,218.882165,198.673894,20.20827,71.72,,,,,
1557100800,2019-05-06 00:00:00,5773.18,5805.0,5619.14,5747.79,144358553.85462248,BTCUSD,221.76446,203.292008,18.472453,70.03,,,,,
1557187200,2019-05-07 00:00:00,5749.92,6028.41,5747.74,5846.34,236176663.81792104,BTCUSD,229.356977,208.505002,20.851976,72.5,,,,,
1557273600,2019-05-08 00:00:00,5846.34,6014.72,5772.2,5987.29,136246055.59559172,BTCUSD,243.93565,215.591131,28.344519,75.59,,,,,
1557360000,2019-05-09 00:00:00,5986.66,6224.55,5983.71,6209.18,167489934.34358987,BTCUSD,270.278421,226.528589,43.749832,79.51,,,,,
1557446400,2019-05-10 00:00:00,6209.95,6468.92,6172.0,6373.33,231801342.4320928,BTCUSD,300.931835,241.409238,59.522596,81.83,,,,,
1557532800,2019-05-11 00:00:00,6375.16,7343.99,6372.85,7076.22,507216001.34340405,BTCUSD,377.589617,268.645314,108.944303,88.06,,,,,
1557619200,2019-05-12 00:00:00,7076.24,7521.78,6750.0,6967.31,619939454.4896551,BTCUSD,424.65814,299.847879,124.810261,83.29,,,,,
1557705600,2019-05-13 00:00:00,6968.24,8100.0,6870.0,7790.71,648012612.2927012,BTCUSD,522.380109,344.354325,178.025784,88.41,,,,,
1557792000,2019-05-14 00:00:00,7795.62,8366.0,7599.56,7947.56,611103206.0032725,BTCUSD,605.502107,396.583881,208.918225,89.09,,,,,
1557878400,2019-05-15 00:00:00,7945.26,8249.0,7850.0,8169.87,305196285.2755824,BTCUSD,681.460001,453.559105,227.900896,89.99,,,,,
1557964800,2019-05-16 00:00:00,8169.08,8320.0,7705.0,7866.59,557126171.2789642,BTCUSD,709.011969,504.649678,204.362291,80.24,,,,,
1558051200,2019-05-17 00:00:00,7868.67,7925.0,6913.0,7355.26,645676487.3744029,BTCUSD,681.728503,540.065443,141.66306,67.05,,,,,
1558137600,2019-05-18 00:00:00,7355.28,7458.0,7156.61,7257.45,271170511.0509332,BTCUSD,644.781076,561.00857,83.772506,64.86,,,,,
1558224000,2019-05-19 00:00:00,7257.32,8275.09,7243.08,8148.48,517729474.35844094,BTCUSD,679.565045,584.719865,94.84518,73.4,,,,,
1558310400,2019-05-20 00:00:00,8147.94,8156.03,7553.0,7938.15,517939277.868858,BTCUSD,682.294649,604.234822,78.059828,69.13,,,,,
1558396800,2019-05-21 00:00:00,7937.16,8042.32,7771.0,7904.87,413637782.3697456,BTCUSD,674.002976,618.188452,55.814524,68.45,,,,,
1558483200,2019-05-22 00:00:00,7904.48,8016.0,7465.0,7628.43,384730220.72195166,BTCUSD,637.773511,622.105464,15.668047,62.92,,,,,
1558569600,2019-05-23 00:00:00,7627.8,7940.98,7461.0,7851.51,381536239.5128484,BTCUSD,619.916085,621.667588,-1.751504,65.35,,,,,
1558656000,2019-05-24 00:00:00,7849.95,8130.0,7766.0,7964.87,371381043.73160255,BTCUSD,607.903616,618.914794,-11.011178,66.55,,,,,
1558742400,2019-05-25 00:00:00,7964.52,8091.8,7908.34,8025.41,227376280.5854076,BTCUSD,596.393862,614.410607,-18.016745,67.21,,,,,
1558828800,2019-05-26 00:00:00,8023.0,8740.0,7833.42,8614.43,409616322.3884788,BTCUSD,627.567088,617.041904,10.525184,72.78,,,,,
1558915200,2019-05-27 00:00:00,8612.54,8908.32,8589.0,8756.32,452651204.9349024,BTCUSD,656.157654,624.865054,31.292601,73.93,,,,,
1559001600,2019-05-28 00:00:00,8752.52,8798.49,8510.63,8715.64,273791910.6314759,BTCUSD,667.834962,633.459035,34.375927,72.98,,,,,
1559088000,2019-05-29 00:00:00,8716.87,8750.0,8406.6,8645.68,292094591.01803863,BTCUSD,663.792341,639.525697,24.266644,71.28,,,,,
1559174400,2019-05-30 00:00:00,8646.5,9074.26,8005.0,8269.54,603312537.3808434,BTCUSD,623.05499,636.231555,-13.176565,62.81,,,,,
1559260800,2019-05-31 00:00:00,8267.1,8594.0,8108.5,8555.0,373629673.9190144,BTCUSD,606.809658,630.347176,-23.537518,66.1,,,,,
1559347200,2019-06-01 00:00:00,8555.0,8626.0,8442.36,8544.07,272098436.34069574,BTCUSD,586.294715,621.536684,-35.241969,65.86,,,,,
1559433600,2019-06-02 00:00:00,8545.1,8814.78,8524.0,8725.98,241414596.7195052,BTCUSD,578.051672,612.839681,-34.788009,67.95,,,,,
1559520000,2019-06-03 00:00:00,8726.0,8800.95,8080.8,8115.82,387155494.9730488,BTCUSD,516.332232,593.538191,-77.20596,55.65,,,,,
1559606400,2019-06-04 00:00:00,8115.66,8115.66,7481.02,7687.03,582173398.3257968,BTCUSD,427.886947,560.407942,-132.520996,48.95,,,,,
1559692800,2019-06-05 00:00:00,7687.04,7896.7,7572.78,7776.5,377635818.0044095,BTCUSD,360.853211,520.496996,-159.643785,50.29,,,,,
1559779200,2019-06-06 00:00:00,7778.08,7868.13,7444.58,7786.7,282156410.54378915,BTCUSD,305.035291,477.404655,-172.369364,50.46,,,,,
1559865600,2019-06-07 00:00:00,7787.57,8100.0,7737.49,7980.53,269125728.1416496,BTCUSD,273.289338,436.581592,-163.292253,53.52,,,,,
1559952000,2019-06-08 00:00:00,7978.94,8044.65,7751.0,7893.62,179047320.02388045,BTCUSD,238.369753,396.939224,-158.569471,51.97,,,,,
1560038400,2019-06-09 00:00:00,7895.28,7935.0,7506.66,7628.13,243970971.0244344,BTCUSD,187.115951,354.974569,-167.858619,47.44,,,,,
1560124800,2019-06-10 00:00:00,7627.57,8020.0,7511.0,7982.75,287125339.97011447,BTCUSD,173.116237,318.602903,-145.486666,53.3,,,,,
1560211200,2019-06-11 00:00:00,7981.0,8010.0,7692.23,7884.9,238031771.51747337,BTCUSD,152.369267,285.356176,-132.986909,51.59,,,,,
1560297600,2019-06-12 00:00:00,7884.9,8200.0,7788.99,8127.64,333291726.6460002,BTCUSD,153.741992,259.033339,-105.291347,55.41,,,,,
1560384000,2019-06-13 00:00:00,8127.64,8309.82,8010.03,8218.54,248418184.7720466,BTCUSD,160.316725,239.290016,-78.973291,56.78,,,,,
1560470400,2019-06-14 00:00:00,8216.44,8684.41,8144.32,8650.0,333475488.55375946,BTCUSD,198.059359,231.043885,-32.984526,62.66,,,,,
1560556800,2019-06-15 00:00:00,8650.88,8864.99,8567.63,8808.7,276420769.2933853,BTCUSD,238.032541,232.441616,5.590925,64.57,,,,,
1560643200,2019-06-16 00:00:00,8810.77,9333.0,8760.0,8953.33,574211342.9796603,BTCUSD,278.175376,241.588368,36.587008,66.27,,,,,
1560729600,2019-06-17 00:00:00,8953.0,9444.0,8950.0,9313.96,441567296.0592663,BTCUSD,335.22443,260.31558,74.90885,70.11,,,,,
1560816000,2019-06-18 00:00:00,9312.13,9336.36,8950.0,9081.55,470271954.2987056,BTCUSD,357.560932,279.764651,77.796282,64.98,,,,,
1560902400,2019-06-19 00:00:00,9081.97,9304.0,8960.0,9255.49,293748062.6668488,BTCUSD,384.861828,300.784086,84.077742,66.93,,,,,
1560988800,2019-06-20 00:00:00,9253.76,9590.0,9175.2,9517.12,323621848.1987617,BTCUSD,422.736298,325.174529,97.561769,69.66,,,,,
1561075200,2019-06-21 00:00:00,9518.06,10174.99,9518.06,10159.86,494783687.9853515,BTCUSD,498.865227,359.912668,138.952559,75.11,,,,,
1561161600,2019-06-22 00:00:00,10159.86,11160.0,9921.72,10729.5,1112069567.6381147,BTCUSD,598.266693,407.583473,190.68322,78.76,,,,,
1561248000,2019-06-23 00:00:00,10729.0,11392.64,10555.18,10906.07,625330374.7466884,BTCUSD,683.412836,462.749346,220.66349,79.74,,,,,
1561334400,2019-06-24 00:00:00,10905.95,11143.63,10620.8,11056.59,469746663.93811727,BTCUSD,754.341891,521.067855,233.274036,80.58,,,,,
1561420800,2019-06-25 00:00:00,11056.59,11850.0,11026.0,11820.86,697773986.2691858,BTCUSD,862.284006,589.311085,272.972921,84.13,,,,,
1561507200,2019-06-26 00:00:00,11821.28,13970.0,11741.0,13093.8,1996178374.594492,BTCUSD,1038.572512,679.16337,359.409142,88.06,,,,,
1561593600,2019-06-27 00:00:00,13098.38,13478.04,10525.1,11329.99,2058443849.314,BTCUSD,1024.151911,748.161078,275.990833,64.32,,,,,
1561680000,2019-06-28 00:00:00,11329.99,12480.0,10982.88,12400.63,1129888341.3212836,BTCUSD,1086.589652,815.846793,270.742859,69.67,,,,,
1561766400,2019-06-29 00:00:00,12407.06,12441.54,11475.02,11903.13,829011822.2365324,BTCUSD,1083.438713,869.365177,214.073536,64.81,,,,,
1561852800,2019-06-30 00:00:00,11903.13,12180.0,10766.03,10854.1,971151050.9005816,BTCUSD,984.939843,892.48011,92.459733,55.95,,,,,
1561939200,2019-07-01 00:00:00,10854.1,11282.28,10030.0,10624.93,972343281.8603553,BTCUSD,878.262611,889.63661,-11.374,54.2,,,,,
1562025600,2019-07-02 00:00:00,10624.9,10938.75,9727.0,10842.85,1128353804.8007915,BTCUSD,802.058824,872.121053,-70.062229,55.62,,,,,
1562112000,2019-07-03 00:00:00,10844.98,11991.89,10841.04,11940.0,1097804642.7577736,BTCUSD,820.736668,861.844176,-41.107508,61.99,,,,,
1562198400,2019-07-04 00:00:00,11940.0,12000.0,11055.0,11145.67,775818897.3894848,BTCUSD,762.651825,842.005706,-79.35388,55.75,,,,,
1562284800,2019-07-05 00:00:00,11145.67,11406.83,10796.44,10970.73,705853649.0264896,BTCUSD,694.497242,812.504013,-118.006771,54.45,,,,,
1562371200,2019-07-06 00:00:00,10982.41,11665.0,10964.51,11256.49,585001376.155429,BTCUSD,655.980947,781.1994,-125.218453,56.25,,,,,
1562457600,2019-07-07 00:00:00,11256.45,11538.0,11094.37,11406.24,439439052.9455421,BTCUSD,630.274665,751.014453,-120.739788,57.2,,,,,
1562544000,2019-07-08 00:00:00,11410.0,12338.03,11220.0,12238.6,618530684.4325522,BTCUSD,669.350887,734.68174,-65.330853,62.13,,,,,
1562630400,2019-07-09 00:00:00,12238.6,12794.73,12068.0,12543.41,975986802.0300353,BTCUSD,716.653558,731.076103,-14.422545,63.78,,,,,
1562716800,2019-07-10 00:00:00,12548.51,13147.08,11569.0,12108.37,1369749939.9675035,BTCUSD,710.843017,727.029486,-16.186469,59.78,,,,,
1562803200,2019-07-11 00:00:00,12108.11,12111.73,11000.0,11342.89,1007356802.218256,BTCUSD,637.125893,709.048767,-71.922875,53.44,,,,,
1562889600,2019-07-12 00:00:00,11342.88,11885.0,11073.0,11757.22,649824820.7654814,BTCUSD,605.161583,688.27133,-83.109748,56.15,,,,,
1562976000,2019-07-13 00:00:00,11757.22,11799.98,10830.0,11355.76,614050007.9919451,BTCUSD,541.196592,658.856383,-117.659791,52.94,,,,,
1563062400,2019-07-14 00:00:00,11355.78,11452.0,10103.0,10174.18,777646151.6029468,BTCUSD,390.656995,605.216505,-214.55951,44.8,,,,,
1563148800,2019-07-15 00:00:00,10174.18,11100.0,9860.0,10838.72,851028723.7031858,BTCUSD,321.272672,548.427739,-227.155066,49.5,,,,,
1563235200,2019-07-16 00:00:00,10833.78,11028.0,9350.01,9439.59,982462166.6932294,BTCUSD,151.638999,469.069991,-317.430992,41.49,,,,,
1563321600,2019-07-17 00:00:00,9430.17,9957.0,9060.0,9667.92,809555508.3476789,BTCUSD,35.221402,382.300273,-347.078871,43.11,,,,,
1563408000,2019-07-18 00:00:00,9668.86,10788.0,9252.0,10627.16,807822745.1854327,BTCUSD,20.130221,309.866263,-289.736041,49.43,,,,,
1563494400,2019-07-19 00:00:00,10628.64,10769.71,10121.84,10504.29,589931612.3419864,BTCUSD,-1.724353,247.548139,-249.272493,48.69,,,,,
1563580800,2019-07-20 00:00:00,10505.78,11068.99,10350.0,10740.23,505569016.3500829,BTCUSD,-0.005808,198.03735,-198.043158,50.24,,,,,
1563667200,2019-07-21 00:00:00,10740.27,10817.9,10288.0,10589.45,409661485.9985647,BTCUSD,-10.687337,156.292413,-166.97975,49.22,,,,,
1563753600,2019-07-22 00:00:00,10590.15,10683.16,10100.0,10340.31,421016379.36208767,BTCUSD,-38.80868,117.272194,-156.080874,47.49,,,,,
1563840000,2019-07-23 00:00:00,10343.08,10343.97,9822.0,9864.91,478441909.40505725,BTCUSD,-98.322453,74.153265,-172.475718,44.3,,,,,
1563926400,2019-07-24 00:00:00,9864.78,9937.0,9525.0,9763.28,422534162.14571214,BTCUSD,-151.936806,28.93525,-180.872057,43.62,,,,,
1564012800,2019-07-25 00:00:00,9763.4,10175.0,9720.03,9879.87,378938450.0817674,BTCUSD,-182.910253,-13.43385,-169.476403,44.66,,,,,
1564099200,2019-07-26 00:00:00,9882.15,9889.98,9637.0,9824.0,265108103.13392133,BTCUSD,-209.549617,-52.657004,-156.892614,44.24,,,,,
1564185600,2019-07-27 00:00:00,9824.0,10188.66,9333.0,9476.52,424932724.9687315,BTCUSD,-255.752086,-93.27602,-162.476066,41.61,,,,,
1564272000,2019-07-28 00:00:00,9478.92,9594.99,9165.0,9541.54,278537286.1348134,BTCUSD,-283.849268,-131.39067,-152.458598,42.3,,,,,
1564358400,2019-07-29 00:00:00,9541.54,9729.0,9395.0,9507.64,277497756.7684168,BTCUSD,-305.332253,-166.178986,-139.153267,42.02,,,,,
1564444800,2019-07-30 00:00:00,9509.07,9714.28,9402.0,9574.21,310867928.28793913,BTCUSD,-313.373655,-195.61792,-117.755735,42.82,,,,,
1564531200,2019-07-31 00:00:00,9575.0,10109.8,9555.0,10080.53,389690761.44466114,BTCUSD,-275.712489,-211.636834,-64.075655,48.62,,,,,
1564617600,2019-08-01 00:00:00,10080.53,10467.86,9863.46,10374.99,422156523.6690079,BTCUSD,-219.574168,-213.224301,-6.349868,51.69,,,,,
1564704000,2019-08-02 00:00:00,10375.0,10670.0,10281.35,10523.75,450323284.1507597,BTCUSD,-161.221989,-202.823838,41.601849,53.21,,,,,
1564790400,2019-08-03 00:00:00,10523.75,10904.77,10497.93,10816.86,363852799.8717801,BTCUSD,-90.285188,-180.316108,90.03092,56.14,,,,,
1564876800,2019-08-04 00:00:00,10816.86,11040.0,10552.0,10929.23,431793873.4232976,BTCUSD,-24.715043,-149.195895,124.480853,57.25,,,,,
1564963200,2019-08-05 00:00:00,10929.99,11937.52,10927.8,11828.8,757976547.217046,BTCUSD,98.699801,-99.616756,198.316557,64.88,,,,,
1565049600,2019-08-06 00:00:00,11830.0,12330.7,11226.7,11481.69,904119081.6157126,BTCUSD,166.577872,-46.37783,212.955702,60.4,,,,,
1565136000,2019-08-07 00:00:00,11481.69,12141.17,11382.84,11975.03,814597979.050504,BTCUSD,257.215131,14.340762,242.874369,64.18,,,,,
1565222400,2019-08-08 00:00:00,11975.04,12060.0,11521.0,11999.77,604389131.062836,BTCUSD,327.269564,76.926522,250.343041,64.37,,,,,
1565308800,2019-08-09 00:00:00,11994.17,12045.68,11700.0,11879.99,467011047.9414285,BTCUSD,368.870847,135.315387,233.55546,62.69,,,,,
1565395200,2019-08-10 00:00:00,11879.98,11985.0,11270.0,11309.31,492217964.4905557,BTCUSD,351.736459,178.599602,173.136857,55.29,,,,,
1565481600,2019-08-11 00:00:00,11309.24,11600.0,11112.11,11549.97,304862403.351449,BTCUSD,353.501637,213.580009,139.921628,57.57,,,,,
1565568000,2019-08-12 00:00:00,11539.08,11577.89,11235.32,11396.08,200325471.60414097,BTCUSD,338.579977,238.580002,99.999974,55.62,,,,,
1565654400,2019-08-13 00:00:00,11398.35,11456.16,10788.45,10892.71,368994475.5461124,BTCUSD,282.875884,247.439179,35.436706,49.69,,,,,
1565740800,2019-08-14 00:00:00,10893.36,10897.48,9928.1,10050.37,567724729.1059059,BTCUSD,168.814206,231.714184,-62.899978,41.69,,,,,
1565827200,2019-08-15 00:00:00,10055.16,10460.0,9911.0,10293.93,387705855.0879112,BTCUSD,96.955123,204.762372,-107.807249,44.47,,,,,
1565913600,2019-08-16 00:00:00,10296.77,10536.03,9750.0,10331.54,527258446.3977765,BTCUSD,42.550598,172.320017,-129.769419,44.91,,,,,
1566000000,2019-08-17 00:00:00,10331.15,10465.14,10000.0,10216.02,297776329.0305825,BTCUSD,-9.774208,135.901172,-145.67538,43.77,,,,,
1566086400,2019-08-18 00:00:00,10216.05,10500.0,10080.0,10306.78,248508872.4599864,BTCUSD,-43.417926,100.037352,-143.455278,44.95,,,,,
1566172800,2019-08-19 00:00:00,10306.17,10930.0,10258.6,10915.54,396233441.0274596,BTCUSD,-20.720121,75.885858,-96.605979,52.22,,,,,
1566259200,2019-08-20 00:00:00,10914.73,10949.96,10560.0,10760.51,346664453.1367265,BTCUSD,-15.06788,57.69511,-72.76299,50.39,,,,,
1566345600,2019-08-21 00:00:00,10760.51,10804.13,9858.0,10142.57,482889274.517917,BTCUSD,-59.76213,34.203662,-93.965793,43.82,,,,,
1566432000,2019-08-22 00:00:00,10140.82,10242.0,9762.0,10099.88,341371442.9068388,BTCUSD,-97.503414,7.862247,-105.365661,43.4,,,,,
1566518400,2019-08-23 00:00:00,10099.9,10445.0,10019.79,10389.55,282732431.7520724,BTCUSD,-102.854067,-14.281016,-88.573051,47.11,,,,,
1566604800,2019-08-24 00:00:00,10388.16,10419.42,9890.0,10134.35,279962133.6257099,BTCUSD,-126.231883,-36.671189,-89.560694,44.36,,,,,
1566691200,2019-08-25 00:00:00,10134.61,10333.0,9906.97,10142.69,265132761.31704283,BTCUSD,-142.443996,-57.825751,-84.618246,44.47,,,,,
1566777600,2019-08-26 00:00:00,10142.69,10604.0,10137.93,10372.25,432249835.49069726,BTCUSD,-135.210023,-73.302605,-61.907418,47.66,,,,,
1566864000,2019-08-27 00:00:00,10373.6,10391.08,10051.08,10185.05,289340681.0789518,BTCUSD,-142.934858,-87.229056,-55.705802,45.37,,,,,
1566950400,2019-08-28 00:00:00,10185.69,10299.0,9601.01,9721.0,420034883.00315255,BTCUSD,-184.376425,-106.65853,-77.717896,40.21,,,,,
1567036800,2019-08-29 00:00:00,9721.0,9724.0,9320.0,9498.44,337838761.5572865,BTCUSD,-232.497808,-131.826385,-100.671423,37.98,,,,,
1567123200,2019-08-30 00:00:00,9499.01,9696.0,9350.41,9584.54,255854874.4507745,BTCUSD,-260.681823,-157.597473,-103.08435,39.38,,,,,
1567209600,2019-08-31 00:00:00,9582.76,9684.51,9420.75,9587.47,164116756.46299693,BTCUSD,-279.55885,-181.989748,-97.569102,39.43,,,,,
1567296000,2019-09-01 00:00:00,9588.74,9830.0,9520.0,9724.98,188513289.12235728,BTCUSD,-280.19323,-201.630445,-78.562785,41.86,,,,,
1567382400,2019-09-02 00:00:00,9723.59,10450.0,9712.5,10340.0,448462178.630381,BTCUSD,-228.435741,-206.991504,-21.444237,51.28,,,,,
1567468800,2019-09-03 00:00:00,10340.0,10773.0,10272.0,10615.28,505617667.3992669,BTCUSD,-163.322087,-198.257621,34.935533,54.81,,,,,
1567555200,2019-09-04 00:00:00,10611.85,10799.0,10369.89,10567.02,463526509.325937,BTCUSD,-114.295697,-181.465236,67.169539,54.07,,,,,
1567641600,2019-09-05 00:00:00,10565.92,10900.0,10450.0,10564.49,358861340.7897901,BTCUSD,-74.784015,-160.128992,85.344976,54.03,,,,,
1567728000,2019-09-06 00:00:00,10563.13,10905.87,10150.0,10298.73,623662984.3843305,BTCUSD,-64.175558,-140.938305,76.762747,49.75,,,,,
1567814400,2019-09-07 00:00:00,10298.71,10558.0,10288.57,10455.88,287851131.1802577,BTCUSD,-42.596561,-121.269956,78.673395,52.16,,,,,
1567900800,2019-09-08 00:00:00,10455.9,10592.5,10208.0,10381.18,249900964.37153128,BTCUSD,-31.163483,-103.248662,72.085178,50.91,,,,,
1567987200,2019-09-09 00:00:00,10381.24,10480.0,10068.5,10303.12,409724831.9471226,BTCUSD,-28.077813,-88.214492,60.136679,49.57,,,,,
1568073600,2019-09-10 00:00:00,10302.58,10384.99,9953.0,10098.15,294323839.5070076,BTCUSD,-41.691172,-78.909828,37.218656,46.14,,,,,
1568160000,2019-09-11 00:00:00,10098.19,10293.0,9880.0,10158.33,321637085.47650874,BTCUSD,-47.081113,-72.544085,25.462972,47.29,,,,,
1568246400,2019-09-12 00:00:00,10158.75,10448.81,10040.0,10415.01,353390090.96777725,BTCUSD,-30.291567,-64.093581,33.802014,52.01,,,,,
1568332800,2019-09-13 00:00:00,10415.01,10439.0,10153.0,10342.06,311632094.25618845,BTCUSD,-22.611535,-55.797172,33.185638,50.62,19252.721,9717.128,181.53499999999983,181.535,181.535
1568419200,2019-09-14 00:00:00,10344.13,10419.99,10222.33,10335.02,244063007.0902248,BTCUSD,-16.898329,-48.017403,31.119074,50.48,20656.624,9522.547,-1611.5299999999988,-1429.995,-1429.995
1568505600,2019-09-15 00:00:00,10332.81,10360.0,10252.15,10302.01,185853330.43704256,BTCUSD,-14.862874,-41.386498,26.523624,49.79,20536.255,7430.161,-5675.933000000001,-7105.928,-7105.928
1568592000,2019-09-16 00:00:00,10303.34,10355.0,10078.0,10251.31,296325130.1709013,BTCUSD,-17.143211,-36.53784,19.394629,48.68,20185.637,6954.582,-6276.472999999998,-13382.401,-13382.401
1568678400,2019-09-17 00:00:00,10249.68,10275.0,10128.01,10187.82,233944812.560508,BTCUSD,-23.799165,-33.990105,10.19094,47.26,22519.607,12669.109,2818.611000000001,-10563.79,-10563.79
1568764800,2019-09-18 00:00:00,10187.48,10258.02,10100.0,10156.99,247024351.59799168,BTCUSD,-31.202101,-33.432504,2.230403,46.55,20832.895,13464.203,6095.510999999999,-4468.279,-4468.279
1568851200,2019-09-19 00:00:00,10156.41,10325.0,9653.0,10244.29,447676492.9840264,BTCUSD,-29.68244,-32.682492,3.000051,48.89,26228.754,10213.792,-5801.170000000002,-10269.449,-10269.449
1568937600,2019-09-20 00:00:00,10243.7,10281.0,10061.39,10168.59,255205290.2118373,BTCUSD,-34.192308,-32.984455,-1.207853,46.97,23265.91,9517.128,-4231.653999999999,-14501.103,-14501.103
1569024000,2019-09-21 00:00:00,10167.92,10176.7,9900.0,9986.39,206034034.50803515,BTCUSD,-51.870497,-36.761663,-15.108834,42.63,23642.387,8219.618,-7203.150999999998,-21704.254,-21704.254
1569110400,2019-09-22 00:00:00,9985.15,10089.0,9853.97,10028.87,220133631.61284167,BTCUSD,-61.741096,-41.75755,-19.983546,43.93,23916.354,10466.395,-2983.5639999999985,-24687.818,-24687.818
1569196800,2019-09-23 00:00:00,10028.05,10049.99,9615.77,9702.25,314390584.62646127,BTCUSD,-94.826025,-52.371245,-42.45478,36.98,31927.062,14924.551,-2077.9600000000028,-26765.778,-26765.778
1569283200,2019-09-24 00:00:00,9702.2,9794.99,7800.0,8493.14,838996309.1611282,BTCUSD,-216.119847,-85.120965,-130.998881,22.68,29758.535,14817.318,-123.89900000000124,-26889.677,-26889.677
1569369600,2019-09-25 00:00:00,8497.55,8730.0,8215.64,8430.05,512437200.3611044,BTCUSD,-313.720535,-130.840879,-182.879656,22.2,48222.102,24972.13,1722.158000000003,-25167.519,-25167.519
1569456000,2019-09-26 00:00:00,8430.05,8465.99,7750.0,8063.73,552794530.866682,BTCUSD,-415.835256,-187.839755,-227.995502,19.6,60065.945,29931.388,-203.1690000000017,-25370.688,-25370.688
1569542400,2019-09-27 00:00:00,8063.49,8265.0,7852.15,8177.91,352800745.20792854,BTCUSD,-481.992428,-246.670289,-235.322139,22.64,40034.653,20960.862,1887.071000000004,-23483.617,-23483.617
1569628800,2019-09-28 00:00:00,8177.47,8315.0,8001.09,8198.81,280672404.6804955,BTCUSD,-526.664942,-302.66922,-223.995722,23.22,33820.919,16862.162,-96.59500000000116,-23580.212,-23580.212
1569715200,2019-09-29 00:00:00,8199.38,8229.13,7890.0,8043.82,253660600.3252929,BTCUSD,-568.02677,-355.74073,-212.286041,21.92,35966.056,20057.619,4149.182000000001,-19431.03,-19431.03
1569801600,2019-09-30 00:00:00,8043.04,8337.26,7710.0,8289.34,449120676.8427603,BTCUSD,-574.373881,-399.46736,-174.906521,28.72,54412.52,27935.359,1458.198000000004,-17972.832,-17972.832
1569888000,2019-10-01 00:00:00,8289.97,8500.0,8173.05,8292.44,363040860.0000876,BTCUSD,-572.553823,-434.084653,-138.46917,28.8,39212.804,19547.744,-117.3159999999989,-18090.148,-18090.148
1569974400,2019-10-02 00:00:00,8292.67,8373.91,8151.22,8359.94,216325351.8586446,BTCUSD,-559.218407,-459.111403,-100.107003,30.72,30329.179,13840.6,-2647.979,-20738.127,-20738.127
1570060800,2019-10-03 00:00:00,8360.0,8393.0,8060.0,8223.96,250291751.27141392,BTCUSD,-553.244979,-477.938119,-75.30686,29.02,33430.23,15177.823,-3074.5840000000026,-23812.711,-23994.246
1570147200,2019-10-04 00:00:00,8224.43,8232.41,8005.0,8137.13,215325611.6822151,BTCUSD,-549.186767,-492.187848,-56.998918,27.96,28421.111,12437.976,-3545.159,-27357.87,-25927.875
1570233600,2019-10-05 00:00:00,8137.09,8183.41,8012.98,8126.19,177252877.0029691,BTCUSD,-540.621423,-501.874563,-38.74686,27.82,30262.006,12199.701,-5862.604000000003,-33220.474,-26114.546
1570320000,2019-10-06 00:00:00,8127.55,8153.87,7785.0,7854.25,275447898.032875,BTCUSD,-549.442976,-511.388246,-38.05473,24.57,41909.039,19790.528,-2327.983,-35548.457,-22166.056
1570406400,2019-10-07 00:00:00,7855.3,8299.92,7762.0,8190.09,420921679.8442632,BTCUSD,-523.302335,-513.771064,-9.531271,34.72,62760.299,30547.437,-1665.4249999999956,-37213.882,-26650.092
1570492800,2019-10-08 00:00:00,8190.82,8325.0,8088.75,8168.39,290675248.1414453,BTCUSD,-498.589271,-510.734705,12.145434,34.4,44715.165,20732.257,-3250.650999999998,-40464.533,-35996.254
1570579200,2019-10-09 00:00:00,8170.79,8670.0,8115.0,8560.74,462845251.8136103,BTCUSD,-442.246679,-497.0371,54.790421,44.44,65453.643,31442.175,-2569.292999999998,-43033.826,-32764.377
1570665600,2019-10-10 00:00:00,8562.15,8644.0,8414.52,8558.03,333925412.3041418,BTCUSD,-393.279956,-476.285671,83.005715,44.39,44285.668,20092.241,-4101.185999999994,-47135.012,-32633.909
1570752000,2019-10-11 00:00:00,8557.82,8779.51,8212.38,8258.5,424413201.53293216,BTCUSD,-374.328023,-455.894141,81.566118,39.1,69157.964,32857.382,-3443.200000000012,-50578.212,-28873.958
1570838400,2019-10-12 00:00:00,8257.95,8400.0,8250.0,8300.09,177707852.5948189,BTCUSD,-351.896076,-435.094528,83.198453,40.16,37761.514,15308.279,-7144.956000000002,-57723.168,-33035.35
1570924800,2019-10-13 00:00:00,8301.98,8451.37,8160.0,8275.01,232149438.3639587,BTCUSD,-332.31166,-414.537955,82.226295,39.71,43820.913,19428.26,-4964.393000000004,-62687.561,-35921.783
1571011200,2019-10-14 00:00:00,8275.24,8388.85,8203.0,8348.2,247530733.18003485,BTCUSD,-307.342199,-393.098803,85.756605,41.77,61999.821,28780.204,-4439.4130000000005,-67126.974,-40237.297
1571097600,2019-10-15 00:00:00,8346.86,8403.0,8090.0,8159.29,270727559.77701086,BTCUSD,-299.346499,-374.348342,75.001844,38.15,86246.749,42904.665,-437.4189999999944,-67564.393,-42396.874
1571184000,2019-10-16 00:00:00,8159.3,8181.16,7917.0,7991.74,279586845.5362138,BTCUSD,-303.036517,-360.085977,57.04946,35.23,70434.452,37094.337,3754.2219999999934,-63810.171,-38439.483
1571270400,2019-10-17 00:00:00,7995.02,8124.92,7929.03,8070.58,238343204.48251528,BTCUSD,-296.184919,-347.305766,51.120847,37.65,58354.602,30214.47,2074.3380000000034,-61735.833,-38252.216
1571356800,2019-10-18 00:00:00,8070.71,8115.0,7816.01,7947.01,248931322.1008505,BTCUSD,-297.298967,-337.304406,40.005439,35.42,75251.352,38916.486,2581.619999999996,-59154.213,-35574.001
1571443200,2019-10-19 00:00:00,7946.89,8098.1,7866.92,7948.01,211909734.13572004,BTCUSD,-294.704002,-328.784325,34.080323,35.45,78024.395,39948.006,1871.6169999999984,-57282.596,-37851.566
1571529600,2019-10-20 00:00:00,7949.87,8297.0,7870.0,8223.35,275899861.65387124,BTCUSD,-267.348015,-316.497063,49.149048,44.02,78663.915,40050.334,1436.7530000000115,-55845.843,-37873.011
1571616000,2019-10-21 00:00:00,8223.35,8333.0,8142.03,8197.27,250117281.63661337,BTCUSD,-244.949017,-302.187454,57.238437,43.43,59928.516,30160.553,392.5899999999965,-55453.253,-37363.105
1571702400,2019-10-22 00:00:00,8197.28,8297.99,8000.0,8020.0,283535483.41051364,BTCUSD,-238.749699,-289.499903,50.750204,39.56,69506.88,35709.341,1911.801999999996,-53541.451,-32803.324
1571788800,2019-10-23 00:00:00,8020.06,8047.59,7300.0,7466.62,488220760.6464156,BTCUSD,-275.316163,-286.663155,11.346992,30.45,108484.139,52606.53,-3271.078999999998,-56812.53,-32999.819
1571875200,2019-10-24 00:00:00,7468.47,7503.68,7337.99,7412.41,243246414.9489239,BTCUSD,-305.15204,-290.360932,-14.791108,29.73,66719.534,30969.405,-4780.724000000002,-61593.254,-34235.384
1571961600,2019-10-25 00:00:00,7412.41,8799.0,7361.0,8655.02,737329544.8835196,BTCUSD,-225.924627,-277.473671,51.549044,55.68,165118.926,84120.471,3122.016000000004,-58471.238,-25250.764
1572048000,2019-10-26 00:00:00,8655.88,10370.0,8470.38,9230.0,1522244166.4108484,BTCUSD,-115.409877,-245.060912,129.651035,62.57,248161.161,122864.96,-2431.24099999998,-60902.479,-25354.022
1572134400,2019-10-27 00:00:00,9230.0,9794.98,9074.34,9529.93,887438297.7462668,BTCUSD,-3.582995,-196.765329,193.182334,65.58,163544.019,80566.537,-2410.945000000007,-63313.424,-26099.542
1572220800,2019-10-28 00:00:00,9528.23,9902.1,9160.0,9205.14,759178942.9488419,BTCUSD,58.162317,-145.779799,203.942117,59.96,155599.975,76273.351,-3053.273000000016,-66366.697,-25902.164
1572307200,2019-10-29 00:00:00,9204.45,9550.0,9072.0,9407.62,600611324.6356996,BTCUSD,122.027706,-92.218298,214.246005,62.14,124703.014,62048.878,-605.2580000000016,-66971.955,-23938.129
1572393600,2019-10-30 00:00:00,9407.62,9409.84,9001.01,9154.72,506584830.0313323,BTCUSD,150.499704,-43.674698,194.174402,57.9,98464.858,48285.836,-1893.185999999987,-68865.141,-21730.129
1572480000,2019-10-31 00:00:00,9154.02,9405.0,8913.0,9140.85,498152743.7348088,BTCUSD,169.985289,-0.9427,170.92799,57.67,98836.044,48306.456,-2223.131999999998,-71088.273,-20510.061
1572566400,2019-11-01 00:00:00,9140.86,9279.0,9030.0,9231.61,398803069.00908464,BTCUSD,190.554734,37.356786,153.197947,58.83,87256.949,43597.276,-62.396999999997206,-71150.67,-13427.502
1572652800,2019-11-02 00:00:00,9231.4,9373.74,9186.21,9289.52,268119579.73009112,BTCUSD,209.118432,71.709115,137.409317,59.6,56602.055,28059.74,-482.5749999999971,-71633.245,-8945.684
1572739200,2019-11-03 00:00:00,9289.85,9362.57,9066.14,9194.71,256664259.6621914,BTCUSD,213.716333,100.110559,113.605774,57.71,75612.722,36510.146,-2592.429999999993,-74225.675,-7098.701
1572825600,2019-11-04 00:00:00,9196.46,9513.68,9115.84,9393.35,426792003.1749065,BTCUSD,230.72909,126.234265,104.494825,60.53,90433.357,45855.157,1276.9569999999949,-72948.718,-5384.325
1572912000,2019-11-05 00:00:00,9392.4,9454.95,9175.76,9308.66,428156963.0785469,BTCUSD,234.672884,147.921989,86.750895,58.73,113738.226,55746.252,-2245.7219999999943,-75194.44,-11384.269
1572998400,2019-11-06 00:00:00,9307.73,9440.91,9250.01,9339.05,348607499.83121693,BTCUSD,237.51269,165.840129,71.672561,59.2,73767.911,36712.807,-342.2969999999914,-75536.737,-13800.904
1573084800,2019-11-07 00:00:00,9339.16,9375.0,9101.0,9216.2,361217475.05834645,BTCUSD,227.230911,178.118286,49.112626,56.42,77389.569,37470.371,-2448.827000000005,-77985.564,-18831.351
1573171200,2019-11-08 00:00:00,9214.0,9261.0,8696.0,8773.73,555589995.9935858,BTCUSD,181.289109,178.75245,2.536659,47.71,151851.16,72769.692,-6311.776000000013,-84297.34,-27014.744
1573257600,2019-11-09 00:00:00,8773.74,8880.0,8724.88,8809.41,259733491.8299089,BTCUSD,146.075114,172.216983,-26.141869,48.4,66846.392,33155.841,-534.7100000000064,-84832.05,-28986.207
1573344000,2019-11-10 00:00:00,8809.18,9147.19,8750.0,9039.47,307316853.90375423,BTCUSD,135.173493,164.808285,-29.634792,52.74,91099.197,46128.5,1157.803,-83674.247,-28220.994
1573430400,2019-11-11 00:00:00,9040.16,9072.32,8618.68,8733.27,394585996.3292871,BTCUSD,100.665687,151.979765,-51.314078,47.07,113373.762,54699.882,-3973.998000000007,-87648.245,-34106.794
1573516800,2019-11-12 00:00:00,8733.36,8888.0,8567.6,8821.94,352675938.430593,BTCUSD,79.55586,137.494984,-57.939124,48.78,107520.546,53715.539,-89.46800000000803,-87737.713,-30925.183
1573603200,2019-11-13 00:00:00,8821.91,8844.99,8702.0,8777.12,235060554.1241016,BTCUSD,58.534818,121.702951,-63.168133,47.94,58585.811,28973.713,-638.385000000002,-88376.098,-26782.844
1573689600,2019-11-14 00:00:00,8777.54,8800.0,8582.6,8646.68,290104306.9530332,BTCUSD,30.992807,103.560922,-72.568115,45.46,87099.995,42551.679,-1996.6370000000024,-90372.735,-31901.497
1573776000,2019-11-15 00:00:00,8646.38,8790.0,8400.0,8471.73,394708981.3155723,BTCUSD,-4.895012,81.869736,-86.764747,42.31,145602.497,70893.746,-3815.0050000000047,-94187.74,-33285.261
1573862400,2019-11-16 00:00:00,8471.62,8543.0,8400.0,8491.02,177222838.38564816,BTCUSD,-31.417661,59.212256,-90.629918,42.78,48657.04,24188.913,-279.21399999999994,-94466.954,-31153.53
1573948800,2019-11-17 00:00:00,8490.74,8635.0,8350.68,8502.4,229995700.81158423,BTCUSD,-50.931673,37.18347,-88.115143,43.08,72152.266,35856.741,-438.7839999999997,-94905.738,-28539.041
1574035200,2019-11-18 00:00:00,8502.87,8503.52,8060.0,8187.17,358706174.8252184,BTCUSD,-90.786563,11.589464,-102.376027,37.33,123477.142,57762.941,-7951.260000000009,-102856.998,-35885.043
1574121600,2019-11-19 00:00:00,8186.5,8218.63,8003.0,8133.64,353463792.04443395,BTCUSD,-125.247499,-15.777929,-109.46957,36.44,110854.03,55317.768,-218.49400000000605,-103075.492,-34210.351
1574208000,2019-11-20 00:00:00,8133.83,8264.29,8038.4,8098.01,263387575.485922,BTCUSD,-153.661765,-43.354696,-110.307069,35.83,87352.38,42908.637,-1535.1059999999998,-104610.598,-33522.325
1574294400,2019-11-21 00:00:00,8098.56,8134.73,7500.0,7627.74,455166676.2781802,BTCUSD,-211.686939,-77.021145,-134.665795,28.92,180289.189,85629.625,-9029.939000000011,-113640.537,-42489.867
1574380800,2019-11-22 00:00:00,7627.79,7750.0,6790.0,7268.23,917881536.262084,BTCUSD,-283.414732,-118.299862,-165.11487,24.96,371213.951,181934.585,-7344.781000000017,-120985.318,-49352.073
1574467200,2019-11-23 00:00:00,7268.23,7344.48,7080.01,7311.57,364446217.3737604,BTCUSD,-332.924601,-161.22481,-171.699791,26.27,139643.311,69436.266,-770.7789999999804,-121756.097,-47530.422
1574553600,2019-11-24 00:00:00,7311.1,7330.39,6861.0,6903.28,481922941.3269758,BTCUSD,-400.490514,-209.077951,-191.412563,22.32,183676.078,90242.175,-3191.728000000003,-124947.825,-51999.107
1574640000,2019-11-25 00:00:00,6900.23,7377.69,6515.0,7109.57,831628458.3049068,BTCUSD,-432.406594,-253.743679,-178.662915,28.2,333987.914,166657.753,-672.4079999999958,-125620.233,-50425.793
1574726400,2019-11-26 00:00:00,7109.99,7340.0,7017.48,7156.14,469602476.91268086,BTCUSD,-448.769374,-292.748818,-156.020555,29.5,193962.094,96641.345,-679.4040000000095,-126299.637,-50762.9
1574812800,2019-11-27 00:00:00,7154.75,7655.0,6840.0,7508.52,671646609.1695509,BTCUSD,-428.364949,-319.872044,-108.492904,38.55,297842.994,150498.289,3153.583999999973,-123146.053,-45160.489
1574899200,2019-11-28 00:00:00,7507.9,7643.0,7360.0,7419.49,427572714.9456008,BTCUSD,-414.599032,-338.817442,-75.78159,37.25,175000.609,86015.121,-2970.3669999999984,-126116.42,-41819.08
1574985600,2019-11-29 00:00:00,7418.52,7850.0,7362.3,7739.68,463006956.68515134,BTCUSD,-373.546773,-345.763308,-27.783465,44.5,185819.186,93865.649,1912.1120000000228,-124204.308,-39372.258
1575072000,2019-11-30 00:00:00,7740.99,7810.0,7441.0,7541.89,358749026.3607554,BTCUSD,-352.904498,-347.191546,-5.712952,41.32,141966.392,68012.803,-5940.785999999993,-130145.094,-46470.847
1575158400,2019-12-01 00:00:00,7540.63,7541.85,7210.0,7390.89,446524917.2059704,BTCUSD,-344.755656,-346.704368,1.948712,39.03,196291.252,96077.054,-4137.144,-134282.238,-46633.993
1575244800,2019-12-02 00:00:00,7391.5,7420.56,7151.1,7294.28,337889295.5101809,BTCUSD,-342.149177,-345.79333,3.644153,37.59,143966.953,71412.232,-1142.4890000000014,-135424.727,-47687.014
1575331200,2019-12-03 00:00:00,7294.42,7400.0,7241.35,7292.71,242379261.1043476,BTCUSD,-336.33317,-343.901298,7.568128,37.57,84699.47,41922.424,-854.622000000003,-136279.349,-47903.251
1575417600,2019-12-04 00:00:00,7292.71,7750.0,7067.0,7194.32,608670609.9747069,BTCUSD,-335.792387,-342.279516,6.487128,36.01,274879.481,137506.045,132.60899999999674,-136146.74,-45774.005
1575504000,2019-12-05 00:00:00,7194.59,7485.0,7150.0,7389.0,434738864.7840124,BTCUSD,-316.011975,-337.026007,21.014033,41.22,176315.108,88995.656,1676.203999999998,-134470.536,-40282.796
1575590400,2019-12-06 00:00:00,7389.0,7590.03,7305.0,7527.47,356905919.01556,BTCUSD,-285.867185,-326.794243,40.927058,44.67,136218.707,68368.604,518.5010000000184,-133952.035,-39485.081
1575676800,2019-12-07 00:00:00,7527.8,7619.62,7470.16,7488.21,237000924.85530463,BTCUSD,-262.123578,-313.86011,51.736532,43.89,83208.782,41704.625,200.46799999999348,-133751.567,-38845.829
1575763200,2019-12-08 00:00:00,7487.31,7564.0,7374.86,7510.11,223314325.61846468,BTCUSD,-238.786865,-298.845461,60.058596,44.47,84380.338,41942.11,-496.1180000000022,-134247.685,-31390.687
1575849600,2019-12-09 00:00:00,7510.11,7650.0,7273.0,7338.64,347471155.4826833,BTCUSD,-231.460417,-285.368452,53.908035,40.86,136440.176,66499.449,-3441.2780000000203,-137688.963,-34613.471
1575936000,2019-12-10 00:00:00,7338.64,7407.6,7157.1,7224.13,363127435.3955167,BTCUSD,-232.217297,-274.738221,42.520924,38.61,126662.794,61838.397,-2986.0,-140674.963,-36064.365
1576022400,2019-12-11 00:00:00,7224.15,7275.5,7125.66,7210.0,217095653.86658928,BTCUSD,-231.291123,-266.048801,34.757679,38.33,97320.727,48330.933,-658.8610000000044,-141333.824,-27693.287
1576108800,2019-12-12 00:00:00,7210.0,7295.0,7080.3,7198.08,303657479.492691,BTCUSD,-228.880575,-258.615156,29.734581,38.08,140594.105,70699.718,805.3309999999765,-140528.493,-19543.175
1576195200,2019-12-13 00:00:00,7197.76,7309.05,7190.76,7258.48,199836160.23365223,BTCUSD,-219.565409,-250.805207,31.239797,40.22,80178.833,39706.504,-765.8249999999971,-141294.318,-19538.221
1576281600,2019-12-14 00:00:00,7257.37,7271.77,7012.0,7064.05,211004228.015854,BTCUSD,-225.275119,-245.699189,20.424071,35.91,97837.512,46055.74,-5726.032000000007,-147020.35,-22072.525
1576368000,2019-12-15 00:00:00,7064.14,7200.3,7008.35,7118.59,187402764.5635312,BTCUSD,-222.83053,-241.125457,18.294927,37.92,87933.233,44537.104,1140.9750000000058,-145879.375,-20259.142
1576454400,2019-12-16 00:00:00,7119.6,7150.0,6836.0,6891.72,307508569.8925137,BTCUSD,-236.473767,-240.195119,3.721352,33.25,117597.89,55589.143,-6419.604000000007,-152298.979,-25999.342
1576540800,2019-12-17 00:00:00,6891.44,6942.21,6560.0,6623.82,364087469.8222779,BTCUSD,-265.838995,-245.323894,-20.515101,28.75,166411.289,80946.311,-4518.666999999987,-156817.646,-33671.593
1576627200,2019-12-18 00:00:00,6623.84,7440.0,6435.0,7277.83,654057202.1588289,BTCUSD,-233.644698,-242.988055,9.343357,47.45,328489.593,170098.066,11706.53899999999,-145111.107,-18994.687
1576713600,2019-12-19 00:00:00,7277.83,7380.0,7038.31,7150.3,397407677.058565,BTCUSD,-215.931962,-237.576836,21.644875,44.97,158849.566,77011.059,-4827.448000000004,-149938.555,-25734.247
1576800000,2019-12-20 00:00:00,7151.31,7220.0,7079.5,7187.83,229842650.4214953,BTCUSD,-196.599852,-229.38144,32.781587,45.87,86449.566,43256.648,63.729999999995925,-149874.825,-19729.731
1576886400,2019-12-21 00:00:00,7188.01,7190.58,7105.0,7132.75,139069157.08645767,BTCUSD,-183.607005,-220.226553,36.619548,44.72,44340.865,21922.424,-496.0169999999998,-150370.842,-16088.604
1576972800,2019-12-22 00:00:00,7131.59,7518.54,7122.47,7501.44,285577206.9406348,BTCUSD,-141.923868,-204.566016,62.642148,53.19,129797.395,67246.221,4695.047000000006,-145675.795,-10251.068
1577059200,2019-12-23 00:00:00,7500.71,7695.38,7265.84,7317.09,510710431.7668603,BTCUSD,-122.354756,-188.123764,65.769007,49.13,215298.787,104347.76,-6603.267000000022,-152279.062,-15999.713
1577145600,2019-12-24 00:00:00,7317.3,7436.68,7157.04,7255.77,318428019.00091,BTCUSD,-110.520099,-172.603031,62.082932,47.83,149081.004,73067.038,-2946.9279999999853,-155225.99,-19079.25
1577232000,2019-12-25 00:00:00,7255.77,7271.77,7128.86,7204.63,198273303.10954583,BTCUSD,-104.067988,-158.896022,54.828035,46.71,96965.072,47370.959,-2223.153999999995,-157449.144,-22978.608
1577318400,2019-12-26 00:00:00,7205.01,7435.0,7157.12,7202.0,263289798.9561876,BTCUSD,-98.036755,-146.724169,48.687414,46.65,133973.533,66703.488,-566.5570000000007,-158015.701,-24063.666
1577404800,2019-12-27 00:00:00,7202.0,7275.86,7076.42,7254.74,242214722.72289035,BTCUSD,-87.987023,-134.97674,46.989717,48.1,112284.61,55474.655,-1335.300000000003,-159351.001,-25599.434
1577491200,2019-12-28 00:00:00,7254.77,7365.01,7238.67,7316.14,196322192.43800187,BTCUSD,-74.212595,-122.823911,48.611316,49.8,91292.882,44857.62,-1577.6419999999923,-160928.643,-26680.958
1577577600,2019-12-29 00:00:00,7315.36,7528.45,7288.0,7388.24,231731575.8282169,BTCUSD,-56.823369,-109.623802,52.800433,51.8,102543.974,52979.273,3414.572,-157514.071,-19825.108
1577664000,2019-12-30 00:00:00,7388.43,7408.24,7220.0,7246.0,216508875.51767525,BTCUSD,-53.898553,-98.478752,44.5802,47.76,94375.362,44946.508,-4482.34599999999,-161996.417,-21321.454
1577750400,2019-12-31 00:00:00,7246.0,7320.0,7145.01,7195.23,187518399.34504,BTCUSD,-55.04283,-89.791568,34.748738,46.37,89203.437,42880.85,-3441.7370000000083,-165438.154,-24104.33
1577836800,2020-01-01 00:00:00,7195.24,7255.0,7175.15,7200.85,121214452.11606228,BTCUSD,-54.863755,-82.806005,27.94225,46.55,56801.329,28834.2,867.0710000000036,-164571.083,-24042.59
1577923200,2020-01-02 00:00:00,7200.77,7212.5,6924.74,6965.71,225982341.3011403,BTCUSD,-72.855834,-80.815971,7.960137,40.27,115295.677,55404.262,-4487.152999999991,-169058.236,-27763.918
1578009600,2020-01-03 00:00:00,6965.49,7405.0,6871.04,7344.96,495098582.96203536,BTCUSD,-55.868364,-75.82645,19.958085,51.61,208493.458,107485.965,6478.47199999998,-162579.764,-15559.414
1578096000,2020-01-04 00:00:00,7345.0,7404.0,7272.21,7354.11,219874240.93994808,BTCUSD,-41.192502,-68.89966,27.707158,51.85,92586.033,46139.09,-307.8530000000028,-162887.617,-17008.242
1578182400,2020-01-05 00:00:00,7354.19,7495.0,7318.0,7358.75,284848683.7891762,BTCUSD,-28.854747,-60.890678,32.03593,51.98,117765.972,58447.543,-870.8859999999986,-163758.503,-11459.524
1578268800,2020-01-06 00:00:00,7357.64,7795.34,7346.76,7758.0,413330481.2260492,BTCUSD,12.989417,-46.114659,59.104076,61.52,168150.317,86031.412,3912.5069999999832,-159845.996,-3028.35
1578355200,2020-01-07 00:00:00,7758.9,8207.68,7723.71,8145.28,724202791.1429626,BTCUSD,76.51941,-21.587845,98.107255,68.13,280809.162,140703.918,598.6739999999991,-159247.322,-14136.215
1578441600,2020-01-08 00:00:00,8145.92,8455.0,7870.0,8055.98,926410232.6045058,BTCUSD,118.297958,6.389316,111.908642,65.34,321225.114,157260.453,-6704.207999999984,-165951.53,-16012.975
1578528000,2020-01-09 00:00:00,8054.72,8055.96,7750.0,7817.76,507258250.4748797,BTCUSD,130.679009,31.247254,99.431755,58.47,187263.143,91426.059,-4411.025000000023,-170362.555,-20487.73
1578614400,2020-01-10 00:00:00,7817.74,8199.0,7672.0,8197.02,652774220.3884369,BTCUSD,169.144402,58.826684,110.317718,64.81,253783.948,129373.462,4962.975999999995,-165399.579,-15028.737
1578700800,2020-01-11 00:00:00,8198.86,8286.34,8003.16,8020.01,445034349.5647021,BTCUSD,183.233079,83.707963,99.525116,60.19,164741.715,81244.929,-2251.856999999989,-167651.436,-21975.641
1578787200,2020-01-12 00:00:00,8020.01,8197.0,7960.0,8184.98,309351920.45885,BTCUSD,205.34309,108.034988,97.308101,62.85,108629.964,54658.736,687.5079999999871,-166963.928,-14684.866
1578873600,2020-01-13 00:00:00,8184.97,8196.0,8055.89,8110.34,252656965.3581501,BTCUSD,214.371467,129.302284,85.069183,60.87,74581.364,36688.577,-1204.2100000000064,-168168.138,-12942.148
1578960000,2020-01-14 00:00:00,8110.34,8880.0,8105.54,8810.01,1032735180.8658738,BTCUSD,274.816134,158.405054,116.41108,70.31,290777.981,149457.707,8137.432999999961,-160030.705,-2581.561
1579046400,2020-01-15 00:00:00,8814.64,8916.48,8564.0,8821.41,743712237.2790816,BTCUSD,319.950661,190.714175,129.236485,70.44,237633.837,115421.367,-6791.103000000003,-166821.808,-8806.107
1579132800,2020-01-16 00:00:00,8820.01,8859.81,8586.0,8720.01,451752380.28108114,BTCUSD,343.577419,221.286824,122.290595,67.7,167958.963,83305.758,-1347.4469999999856,-168169.255,-8818.254
1579219200,2020-01-17 00:00:00,8720.15,9041.65,8672.44,8913.28,629568740.707009,BTCUSD,373.590549,251.747569,121.84298,70.09,205717.686,102758.035,-201.61599999998,-168370.871,-7442.228
1579305600,2020-01-18 00:00:00,8913.27,8988.88,8806.38,8915.96,340852837.9160803,BTCUSD,393.061457,280.010347,113.051111,70.12,114708.682,57164.221,-380.2400000000053,-168751.111,-11237.04
1579392000,2020-01-19 00:00:00,8915.09,9198.98,8466.0,8701.7,623950864.2762928,BTCUSD,386.745144,301.357306,85.387838,64.05,225314.525,109554.498,-6205.52899999998,-174956.64,-12960.223
1579478400,2020-01-20 00:00:00,8701.72,8746.99,8521.28,8642.35,336447837.0018059,BTCUSD,372.65464,315.616773,57.037867,62.44,125161.675,60421.576,-4318.523000000001,-179275.163,-13837.009
1579564800,2020-01-21 00:00:00,8642.35,8789.0,8488.0,8736.03,316056704.984738,BTCUSD,364.841343,325.461687,39.379656,63.98,107577.153,53560.546,-456.0610000000015,-179731.224,-15160.141
1579651200,2020-01-22 00:00:00,8736.04,8818.0,8590.0,8682.36,252638888.2149256,BTCUSD,350.280711,330.425492,19.855219,62.4,94305.496,46246.208,-1813.0800000000013,-181544.304,-12486.068
1579737600,2020-01-23 00:00:00,8682.77,8691.81,8306.39,8404.52,407428808.67533696,BTCUSD,312.71713,326.883819,-14.166689,54.84,163407.064,79123.155,-5160.754000000015,-186705.058,-24125.294
1579824000,2020-01-24 00:00:00,8404.52,8528.02,8238.0,8439.0,349874174.79003936,BTCUSD,282.473788,318.001813,-35.528025,55.56,144785.391,72647.472,509.5529999999853,-186195.505,-23307.888
1579910400,2020-01-25 00:00:00,8438.99,8451.26,8254.9,8340.58,212869245.63589776,BTCUSD,247.708619,303.943174,-56.234555,52.97,96961.714,47660.876,-1639.962000000014,-187835.467,-24076.964
1579996800,2020-01-26 00:00:00,8340.01,8618.13,8293.66,8615.0,263941925.272999,BTCUSD,239.539115,291.062363,-51.523247,58.75,117898.916,61183.604,4468.292000000001,-183367.175,-23521.179
1580083200,2020-01-27 00:00:00,8614.39,9000.0,8535.0,8907.57,473194952.8044688,BTCUSD,253.747634,283.599417,-29.851783,63.85,172235.328,88760.412,5285.495999999985,-178081.679,-18834.357
1580169600,2020-01-28 00:00:00,8907.57,9400.0,8862.4,9374.21,676593159.4823396,BTCUSD,299.212796,286.722093,12.490703,70.18,244467.546,123183.084,1898.622000000003,-176183.057,-10231.527
1580256000,2020-01-29 00:00:00,9375.34,9449.24,9216.0,9301.53,503188568.8363578,BTCUSD,325.625982,294.502871,31.123112,68.18,169460.643,82813.375,-3833.893000000011,-180016.95,-9654.395
1580342400,2020-01-30 00:00:00,9301.57,9578.0,9204.44,9513.21,569652869.8196837,BTCUSD,359.495391,307.501375,51.994016,70.79,190137.536,96408.369,2679.20200000002,-177337.748,-11938.169
1580428800,2020-01-31 00:00:00,9511.52,9530.22,9210.01,9352.89,425779010.4065367,BTCUSD,369.145379,319.830175,49.315203,66.35,146644.026,70753.403,-5137.220000000001,-182474.968,-14823.532
1580515200,2020-02-01 00:00:00,9351.71,9464.53,9281.0,9384.61,268137739.9933375,BTCUSD,375.029496,330.87004,44.159457,66.79,109040.285,54324.089,-392.1070000000036,-182867.075,-15903.147
1580601600,2020-02-02 00:00:00,9384.41,9477.03,9120.0,9331.51,428064088.6904683,BTCUSD,371.129822,338.921996,32.207826,65.24,148402.977,72902.026,-2598.925000000017,-185466.0,-17297.862
1580688000,2020-02-03 00:00:00,9331.59,9618.79,9234.0,9292.24,476379993.49247247,BTCUSD,360.712472,343.280091,17.432381,64.05,159049.385,79180.283,-688.8190000000177,-186154.819,-26124.114
1580774400,2020-02-04 00:00:00,9291.35,9350.0,9093.01,9197.02,491136137.2107625,BTCUSD,340.84415,342.792903,-1.948753,61.15,147843.902,71776.668,-4290.565999999992,-190445.385,-23623.577
1580860800,2020-02-05 00:00:00,9197.02,9744.45,9177.22,9612.04,613540574.7818311,BTCUSD,354.500545,345.134431,9.366114,67.96,212311.697,111557.886,10804.075000000012,-179641.31,-11472.055
1580947200,2020-02-06 00:00:00,9612.03,9862.57,9526.35,9772.0,631245079.8223813,BTCUSD,373.92045,350.891635,23.028815,70.14,200556.367,98843.932,-2868.502999999997,-182509.813,-14138.942
1581033600,2020-02-07 00:00:00,9772.0,9885.0,9730.0,9813.73,430744860.1814393,BTCUSD,388.203162,358.353941,29.849222,70.7,129740.767,63763.916,-2212.935000000012,-184722.748,-15971.637
1581120000,2020-02-08 00:00:00,9813.87,9940.0,9667.11,9895.05,427781790.200816,BTCUSD,401.456419,366.974436,34.481983,71.81,129267.269,65282.12,1296.971000000005,-183425.777,-8469.137
1581206400,2020-02-09 00:00:00,9895.04,10166.0,9880.75,10151.75,437441704.9053964,BTCUSD,427.742516,379.128052,48.614464,75.02,143407.013,72981.764,2556.514999999985,-180869.262,-1594.099
1581292800,2020-02-10 00:00:00,10151.72,10188.0,9756.0,9851.83,590091358.442907,BTCUSD,419.537236,387.209889,32.327347,65.62,184242.737,89129.888,-5982.960999999981,-186852.223,-7120.999
1581379200,2020-02-11 00:00:00,9851.74,10323.59,9700.0,10223.08,624970415.4054741,BTCUSD,437.942931,397.356497,40.586434,70.54,190119.815,98272.116,6424.416999999987,-180427.806,1116.498
1581465600,2020-02-12 00:00:00,10223.08,10450.0,10223.08,10326.46,629756037.5160786,BTCUSD,455.619382,409.009074,46.610308,71.75,159674.258,80738.924,1803.5899999999965,-178624.216,8080.842
1581552000,2020-02-13 00:00:00,10325.33,10500.0,10080.0,10229.63,815507473.735361,BTCUSD,456.55188,418.517635,38.034244,68.89,213052.717,101980.087,-9092.543000000003,-187716.759,-1521.254
1581638400,2020-02-14 00:00:00,10227.78,10381.56,10111.37,10344.36,482455622.003626,BTCUSD,461.231849,427.060478,34.171371,70.4,130975.746,67096.628,3217.5099999999948,-184499.249,3336.218
1581724800,2020-02-15 00:00:00,10344.36,10375.0,9801.0,9904.72,580845331.1747848,BTCUSD,424.571291,426.562641,-1.99135,58.68,152146.127,70415.864,-11314.399000000005,-195813.648,-12446.473
1581811200,2020-02-16 00:00:00,9904.46,10050.0,9638.12,9917.27,592584876.9040861,BTCUSD,392.011352,419.652383,-27.641031,58.89,141547.956,69642.561,-2262.8340000000026,-198076.482,-19994.803
1581897600,2020-02-17 00:00:00,9910.7,9964.16,9452.67,9706.0,680009637.6159953,BTCUSD,345.180615,404.75803,-59.577414,53.91,185338.179,89956.126,-5425.926999999996,-203502.409,-27319.352
1581984000,2020-02-18 00:00:00,9706.0,10250.0,9576.01,10164.71,696870122.812608,BTCUSD,341.148436,392.036111,-50.887675,61.52,166119.369,84019.968,1920.566999999981,-201581.842,-21564.892
1582070400,2020-02-19 00:00:00,10164.78,10250.0,9350.0,9593.79,547679966.9292257,BTCUSD,288.558113,371.340511,-82.782398,50.38,187495.927,86400.201,-14695.524999999994,-216277.367,-38939.619
1582156800,2020-02-20 00:00:00,9594.65,9699.0,9400.0,9596.42,576020107.4626018,BTCUSD,244.276258,345.927661,-101.651402,50.42,143105.587,69158.41,-4788.766999999993,-221066.134,-38591.166
1582243200,2020-02-21 00:00:00,9597.21,9755.51,9550.21,9677.05,408286949.8035292,BTCUSD,213.230745,319.388277,-106.157533,51.85,98954.288,49439.472,-75.34399999999732,-221141.478,-38274.403
1582329600,2020-02-22 00:00:00,9677.05,9709.17,9560.02,9650.86,237544283.22525856,BTCUSD,184.388126,292.388247,-108.000121,51.33,58419.547,29109.51,-200.52700000000183,-221342.005,-35876.005
1582416000,2020-02-23 00:00:00,9650.85,9990.0,9645.0,9936.4,371815095.46744496,BTCUSD,182.467463,270.40409,-87.936627,56.43,97134.358,49886.568,2638.7780000000057,-218703.227,-32548.408
1582502400,2020-02-24 00:00:00,9936.4,9990.0,9473.56,9656.13,542081527.6408329,BTCUSD,156.525549,247.628382,-91.102833,50.8,157965.671,73688.386,-10588.899000000005,-229292.126,-38846.741
1582588800,2020-02-25 00:00:00,9655.52,9675.0,9250.0,9315.84,514946930.5660231,BTCUSD,107.271279,219.556961,-112.285683,44.94,168641.725,80606.877,-7427.97100000002,-236720.097,-57078.787
1582675200,2020-02-26 00:00:00,9316.48,9377.44,8633.63,8785.25,830717784.3790948,BTCUSD,25.133018,180.672173,-155.539154,37.65,267005.172,125256.227,-16492.718000000023,-253212.815,-70703.002
1582761600,2020-02-27 00:00:00,8786.0,8971.77,8531.0,8823.21,636955872.7625463,BTCUSD,-36.478588,137.242021,-173.720608,38.42,200638.488,99331.859,-1974.7700000000184,-255187.585,-70464.837
1582848000,2020-02-28 00:00:00,8823.25,8900.0,8445.0,8692.91,615664817.0103912,BTCUSD,-94.72838,90.84794,-185.576321,36.74,196066.11,97577.393,-911.3239999999932,-256098.909,-72673.132
1582934400,2020-02-29 00:00:00,8690.8,8790.0,8523.55,8523.61,318585951.9885324,BTCUSD,-152.79157,42.120038,-194.911608,34.63,103524.685,49487.071,-4550.542999999991,-260649.452,-79780.19
1583020800,2020-03-01 00:00:00,8523.61,8750.0,8411.0,8531.88,375729315.25408256,BTCUSD,-195.881743,-5.480318,-190.401425,34.83,174332.916,85613.61,-3105.6959999999963,-263755.148,-76902.925
1583107200,2020-03-02 00:00:00,8530.3,8965.75,8498.0,8915.24,528906629.5628192,BTCUSD,-196.828155,-43.749885,-153.07827,43.36,160294.484,83302.183,6309.882000000012,-257445.266,-77017.46
1583193600,2020-03-03 00:00:00,8911.18,8919.65,8651.0,8760.07,484181096.3229558,BTCUSD,-207.704824,-76.540873,-131.163951,41.02,160123.605,77472.254,-5179.097000000009,-262624.363,-84000.147
1583280000,2020-03-04 00:00:00,8760.07,8848.29,8660.0,8750.87,338849891.95293546,BTCUSD,-214.593327,-104.151364,-110.441963,40.88,105462.12,51814.453,-1833.213999999993,-264457.577,-76740.818
1583366400,2020-03-05 00:00:00,8750.99,9159.42,8746.54,9054.68,524102029.20478296,BTCUSD,-193.309239,-121.982939,-71.3263,47.32,161840.623,81304.772,768.9210000000021,-263688.656,-79189.407
1583452800,2020-03-06 00:00:00,9054.64,9170.0,8985.5,9131.88,397598476.42056286,BTCUSD,-168.272312,-131.240814,-37.031499,48.84,115011.583,56607.201,-1797.1809999999969,-265485.837,-69672.189
1583539200,2020-03-07 00:00:00,9130.89,9188.0,8835.0,8886.66,409983263.789138,BTCUSD,-166.300563,-138.252764,-28.0478,44.44,125804.999,59759.072,-6286.854999999996,-271772.692,-73696.21
1583625600,2020-03-08 00:00:00,8885.25,8886.76,8000.0,8033.31,656931544.7821604,BTCUSD,-230.934086,-156.789028,-74.145058,33.23,237407.028,109247.103,-18912.821999999986,-290685.514,-87183.105
1583712000,2020-03-09 00:00:00,8034.76,8179.31,7632.01,7929.87,918787729.0855838,BTCUSD,-287.192783,-182.869779,-104.323004,32.17,334399.107,165620.727,-3157.652999999991,-293843.167,-92261.325
1583798400,2020-03-10 00:00:00,7929.87,8149.0,7728.01,7894.56,689700153.4490932,BTCUSD,-330.81401,-212.458625,-118.355384,31.79,257068.702,127445.512,-2177.6779999999853,-296020.845,-79743.478
1583884800,2020-03-11 00:00:00,7894.57,7980.0,7590.0,7934.52,624465167.3648188,BTCUSD,-358.032532,-241.573406,-116.459125,32.74,220537.381,109589.744,-1357.8929999999818,-297378.738,-76312.604
1583971200,2020-03-12 00:00:00,7934.58,7966.17,4410.0,4800.0,1628590104.2222133,BTCUSD,-625.324621,-318.323649,-307.000972,15.04,784747.02,376597.666,-31551.68799999997,-328930.426,-107788.948
1584057600,2020-03-13 00:00:00,4800.01,5955.0,3782.13,5578.6,2063819540.6389947,BTCUSD,-765.504752,-407.75987,-357.744883,25.78,935489.242,465297.838,-4893.565999999992,-333823.992,-112481.987
1584144000,2020-03-14 00:00:00,5576.05,5640.52,5055.13,5172.06,736651880.9210789,BTCUSD,-899.039331,-506.015762,-393.023569,24.07,316242.586,157435.123,-1372.3400000000256,-335196.332,-116493.105
1584230400,2020-03-15 00:00:00,5172.48,5940.0,5093.1,5361.3,753755706.4268771,BTCUSD,-978.318909,-600.476392,-377.842517,26.51,356311.765,184750.035,13188.304999999991,-322008.027,-92715.901
1584316800,2020-03-16 00:00:00,5360.33,5365.42,4442.12,5028.97,1113690309.1015868,BTCUSD,-1055.79426,-691.539965,-364.254295,24.99,621555.792,318949.688,16343.584000000032,-305664.443,-68944.346
1584403200,2020-03-17 00:00:00,5028.86,5525.0,4921.45,5312.64,793147908.2684975,BTCUSD,-1081.833532,-769.598679,-312.234854,28.75,429908.098,232442.76,34977.42200000002,-270687.021,-17474.206
1584489600,2020-03-18 00:00:00,5312.64,5436.17,5009.37,5393.04,719748122.45302,BTCUSD,-1083.492409,-832.377425,-251.114984,29.82,402005.703,211992.384,21979.065,-248707.956,6479.629
1584576000,2020-03-19 00:00:00,5393.26,6400.0,5252.53,6162.37,1164739707.514236,BTCUSD,-1011.073553,-868.11665,-142.956902,39.25,499391.19,265398.098,31405.006,-217302.95,38795.959
1584662400,2020-03-20 00:00:00,6162.05,6900.0,5670.0,6208.36,1401734013.175202,BTCUSD,-939.144209,-882.322162,-56.822047,39.77,571898.016,293613.556,15329.09600000002,-201973.854,58675.598
1584748800,2020-03-21 00:00:00,6204.57,6456.98,5860.02,6186.98,794962136.6384171,BTCUSD,-873.792339,-880.616198,6.823858,39.6,387679.649,209288.231,30896.813000000024,-171077.041,92678.107
1584835200,2020-03-22 00:00:00,6187.04,6407.87,5734.01,5816.19,722895653.5100614,BTCUSD,-842.211674,-872.935293,30.723619,36.67,391002.795,206652.155,22301.51500000001,-148775.526,108669.74
1584921600,2020-03-23 00:00:00,5816.05,6600.0,5688.0,6467.31,1015525672.0743864,BTCUSD,-755.929936,-849.534221,93.604285,44.44,489746.087,257236.824,24727.560999999987,-124047.965,138576.398
1585008000,2020-03-24 00:00:00,6465.25,6833.0,6371.33,6744.72,1001890515.2399886,BTCUSD,-657.586126,-811.144602,153.558476,47.4,437968.553,220131.441,2294.328999999969,-121753.636,142703.941
1585094400,2020-03-25 00:00:00,6744.69,6957.96,6450.0,6677.43,880250736.9079887,BTCUSD,-578.410136,-764.597709,186.187573,46.75,400684.542,210095.392,19506.24199999997,-102247.394,161441.262
1585180800,2020-03-26 00:00:00,6677.42,6780.0,6510.0,6737.36,552537189.4793514,BTCUSD,-505.005357,-712.679239,207.673882,47.44,281245.628,144932.277,8618.925999999978,-93628.468,171857.369
1585267200,2020-03-27 00:00:00,6737.27,6842.59,6261.0,6359.11,551326113.8552039,BTCUSD,-471.913232,-664.526037,192.612806,43.59,258213.519,128814.892,-583.734999999986,-94212.203,177560.489
1585353600,2020-03-28 00:00:00,6359.11,6360.0,6024.0,6236.65,577986706.1289365,BTCUSD,-450.377313,-621.696292,171.318979,42.39,341944.185,179087.046,16229.907000000008,-77982.296,212703.218
1585440000,2020-03-29 00:00:00,6236.65,6266.0,5866.56,5881.42,383707122.50096285,BTCUSD,-456.709374,-588.698909,131.989535,39.04,251335.919,129308.418,7280.917000000016,-70701.379,223141.788
1585526400,2020-03-30 00:00:00,5880.5,6599.0,5857.76,6394.38,747569726.4544197,BTCUSD,-415.545839,-554.068295,138.522456,45.72,387321.998,206399.459,25476.919999999984,-45224.459,250796.386
1585612800,2020-03-31 00:00:00,6394.45,6523.23,6321.4,6410.44,465780496.6224872,BTCUSD,-377.278501,-518.710336,141.431835,45.92,262522.644,135500.437,8478.23000000004,-36746.229,260632.509
1585699200,2020-04-01 00:00:00,6412.14,6679.94,6150.11,6642.92,618527468.834164,BTCUSD,-324.452085,-479.858686,155.4066,48.85,390529.602,205706.298,20882.99400000001,-15863.235,313067.191
1585785600,2020-04-02 00:00:00,6643.36,7198.0,6551.0,6794.09,1014494762.4416422,BTCUSD,-267.307263,-437.348401,170.041138,50.73,531321.428,275029.952,18738.476000000024,2875.241,336699.233
1585872000,2020-04-03 00:00:00,6793.86,7048.0,6602.1,6734.1,710254017.100272,BTCUSD,-224.274969,-394.733715,170.458746,49.94,411944.927,213227.061,14509.194999999949,17384.436,352580.768
1585958400,2020-04-04 00:00:00,6732.97,6990.41,6650.01,6856.99,495076283.5209042,BTCUSD,-178.201178,-351.427207,173.22603,51.59,319849.757,168633.54,17417.323000000033,34801.759,356809.786
1586044800,2020-04-05 00:00:00,6857.41,6895.54,6677.52,6772.78,337062083.002028,BTCUSD,-146.790302,-310.499826,163.709524,50.37,239224.508,124679.648,10134.788,44936.547,350600.99
1586131200,2020-04-06 00:00:00,6772.78,7355.14,6765.0,7329.9,837357664.6519214,BTCUSD,-76.065197,-263.612901,187.547704,57.53,461331.013,245413.283,29495.55300000001,74432.1,345119.121
1586217600,2020-04-07 00:00:00,7329.9,7459.69,7077.0,7197.32,757201786.6976631,BTCUSD,-30.363132,-216.962947,186.599815,55.48,419572.04,209708.684,-154.67199999996228,74277.428,322985.384
1586304000,2020-04-08 00:00:00,7197.32,7420.0,7150.0,7361.28,555122600.275026,BTCUSD,18.868778,-169.796602,188.66538,57.5,332599.575,169892.335,7185.094999999972,81462.523,298765.473
1586390400,2020-04-09 00:00:00,7360.26,7371.92,7108.08,7283.54,444741085.9037586,BTCUSD,51.024276,-125.632426,176.656703,56.2,293638.581,148199.882,2761.183000000019,84223.706,286197.56
1586476800,2020-04-10 00:00:00,7283.54,7295.75,6739.98,6858.92,727281590.7719399,BTCUSD,41.763037,-92.153334,133.916371,49.59,440148.453,211454.736,-17238.98099999997,66984.725,238061.766
1586563200,2020-04-11 00:00:00,6858.92,6944.3,6760.0,6876.83,311699573.516674,BTCUSD,35.459867,-66.630694,102.09056,49.86,224157.844,118780.248,13402.652000000002,80387.377,229162.903
1586649600,2020-04-12 00:00:00,6876.84,7177.0,6780.0,6903.79,516235035.1865113,BTCUSD,32.268039,-46.850947,79.118986,50.29,321594.822,165602.5,9610.178000000014,89997.555,214045.52
1586736000,2020-04-13 00:00:00,6903.79,6903.79,6575.0,6837.91,649390681.2485026,BTCUSD,24.144208,-32.651916,56.796124,49.19,421954.773,216013.226,10071.679000000004,100069.234,221822.87
1586822400,2020-04-14 00:00:00,6838.04,6978.0,6754.28,6868.7,474794776.19211113,BTCUSD,19.960418,-22.129449,42.089867,49.74,280445.427,144042.067,7638.706999999995,107707.941,209955.335
1586908800,2020-04-15 00:00:00,6868.57,6933.0,6605.0,6621.24,416947490.61569566,BTCUSD,-3.285348,-18.360629,15.075281,45.44,281136.689,140357.102,-422.484999999986,107285.456,200913.924
1586995200,2020-04-16 00:00:00,6621.25,7190.0,6468.27,7101.94,865277543.3946935,BTCUSD,16.886036,-11.311296,28.197332,53.8,559868.603,297526.011,35183.418999999994,142468.875,236681.078
1587081600,2020-04-17 00:00:00,7101.99,7148.12,6972.98,7027.55,382334236.1694789,BTCUSD,26.563148,-3.736407,30.299555,52.46,277339.601,140468.709,3597.816999999981,146066.692,224048.988
1587168000,2020-04-18 00:00:00,7026.78,7293.08,7014.4,7248.6,354845083.7761889,BTCUSD,51.475835,7.306041,44.169794,55.97,225807.171,119681.739,13556.307,159622.999,230324.378
1587254400,2020-04-19 00:00:00,7248.6,7266.15,7055.6,7120.74,326485586.9317384,BTCUSD,60.208045,17.886442,42.321603,53.51,216975.114,107002.397,-2970.320000000007,156652.679,201877.138
1587340800,2020-04-20 00:00:00,7121.4,7220.0,6751.0,6826.83,629612368.7476892,BTCUSD,42.917576,22.892669,20.024908,48.26,445104.981,221767.063,-1570.8550000000396,155081.824,191828.053
1587427200,2020-04-21 00:00:00,6828.98,6940.0,6762.0,6841.37,411800606.0815972,BTCUSD,30.04171,24.322477,5.719233,48.53,288024.528,149431.948,10839.368000000017,165921.192,181784.427
1587513600,2020-04-22 00:00:00,6841.36,7156.38,6818.0,7125.14,431271646.1755991,BTCUSD,42.248348,27.907651,14.340696,53.6,306482.163,164226.935,21971.706999999995,187892.899,185017.658
1587600000,2020-04-23 00:00:00,7125.12,7738.0,7020.0,7482.39,756320213.5858521,BTCUSD,79.829066,38.291934,41.537132,59.06,472510.047,243729.506,14948.964999999967,202841.864,185457.428
1587686400,2020-04-24 00:00:00,7483.96,7615.96,7388.0,7505.0,452118137.7940016,BTCUSD,110.166562,52.66686,57.499702,59.39,278378.368,139206.084,33.79999999998836,202875.664,168073.905
1587772800,2020-04-25 00:00:00,7505.0,7705.0,7431.07,7538.67,331292050.77197313,BTCUSD,135.365722,69.206632,66.15909,59.9,243266.807,125411.352,7555.896999999997,210431.561,165495.014
1587859200,2020-04-26 00:00:00,7539.03,7700.0,7480.0,7693.1,384202783.2747096,BTCUSD,165.885227,88.542351,77.342876,62.26,269921.936,139301.802,8681.668000000005,219113.229,144681.129
1587945600,2020-04-27 00:00:00,7693.1,7792.02,7606.0,7774.62,504025811.6512536,BTCUSD,194.409109,109.715703,84.693407,63.47,290336.169,145954.546,1572.9230000000098,220686.152,146408.724
1588032000,2020-04-28 00:00:00,7773.51,7780.0,7659.12,7738.98,357391780.9307627,BTCUSD,211.698316,130.112225,81.58609,62.52,217652.761,107731.862,-2189.037000000011,218497.115,137034.592
1588118400,2020-04-29 00:00:00,7738.58,8952.89,7710.05,8778.57,1536390177.0449488,BTCUSD,305.76173,165.242126,140.519604,74.51,871197.569,454524.1,37850.630999999936,256347.746,172124.04
1588204800,2020-04-30 00:00:00,8778.58,9460.0,8401.0,8620.0,1839283907.46252,BTCUSD,363.324214,204.858544,158.465671,70.79,944211.711,459375.562,-25460.587000000058,230887.159,163902.434
1588291200,2020-05-01 00:00:00,8620.0,9059.18,8613.56,8826.96,805640126.6308703,BTCUSD,420.79221,248.045277,172.746933,72.7,417820.386,204405.421,-9009.543999999994,221877.615,141490.238
1588377600,2020-05-02 00:00:00,8825.67,9010.0,8753.0,8972.05,523838859.5442492,BTCUSD,472.59577,292.955376,179.640395,73.99,295769.728,145364.355,-5041.017999999982,216836.597,126839.042
1588464000,2020-05-03 00:00:00,8972.58,9200.0,8712.0,8894.16,808427095.9321591,BTCUSD,501.583452,334.680991,166.902461,72.03,451322.713,217371.059,-16580.594999999972,200256.002,100186.768
1588550400,2020-05-04 00:00:00,8894.15,8950.0,8522.0,8871.96,738343818.6939254,BTCUSD,516.807607,371.106314,145.701293,71.45,440135.307,218397.554,-3340.198999999964,196915.803,89207.862
1588636800,2020-05-05 00:00:00,8871.92,9118.58,8760.0,9021.83,683083018.8779808,BTCUSD,534.801261,403.845303,130.955957,73.03,409920.13,199885.621,-10148.887999999975,186766.915,79481.459
1588723200,2020-05-06 00:00:00,9021.36,9395.0,8906.21,9142.92,972793508.4649074,BTCUSD,552.463852,433.569013,118.894839,74.27,507753.8,249555.756,-8642.288,178124.627,35655.752
1588809600,2020-05-07 00:00:00,9143.4,10067.0,9021.0,9986.4,1409783462.006364,BTCUSD,627.292334,472.313677,154.978657,80.88,738920.219,369859.624,799.0289999999804,178923.656,32856.964
1588896000,2020-05-08 00:00:00,9986.3,10035.96,9705.0,9800.01,997005843.7404792,BTCUSD,663.90129,510.6312,153.27009,76.22,458034.211,222614.924,-12804.363000000012,166119.293,6496.294
1588982400,2020-05-09 00:00:00,9800.02,9914.25,9520.0,9539.4,795001351.6797024,BTCUSD,664.228291,541.350618,122.877673,70.14,411941.957,196911.183,-18119.59100000001,147999.702,-8652.977
1589068800,2020-05-10 00:00:00,9539.1,9574.83,8117.0,8722.77,1594996476.9756367,BTCUSD,591.770662,551.434627,40.336035,55.26,842909.031,410046.262,-22816.506999999983,125183.195,-29898.629
1589155200,2020-05-11 00:00:00,8722.77,9168.0,8200.0,8561.52,1468392820.7608037,BTCUSD,515.394791,544.22666,-28.831868,52.87,805164.964,406724.545,8284.125999999931,133467.321,-32453.871
1589241600,2020-05-12 00:00:00,8562.04,8978.26,8528.78,8810.79,760195457.0509585,BTCUSD,469.567488,529.294825,-59.727338,56.03,369716.041,189935.399,10154.756999999983,143622.078,-44270.821
1589328000,2020-05-13 00:00:00,8810.99,9398.0,8792.99,9309.37,839725719.9602077,BTCUSD,468.084472,517.052755,-48.968283,61.58,379719.0,198949.784,18180.56800000003,161802.646,-41039.218
1589414400,2020-05-14 00:00:00,9309.35,9939.0,9256.76,9791.98,1247456797.813666,BTCUSD,500.087073,513.659618,-13.572546,66.05,602528.438,306992.154,11455.869999999995,173258.516,-29617.148
1589500800,2020-05-15 00:00:00,9791.97,9845.62,9150.0,9316.42,1099721375.8919055,BTCUSD,481.524927,507.23268,-25.707753,58.79,504107.096,247709.009,-8689.078000000038,164569.438,-45862.123
1589587200,2020-05-16 00:00:00,9315.96,9588.0,9220.0,9381.27,560547005.0259086,BTCUSD,466.667691,499.119682,-32.451991,59.45,287768.201,149815.483,11862.765000000014,176432.203,-42681.026
1589673600,2020-05-17 00:00:00,9380.81,9888.0,9322.1,9680.04,663088800.815278,BTCUSD,473.542761,494.004298,-20.461537,62.41,300859.34,156225.07,11590.799999999988,188023.003,-32663.149
1589760000,2020-05-18 00:00:00,9681.11,9950.0,9464.23,9733.93,797622297.3261682,BTCUSD,477.83163,490.769765,-12.938134,62.93,363732.37,182681.387,1630.4039999999804,189653.407,-28843.708
1589846400,2020-05-19 00:00:00,9733.93,9897.21,9474.0,9775.53,760713946.0085461,BTCUSD,479.064999,488.428811,-9.363812,63.36,376313.845,191772.049,7230.253000000026,196883.66,-59464.086
1589932800,2020-05-20 00:00:00,9775.13,9842.0,9326.0,9511.43,721190802.7634026,BTCUSD,453.504077,481.443865,-27.939787,58.75,334423.59,166431.866,-1559.8580000000077,195323.802,-35563.357
1590019200,2020-05-21 00:00:00,9511.43,9578.47,8815.0,9068.65,1002046265.9412596,BTCUSD,392.988095,463.752711,-70.764616,51.92,461439.193,228136.236,-5166.72100000002,190157.081,-31720.534
1590105600,2020-05-22 00:00:00,9067.51,9271.0,8933.52,9170.0,537847834.4967086,BTCUSD,349.181692,440.838507,-91.656815,53.26,276008.073,144234.318,12460.563000000024,202617.644,-14218.953
1590192000,2020-05-23 00:00:00,9170.0,9307.85,9070.0,9179.15,400407195.6289224,BTCUSD,311.611072,414.99302,-103.381948,53.38,201589.66,103801.023,6012.385999999999,208630.03,8374.028
1590278400,2020-05-24 00:00:00,9179.01,9298.0,8700.0,8720.34,636787240.3733248,BTCUSD,242.024049,380.399226,-138.375176,46.59,339643.378,167958.764,-3725.850000000035,204904.18,7988.377
1590364800,2020-05-25 00:00:00,8718.14,8979.66,8642.72,8900.35,553545285.9140139,BTCUSD,199.105966,344.140574,-145.034608,49.32,302980.106,158161.834,13343.561999999976,218247.742,31480.827
1590451200,2020-05-26 00:00:00,8900.35,9017.67,8700.0,8841.18,516455128.890688,BTCUSD,158.491559,307.010771,-148.519212,48.44,275619.158,139848.562,4077.966000000015,222325.708,44201.081
1590537600,2020-05-27 00:00:00,8841.0,9225.0,8811.73,9204.07,624660855.7800369,BTCUSD,153.813473,276.371311,-122.557838,53.85,272253.998,143948.195,15642.391999999993,237968.1,59044.444
1590624000,2020-05-28 00:00:00,9204.07,9625.47,9110.0,9575.89,693930106.1813825,BTCUSD,178.056301,256.708309,-78.652008,58.64,327412.374,172464.347,17516.320000000007,255484.42,89365.127
1590710400,2020-05-29 00:00:00,9575.87,9605.26,9330.0,9427.07,542758086.6064701,BTCUSD,183.149157,241.996479,-58.847322,56.13,238691.299,118443.514,-1804.271000000008,253680.149,105680.447
1590796800,2020-05-30 00:00:00,9426.6,9740.0,9331.23,9697.72,530598690.0714505,BTCUSD,206.642429,234.925669,-28.283239,59.52,255234.058,132940.629,10647.199999999984,264327.349,139144.154
1590883200,2020-05-31 00:00:00,9697.72,9700.0,9381.41,9448.27,461272298.85252047,BTCUSD,202.794795,228.499494,-25.704699,55.28,219829.356,105922.349,-7984.657999999996,256342.691,122875.37
1590969600,2020-06-01 00:00:00,9448.27,10380.0,9421.67,10200.77,749707596.6593573,BTCUSD,257.497705,234.299136,23.198568,63.69,333740.457,177298.14,20855.82300000004,277198.514,133576.436
1591056000,2020-06-02 00:00:00,10202.71,10228.99,9266.0,9518.04,1070060237.1302092,BTCUSD,242.958871,236.031083,6.927788,53.8,354168.517,170346.23,-13476.056999999972,263722.457,101919.811
1591142400,2020-06-03 00:00:00,9518.02,9690.0,9365.21,9666.24,441928818.0430156,BTCUSD,240.621507,236.949168,3.672339,55.42,185389.412,95209.61,5029.80799999999,268752.265,95493.749
1591228800,2020-06-04 00:00:00,9666.32,9881.63,9450.0,9789.06,557234945.6467389,BTCUSD,245.84572,238.728478,7.117242,56.77,264515.319,135545.415,6575.510999999999,275327.776,110758.338
1591315200,2020-06-05 00:00:00,9788.14,9854.75,9581.0,9621.16,465200788.2036338,BTCUSD,233.743372,237.731457,-3.988085,54.35,237103.042,114621.744,-7859.553999999975,267468.222,91036.019
1591401600,2020-06-06 00:00:00,9621.17,9735.0,9531.05,9666.3,315604867.236149,BTCUSD,225.198645,235.224895,-10.02625,54.9,152526.703,78270.202,4013.701000000001,271481.923,83458.92
1591488000,2020-06-07 00:00:00,9666.85,9802.0,9372.46,9746.99,556919603.7915448,BTCUSD,222.374501,232.654816,-10.280315,55.94,253986.313,128587.599,3188.8850000000093,274670.808,85017.401
1591574400,2020-06-08 00:00:00,9746.99,9800.0,9633.0,9782.01,395459395.8213373,BTCUSD,220.421288,230.20811,-9.786822,56.41,162086.419,81571.025,1055.630999999994,275726.439,78842.779
1591660800,2020-06-09 00:00:00,9782.0,9877.0,9570.0,9772.43,447208895.8386984,BTCUSD,215.614853,227.289459,-11.674605,56.23,204422.819,100901.543,-2619.7329999999783,273106.706,77782.904
1591747200,2020-06-10 00:00:00,9772.44,9992.72,9704.18,9885.0,462384305.3511994,BTCUSD,218.371922,225.505952,-7.13403,57.89,193628.149,95878.768,-1870.613000000012,271236.093,81079.012
1591833600,2020-06-11 00:00:00,9885.22,9964.0,9113.0,9280.4,902075648.5453848,BTCUSD,169.81325,214.367411,-44.554161,47.47,404046.613,185222.513,-33601.587,237634.506,35016.862
1591920000,2020-06-12 00:00:00,9278.88,9557.12,9232.51,9465.13,472007894.37567526,BTCUSD,144.569809,200.407891,-55.838082,50.41,211611.34,109919.41,8227.48000000001,245861.986,37231.956
1592006400,2020-06-13 00:00:00,9464.96,9494.73,9351.0,9473.34,261673162.2584724,BTCUSD,123.799594,185.086231,-61.286638,50.54,113449.075,57601.88,1754.6849999999977,247616.671,42712.491
1592092800,2020-06-14 00:00:00,9473.34,9480.99,9245.0,9342.1,282131272.3800662,BTCUSD,95.646524,167.19829,-71.551766,48.32,143978.523,72124.508,270.4930000000168,247887.164,29639.422
1592179200,2020-06-15 00:00:00,9342.1,9495.0,8910.45,9426.02,793518842.5509843,BTCUSD,79.193759,149.597384,-70.403624,49.83,413865.727,212684.242,11502.756999999983,259389.921,37064.213
1592265600,2020-06-16 00:00:00,9426.05,9589.0,9373.09,9525.59,494458269.13979113,BTCUSD,73.34383,134.346673,-61.002843,51.65,225713.247,117909.667,10106.087,269496.008,31527.908
1592352000,2020-06-17 00:00:00,9526.97,9565.0,9236.61,9465.14,453209812.2257807,BTCUSD,63.102502,120.097839,-56.995336,50.46,227477.39,113576.493,-324.40400000000955,269171.604,13687.184
1592438400,2020-06-18 00:00:00,9465.13,9489.0,9280.0,9386.32,351649555.0725387,BTCUSD,48.071918,105.692655,-57.620737,48.87,158349.247,80186.369,2023.491000000009,271195.095,17514.946
1592524800,2020-06-19 00:00:00,9386.32,9438.3,9215.79,9310.23,423086965.1927383,BTCUSD,29.678134,90.489751,-60.811617,47.32,219510.059,112351.565,5193.070999999996,276388.166,12060.817
1592611200,2020-06-20 00:00:00,9310.23,9395.0,9170.95,9358.95,282120360.5567526,BTCUSD,18.815332,76.154867,-57.339534,48.45,154462.29,80710.791,6959.291999999987,283347.458,27004.767
1592697600,2020-06-21 00:00:00,9358.95,9422.0,9281.54,9294.69,227467940.6102112,BTCUSD,4.964017,61.916697,-56.95268,47.02,110599.558,56895.909,3192.2599999999948,286539.718,9341.204
1592784000,2020-06-22 00:00:00,9294.69,9780.0,9277.09,9685.69,550995799.0694705,BTCUSD,25.24616,54.58259,-29.336429,55.59,260561.647,140316.059,20070.47100000002,306610.189,42887.732
1592870400,2020-06-23 00:00:00,9685.69,9720.0,9577.03,9624.89,395487616.460878,BTCUSD,35.99888,50.865848,-14.866968,54.12,164673.499,76851.398,-10970.703000000009,295639.486,26887.221
1592956800,2020-06-24 00:00:00,9624.33,9670.0,9208.0,9296.49,579426702.7966821,BTCUSD,17.815981,44.255874,-26.439893,46.93,300450.251,136984.949,-26480.353000000003,269159.133,-6168.643
1593043200,2020-06-25 00:00:00,9298.33,9340.0,9009.69,9249.49,514396747.4047828,BTCUSD,-0.382199,35.32826,-35.710458,45.98,272566.502,138543.944,4521.385999999999,273680.519,6212.297
1593129600,2020-06-26 00:00:00,9249.49,9298.0,9045.45,9162.21,461347064.8295031,BTCUSD,-21.598184,23.942971,-45.541155,44.21,249348.67,126311.431,3274.191999999981,276954.711,5472.788
1593216000,2020-06-27 00:00:00,9162.21,9196.24,8833.0,9012.0,419606802.2372013,BTCUSD,-49.956825,9.163012,-59.119837,41.26,237840.165,118398.945,-1042.2749999999942,275912.436,1241.628
1593302400,2020-06-28 00:00:00,9012.0,9191.0,8948.06,9116.35,278721674.9221112,BTCUSD,-63.281608,-5.325912,-57.955696,44.05,153842.891,81266.509,8690.127000000008,284602.563,8876.124
1593388800,2020-06-29 00:00:00,9116.16,9238.0,9024.67,9192.56,384206326.4706804,BTCUSD,-66.920666,-17.644863,-49.275803,46.07,176660.525,92094.713,7528.901000000013,292131.464,19024.758
1593475200,2020-06-30 00:00:00,9192.93,9205.0,9064.89,9138.55,287781334.51701576,BTCUSD,-73.31764,-28.779418,-44.538222,44.84,143469.832,68278.846,-6912.139999999985,285219.324,13983.231
1593561600,2020-07-01 00:00:00,9138.08,9292.0,9080.1,9232.0,354087627.1696612,BTCUSD,-70.039285,-37.031392,-33.007894,47.46,161642.185,81634.131,1626.0769999999902,286845.401,49210.895
1593648000,2020-07-02 00:00:00,9231.99,9261.96,8940.0,9086.54,417724468.8873568,BTCUSD,-78.276252,-45.280364,-32.995888,43.96,230747.519,107214.396,-16318.727000000014,270526.674,24664.688
1593734400,2020-07-03 00:00:00,9086.54,9125.0,9037.47,9058.26,263123750.4671724,BTCUSD,-86.093633,-53.443018,-32.650615,43.29,96947.338,45864.438,-5218.462,265308.212,17691.541
1593820800,2020-07-04 00:00:00,9057.79,9190.0,9040.04,9135.46,240576054.91572312,BTCUSD,-85.078833,-59.770181,-25.308653,45.72,100215.438,50806.64,1397.8420000000042,266706.054,18818.89
1593907200,2020-07-05 00:00:00,9135.0,9145.24,8893.03,9069.41,308410443.6592152,BTCUSD,-88.583149,-65.532774,-23.050374,43.98,139545.566,63262.066,-13021.433999999994,253684.62,-5705.301
1593993600,2020-07-06 00:00:00,9069.41,9375.0,9055.92,9344.2,502548376.20946366,BTCUSD,-68.398631,-66.105946,-2.292685,52.12,199643.828,111431.517,23219.20600000001,276903.826,7407.818
1594080000,2020-07-07 00:00:00,9342.47,9379.42,9203.0,9257.39,320576525.3553498,BTCUSD,-58.730092,-64.630775,5.900683,49.67,127833.975,66946.034,6058.0929999999935,282961.919,13790.315
1594166400,2020-07-08 00:00:00,9257.4,9470.0,9231.0,9436.06,525344876.6999235,BTCUSD,-36.23286,-58.951192,22.718332,54.43,170243.001,94717.213,19191.425000000017,302153.344,30958.249
1594252800,2020-07-09 00:00:00,9436.06,9440.79,9160.0,9232.43,447640493.54432976,BTCUSD,-34.437902,-54.048534,19.610632,48.77,188355.856,84271.829,-19812.198000000004,282341.146,5952.98
1594339200,2020-07-10 00:00:00,9232.42,9317.48,9125.0,9288.34,352238898.7694825,BTCUSD,-28.179085,-48.874644,20.69556,50.3,140849.874,66533.323,-7783.228000000003,274557.918,-8789.54
1594425600,2020-07-11 00:00:00,9288.34,9299.28,9178.25,9234.03,208410250.50959367,BTCUSD,-27.286745,-44.557064,17.270319,48.77,74976.521,34905.923,-5164.674999999988,269393.243,-17146.475
1594512000,2020-07-12 00:00:00,9234.02,9345.0,9157.5,9302.75,285591381.4915314,BTCUSD,-20.794721,-39.804596,19.009875,50.8,127841.882,62954.055,-1933.7719999999968,267459.471,-39150.718
1594598400,2020-07-13 00:00:00,9303.31,9343.82,9200.89,9242.62,396614086.7962699,BTCUSD,-20.268096,-35.897296,15.6292,48.97,136117.659,63188.051,-9741.557000000015,257717.914,-37921.572
1594684800,2020-07-14 00:00:00,9242.61,9279.54,9113.0,9255.85,421789086.45494735,BTCUSD,-18.569138,-32.431664,13.862527,49.41,129704.278,61998.831,-5706.616000000009,252011.298,-17147.835
1594771200,2020-07-15 00:00:00,9255.85,9276.49,9160.57,9197.6,360201683.4948052,BTCUSD,-21.673154,-30.279962,8.606808,47.5,104107.708,47547.128,-9013.452000000005,242997.846,-30682.673
1594857600,2020-07-16 00:00:00,9197.6,9226.15,9047.25,9133.72,395883667.0248003,BTCUSD,-28.95393,-30.014756,1.060826,45.43,148089.45,67858.966,-12371.518000000013,230626.328,-46328.383
1594944000,2020-07-17 00:00:00,9133.72,9186.83,9089.81,9154.32,256360345.57676795,BTCUSD,-32.684976,-30.5488,-2.136177,46.25,80940.584,39063.858,-2812.868000000002,227813.46,-48098.976
1595030400,2020-07-18 00:00:00,9154.31,9219.3,9121.1,9170.28,206628105.3627889,BTCUSD,-33.96252,-31.231544,-2.730976,46.91,63233.596,32794.84,2356.083999999996,230169.544,-54433.019
1595116800,2020-07-19 00:00:00,9170.3,9232.27,9101.35,9208.99,238521988.0313255,BTCUSD,-31.488431,-31.282921,-0.205509,48.56,75554.579,38551.338,1548.0970000000088,231717.641,-60413.823
1595203200,2020-07-20 00:00:00,9208.99,9221.52,9131.0,9160.78,325297289.27265835,BTCUSD,-33.037011,-31.633739,-1.403272,46.61,72429.691,32696.934,-7035.823000000004,224681.818,-60537.506
1595289600,2020-07-21 00:00:00,9160.78,9437.73,9152.8,9390.0,563360524.7994282,BTCUSD,-15.58844,-28.424679,12.83624,55.69,179211.347,93179.366,7147.38499999998,231829.203,-55016.198
1595376000,2020-07-22 00:00:00,9390.0,9544.0,9261.0,9518.16,457776105.6155714,BTCUSD,8.483329,-21.043078,29.526407,59.8,126598.902,65342.03,4085.157999999996,235914.361,-34612.313
1595462400,2020-07-23 00:00:00,9518.16,9664.0,9440.33,9603.27,494282948.7336824,BTCUSD,34.035703,-10.027321,44.063024,62.31,166990.147,81460.964,-4068.218999999983,231846.142,-33462.07
1595548800,2020-07-24 00:00:00,9603.27,9637.0,9463.44,9537.8,419240263.5218282,BTCUSD,48.444819,1.667107,46.777713,59.25,133975.068,63967.088,-6040.891999999993,225805.25,-40900.804
1595635200,2020-07-25 00:00:00,9538.1,9732.9,9513.0,9700.42,391431695.7168218,BTCUSD,72.154471,15.76458,56.389892,63.98,133377.589,66055.303,-1266.9830000000077,224538.267,-29146.353
1595721600,2020-07-26 00:00:00,9700.42,10111.0,9650.0,9931.54,644607634.4817771,BTCUSD,108.345059,34.280675,74.064384,69.41,261998.786,132891.296,3783.8060000000114,228322.073,-48581.753
1595808000,2020-07-27 00:00:00,9931.54,11394.86,9917.21,11029.96,1580355372.0991795,BTCUSD,223.088055,72.042151,151.045903,82.73,744752.4,380222.453,15692.505999999936,244014.579,-38947.34
1595894400,2020-07-28 00:00:00,11029.96,11242.23,10565.0,10906.27,1065375500.1891888,BTCUSD,300.57709,117.749139,182.827951,78.58,499486.679,243655.645,-12175.389000000025,231839.19,-70314.154
1595980800,2020-07-29 00:00:00,10906.27,11342.82,10812.0,11100.53,853242253.6158236,BTCUSD,373.359018,168.871115,204.487903,80.26,356188.761,176819.81,-2549.141000000004,229290.049,-53051.097
1596067200,2020-07-30 00:00:00,11100.52,11170.0,10831.0,11099.61,669779541.8872833,BTCUSD,426.053701,220.307632,205.746069,80.23,230327.988,111066.508,-8194.972000000009,221095.077,-53462.841
1596153600,2020-07-31 00:00:00,11099.79,11444.0,10960.0,11335.46,786344325.8552314,BTCUSD,481.297642,272.505634,208.792008,82.19,307399.731,155727.416,4055.100999999966,225150.178,-44243.065
1596240000,2020-08-01 00:00:00,11335.46,11861.0,11220.0,11801.17,987817017.3186324,BTCUSD,556.245713,329.25365,226.992064,85.29,386322.642,187510.85,-11300.94199999998,213849.236,-53610.235
1596326400,2020-08-02 00:00:00,11801.17,12123.46,10518.5,11071.35,1105757335.5281618,BTCUSD,550.407471,373.484414,176.923057,65.91,492803.351,232883.459,-27036.43300000002,186812.803,-70905.111
1596412800,2020-08-03 00:00:00,11071.36,11473.0,10936.0,11219.81,641127593.2614517,BTCUSD,551.403862,409.068304,142.335558,67.53,238654.591,113586.768,-11481.054999999991,175331.748,-76679.55
1596499200,2020-08-04 00:00:00,11219.68,11414.98,11000.0,11191.97,658084242.6797222,BTCUSD,543.679851,435.990613,107.689238,66.89,200044.934,91250.173,-17544.588000000018,157787.16,-85210.686
1596585600,2020-08-05 00:00:00,11191.99,11780.93,11093.0,11744.91,861433645.4244397,BTCUSD,575.541668,463.900824,111.640844,72.47,263510.011,127718.099,-8073.812999999995,149713.347,-80912.981
1596672000,2020-08-06 00:00:00,11744.91,11900.0,11562.5,11762.46,746479211.7155949,BTCUSD,595.34575,490.189809,105.155941,72.63,236459.595,110128.066,-16203.462999999989,133509.884,-94303.576
1596758400,2020-08-07 00:00:00,11762.47,11909.94,11322.0,11594.23,767005529.2821208,BTCUSD,590.657145,510.283276,80.373869,68.57,273935.127,126930.385,-20074.35699999999,113435.527,-116734.017
1596844800,2020-08-08 00:00:00,11594.36,11808.27,11512.0,11761.41,489087264.3602809,BTCUSD,593.588897,526.944401,66.644497,70.35,154707.303,73299.635,-8108.033000000025,105327.494,-126390.147
1596931200,2020-08-09 00:00:00,11761.02,11797.11,11521.97,11681.68,483708602.8963804,BTCUSD,582.76108,538.107737,44.653344,68.37,125463.463,58963.655,-7536.153000000006,97791.341,-126890.477
1597017600,2020-08-10 00:00:00,11681.69,12067.35,11450.0,11892.92,1009169063.3832128,BTCUSD,584.48765,547.383719,37.103931,70.72,290418.014,138899.093,-12619.828000000038,85171.513,-146657.69
1597104000,2020-08-11 00:00:00,11892.9,11935.0,11125.0,11392.08,1049615697.1379416,BTCUSD,539.2265,545.752275,-6.525776,59.43,336861.638,156502.461,-23856.71599999996,61314.797,-174599.564
1597190400,2020-08-12 00:00:00,11392.09,11617.52,11150.0,11564.33,743303608.0999826,BTCUSD,511.361194,538.874059,-27.512865,61.7,213799.491,102352.766,-9093.959000000004,52220.838,-179625.304
1597276800,2020-08-13 00:00:00,11564.34,11792.96,11270.36,11780.0,809611114.2132485,BTCUSD,500.906368,531.280521,-30.374153,64.38,248214.725,118969.247,-10276.231,41944.607,-183860.643
1597363200,2020-08-14 00:00:00,11779.77,11850.0,11634.03,11760.54,702273220.6964157,BTCUSD,485.454565,522.11533,-36.660764,63.94,159019.959,75682.922,-7654.114999999991,34290.492,-190247.775
1597449600,2020-08-15 00:00:00,11760.55,11980.0,11680.0,11852.4,667446824.0641296,BTCUSD,475.14407,512.721078,-37.577008,65.14,222262.987,105834.035,-10594.916999999989,23695.575,-204626.498
1597536000,2020-08-16 00:00:00,11852.4,11931.72,11686.0,11911.0,489731524.6369436,BTCUSD,466.325943,503.442051,-37.116108,65.92,165733.721,76667.848,-12398.024999999994,11297.55,-232717.029
1597622400,2020-08-17 00:00:00,11910.99,12468.0,11769.78,12281.13,1026883452.894772,BTCUSD,483.628938,499.479428,-15.85049,70.41,331435.112,161447.129,-8540.85400000005,2756.696,-229082.494
1597708800,2020-08-18 00:00:00,12281.15,12387.77,11817.93,11945.01,920402307.1768104,BTCUSD,464.860984,492.555739,-27.694756,62.37,291349.888,132683.109,-25983.669999999984,-23226.974,-252517.023
1597795200,2020-08-19 00:00:00,11945.1,12020.08,11561.0,11754.59,870612801.5295693,BTCUSD,429.668985,479.978388,-50.309403,58.31,313267.066,148727.263,-15812.53999999998,-39039.514,-260134.591
1597881600,2020-08-20 00:00:00,11754.38,11888.0,11668.0,11853.55,543576025.0485107,BTCUSD,405.094639,465.001639,-59.907,59.78,130981.044,61692.133,-7596.777999999991,-46636.292,-271786.47
1597968000,2020-08-21 00:00:00,11853.54,11878.0,11485.81,11531.34,755451999.6540914,BTCUSD,355.521409,443.105593,-87.584184,53.22,195106.536,88228.749,-18649.038,-65285.33,-279134.566
1598054400,2020-08-22 00:00:00,11531.23,11686.0,11376.81,11662.96,504305451.410864,BTCUSD,323.130059,419.110486,-95.980427,55.37,126696.73,58241.406,-10213.91799999999,-75499.248,-262312.051
1598140800,2020-08-23 00:00:00,11663.51,11718.07,11514.13,11648.13,440406018.65187865,BTCUSD,292.886807,393.86575,-100.978943,55.07,95608.033,45109.884,-5388.264999999999,-80887.513,-256219.261
1598227200,2020-08-24 00:00:00,11648.12,11824.9,11585.09,11748.2,542298951.538298,BTCUSD,273.837001,369.86,-96.022999,56.81,108781.125,51421.572,-5937.981,-86825.494,-244612.654
1598313600,2020-08-25 00:00:00,11748.19,11767.85,11117.64,11318.42,797034671.6452801,BTCUSD,221.506846,340.189369,-118.682523,48.17,267234.771,121453.963,-24326.845,-111152.339,-260865.686
1598400000,2020-08-26 00:00:00,11318.42,11539.32,11244.0,11461.43,615452789.9673375,BTCUSD,189.391348,310.029765,-120.638417,50.85,170305.024,82683.838,-4937.347999999998,-116089.687,-249599.571
1598486400,2020-08-27 00:00:00,11461.42,11592.2,11125.0,11330.38,717474981.6640126,BTCUSD,151.617195,278.347251,-126.730056,48.38,253778.342,121995.529,-9787.284000000014,-125876.971,-239312.498
1598572800,2020-08-28 00:00:00,11330.38,11542.65,11276.89,11526.91,525606229.654251,BTCUSD,135.971837,249.872168,-113.900331,52.13,129477.627,64801.238,124.84900000000198,-125752.122,-231079.616
1598659200,2020-08-29 00:00:00,11526.9,11580.02,11417.04,11465.84,379228275.2707224,BTCUSD,117.292861,223.356307,-106.063446,50.89,83715.229,39277.408,-5160.4130000000005,-130912.535,-228703.876
1598745600,2020-08-30 00:00:00,11465.84,11719.0,11458.0,11711.16,501375342.93503886,BTCUSD,120.89135,202.863316,-81.971965,55.47,113266.672,56823.628,380.583999999988,-130531.951,-215703.464
1598832000,2020-08-31 00:00:00,11711.17,11800.77,11570.0,11649.51,646723855.5714536,BTCUSD,117.415052,185.773663,-68.358611,54.1,127272.378,60216.605,-6839.167999999991,-137371.119,-198685.916
1598918400,2020-09-01 00:00:00,11649.51,12050.85,11515.0,11921.97,928047313.4889666,BTCUSD,135.088094,175.636549,-40.548455,58.91,211680.828,104458.17,-2764.488000000012,-140135.607,-192356.445
1599004800,2020-09-02 00:00:00,11921.97,11954.57,11160.1,11388.54,1005391012.1338753,BTCUSD,104.842209,161.477681,-56.635472,48.25,280411.964,127800.691,-24810.58199999997,-164946.189,-206890.796
1599091200,2020-09-03 00:00:00,11388.54,11462.6,9960.8,10140.85,1325106403.3158674,BTCUSD,-19.580319,125.266081,-144.8464,33.14,487812.737,224882.98,-38046.777,-202992.966,-237283.458
1599177600,2020-09-04 00:00:00,10138.29,10627.05,9875.5,10446.25,959925718.3512752,BTCUSD,-92.476826,81.7175,-174.194326,38.24,432563.841,211148.578,-10266.684999999998,-213259.651,-236955.226
1599264000,2020-09-05 00:00:00,10446.25,10565.68,9825.0,10166.69,917578408.8761182,BTCUSD,-170.83669,31.206662,-202.043351,35.57,399307.282,183265.457,-32776.36800000002,-246036.019,-257333.569
1599350400,2020-09-06 00:00:00,10166.69,10347.14,9994.86,10256.2,574903000.2351745,BTCUSD,-223.142489,-19.663168,-203.479321,37.08,190207.654,86302.08,-17603.494000000006,-263639.513,-266396.209
1599436800,2020-09-07 00:00:00,10255.89,10410.75,9875.0,10373.44,634278537.8151095,BTCUSD,-252.227404,-66.176016,-186.051388,39.11,258476.949,121049.246,-16378.456999999997,-280017.97,-256790.996
1599523200,2020-09-08 00:00:00,10373.45,10438.0,9850.0,10126.65,742947901.9712393,BTCUSD,-291.827295,-111.306271,-180.521024,36.45,317802.322,150366.645,-17069.032000000007,-297087.002,-258047.488
1599609600,2020-09-09 00:00:00,10126.66,10343.0,9981.01,10219.2,503082625.2147909,BTCUSD,-312.144278,-151.473873,-160.670405,38.15,151222.689,72122.522,-6977.645000000019,-304064.647,-257428.355
1599696000,2020-09-10 00:00:00,10219.29,10483.35,10070.83,10336.87,602390078.4922807,BTCUSD,-315.118162,-184.202731,-130.915431,40.33,187667.873,87283.386,-13101.100999999995,-317165.748,-251880.418
1599782400,2020-09-11 00:00:00,10336.86,10397.6,10200.0,10387.89,451241002.66033614,BTCUSD,-309.787066,-209.319598,-100.467468,41.29,135929.303,64281.517,-7366.269000000015,-324532.017,-249032.769
1599868800,2020-09-12 00:00:00,10387.89,10477.97,10269.25,10440.92,366912671.4437269,BTCUSD,-297.849631,-227.025604,-70.824027,42.34,97429.037,47963.934,-1501.1689999999944,-326033.186,-245145.673
1599955200,2020-09-13 00:00:00,10440.67,10580.11,10200.0,10332.83,455338605.3291489,BTCUSD,-293.725206,-240.365525,-53.359681,40.75,159021.843,79370.115,-281.612999999983,-326314.799,-239489.305
1600041600,2020-09-14 00:00:00,10332.84,10750.0,10212.34,10671.77,706175591.3866128,BTCUSD,-260.108574,-244.314135,-15.79444,47.43,205260.236,114668.911,24077.58599999998,-302237.213,-191084.874
1600128000,2020-09-15 00:00:00,10671.77,10930.04,10606.48,10785.31,666457161.1491377,BTCUSD,-221.749236,-239.801155,18.051919,49.48,247657.23,131338.79,15020.350000000006,-287216.863,-171127.176
1600214400,2020-09-16 00:00:00,10785.23,11093.0,10661.22,10954.01,708644989.4830699,BTCUSD,-175.711016,-226.983127,51.272111,52.45,252881.019,136128.16,19375.301000000007,-267841.562,-141964.591
1600300800,2020-09-17 00:00:00,10954.01,11045.46,10745.83,10939.99,605010288.7799246,BTCUSD,-138.757185,-209.337939,70.580753,52.18,186484.361,95997.159,5509.956999999995,-262331.605,-136579.483
1600387200,2020-09-18 00:00:00,10940.0,11038.03,10812.84,10933.39,516147935.6692284,BTCUSD,-108.749971,-189.220345,80.470374,52.04,136028.351,70136.59,4244.828999999998,-258086.776,-127174.241
1600473600,2020-09-19 00:00:00,10933.4,11179.79,10887.37,11080.65,423651901.1577304,BTCUSD,-72.253493,-165.826975,93.573481,54.91,126239.232,66707.126,7175.020000000004,-250911.756,-120379.805
1600560000,2020-09-20 00:00:00,11080.64,11080.64,10723.0,10920.28,426815210.7555122,BTCUSD,-55.629034,-143.787387,88.158353,51.31,150450.562,75724.631,998.6999999999824,-249913.056,-112541.937
1600646400,2020-09-21 00:00:00,10920.28,10988.86,10296.35,10417.22,751020795.2358837,BTCUSD,-82.100365,-131.449982,49.349617,42.0,333047.145,164716.125,-3614.8950000000186,-253527.951,-113392.344
1600732800,2020-09-22 00:00:00,10417.22,10572.71,10353.0,10529.61,460362500.7284081,BTCUSD,-92.938812,-123.747748,30.808936,44.43,179900.686,93498.058,7095.430000000022,-246432.521,-81486.332
1600819200,2020-09-23 00:00:00,10529.61,10537.15,10136.82,10241.46,539362015.157462,BTCUSD,-123.357665,-123.669732,0.312066,39.83,203027.542,102352.883,1678.2240000000163,-244754.297,-41761.331
1600905600,2020-09-24 00:00:00,10241.46,10795.24,10190.93,10736.32,604520870.055638,BTCUSD,-106.308304,-120.197446,13.889142,49.5,241646.573,136707.15,31767.726999999984,-212986.57,273.081
1600992000,2020-09-25 00:00:00,10736.33,10760.53,10556.24,10686.67,512647249.14932007,BTCUSD,-95.699735,-115.297904,19.598169,48.65,170930.773,88397.078,5863.383000000002,-207123.187,38912.832
1601078400,2020-09-26 00:00:00,10686.57,10820.94,10644.68,10728.6,304511477.68085533,BTCUSD,-82.952739,-108.828871,25.876132,49.44,109340.491,59007.18,8673.869000000006,-198449.318,65190.195
1601164800,2020-09-27 00:00:00,10728.59,10799.0,10594.82,10774.25,327169249.4549957,BTCUSD,-68.378851,-100.738867,32.360016,50.33,123440.716,63429.233,3417.75,-195031.568,84986.402
1601251200,2020-09-28 00:00:00,10774.26,10950.0,10626.0,10696.12,544463219.5978093,BTCUSD,-62.413909,-93.073875,30.659966,48.75,187105.377,97662.644,8219.910999999993,-186811.657,110275.345
1601337600,2020-09-29 00:00:00,10696.11,10867.54,10635.87,10840.48,449345822.46022886,BTCUSD,-45.513355,-83.561771,38.048417,51.76,146888.319,77490.574,8092.828999999998,-178718.828,125345.819
1601424000,2020-09-30 00:00:00,10840.58,10849.34,10665.13,10776.59,425279696.28526336,BTCUSD,-36.850147,-74.219446,37.369299,50.35,132834.116,68683.604,4533.092000000004,-174185.736,142980.012
1601510400,2020-10-01 00:00:00,10776.59,10920.0,10437.0,10619.13,652168989.4617349,BTCUSD,-42.2037,-67.816297,25.612597,46.95,253619.622,130468.053,7316.483999999997,-166869.252,157662.765
1601596800,2020-10-02 00:00:00,10619.13,10664.64,10374.0,10570.4,526864379.3093653,BTCUSD,-49.80442,-64.213922,14.409502,45.92,224747.037,113926.065,3105.092999999993,-163764.159,162269.027
1601683200,2020-10-03 00:00:00,10570.4,10603.56,10496.46,10542.06,235160884.6085361,BTCUSD,-57.452568,-62.861651,5.409083,45.29,76315.911,40622.782,4929.653000000006,-158834.506,167480.293
1601769600,2020-10-04 00:00:00,10542.07,10696.87,10517.87,10666.63,246252050.9068108,BTCUSD,-52.852769,-60.859874,8.007106,48.6,90912.105,50394.855,9877.60500000001,-148956.901,153280.312
1601856000,2020-10-05 00:00:00,10666.62,10798.0,10615.64,10792.21,364158510.2379805,BTCUSD,-38.628849,-56.413669,17.78482,51.77,130589.137,70197.411,9805.684999999983,-139151.216,148065.647
1601942400,2020-10-06 00:00:00,10792.2,10800.0,10525.0,10599.66,520051256.0821992,BTCUSD,-42.404652,-53.611866,11.207214,46.99,184895.25,90311.669,-4271.912000000011,-143423.128,124418.434
1602028800,2020-10-07 00:00:00,10599.65,10681.87,10546.17,10666.39,348298562.85686266,BTCUSD,-39.556467,-50.800786,11.244319,48.75,106700.522,55471.502,4242.482000000004,-139180.646,123150.959
1602115200,2020-10-08 00:00:00,10666.4,10950.0,10530.41,10925.57,559311760.4414803,BTCUSD,-16.198869,-43.880403,27.681533,55.02,207938.861,110601.014,13263.166999999989,-125917.479,132169.297
1602201600,2020-10-09 00:00:00,10925.44,11104.64,10829.0,11050.64,530822321.5162346,BTCUSD,12.262939,-32.651734,44.914674,57.71,154336.818,79025.665,3714.511999999988,-122202.967,128708.789
1602288000,2020-10-10 00:00:00,11050.64,11491.0,11050.51,11293.22,494785212.2308736,BTCUSD,53.77344,-15.366699,69.140139,62.4,199398.012,98369.054,-2659.9039999999804,-124862.871,125050.185
1602374400,2020-10-11 00:00:00,11293.22,11445.0,11221.0,11369.02,329927755.03808504,BTCUSD,91.729832,6.052607,85.677225,63.75,146323.076,70072.329,-6178.418000000005,-131041.289,122486.662
1602460800,2020-10-12 00:00:00,11369.02,11720.01,11172.0,11528.25,604779845.7920177,BTCUSD,133.124501,31.466986,101.657515,66.48,254217.203,123464.434,-7288.335000000021,-138329.624,108102.897
1602547200,2020-10-13 00:00:00,11528.24,11557.0,11300.0,11420.56,482663390.7240357,BTCUSD,155.448477,56.263284,99.185193,63.03,199115.115,95540.483,-8034.149000000005,-146363.773,98390.524
1602633600,2020-10-14 00:00:00,11420.57,11547.98,11280.0,11417.89,472007015.72093433,BTCUSD,170.954289,79.201485,91.752804,62.94,192936.97,93295.555,-6345.860000000015,-152709.633,60276.937
1602720000,2020-10-15 00:00:00,11417.89,11617.34,11250.83,11505.12,556436445.5576282,BTCUSD,188.113038,100.983795,87.129242,64.66,215260.399,114746.857,14233.315000000002,-138476.318,68646.869
1602806400,2020-10-16 00:00:00,11505.13,11541.15,11200.0,11319.32,553211001.6122569,BTCUSD,184.591111,117.705259,66.885853,58.43,212339.085,98735.212,-14868.660999999993,-153344.979,45104.339
1602892800,2020-10-17 00:00:00,11319.24,11402.42,11255.0,11360.2,253582775.96265447,BTCUSD,182.989247,130.762056,52.227191,59.36,95892.966,48001.372,109.7780000000057,-153235.201,41796.367
1602979200,2020-10-18 00:00:00,11360.31,11505.0,11346.22,11503.14,266150824.34809864,BTCUSD,191.051499,142.819945,48.231554,62.51,92472.191,50893.731,9315.270999999992,-143919.93,42891.727
1603065600,2020-10-19 00:00:00,11503.14,11823.99,11407.96,11751.47,550728683.7992793,BTCUSD,215.000654,157.256087,57.744567,67.26,230161.648,121302.088,12442.52800000002,-131477.402,47241.426
1603152000,2020-10-20 00:00:00,11751.46,12038.38,11677.59,11909.99,737425592.0819716,BTCUSD,243.959557,174.596781,69.362776,69.89,312811.802,160448.693,8085.583999999973,-123391.818,50793.918
1603238400,2020-10-21 00:00:00,11910.0,13217.68,11886.95,12780.96,1437122186.6339953,BTCUSD,333.347078,206.34684,127.000238,79.57,591963.069,305797.698,19632.32699999993,-103759.491,63109.761
1603324800,2020-10-22 00:00:00,12780.75,13185.0,12678.08,12968.52,905778888.8702904,BTCUSD,414.543261,247.986124,166.557137,80.99,343851.666,162855.788,-18140.090000000026,-121899.581,41864.578
1603411200,2020-10-23 00:00:00,12968.84,13027.69,12720.08,12923.07,650680239.1101469,BTCUSD,469.808723,292.350644,177.458079,79.55,237042.526,112051.403,-12939.72,-134839.301,23995.205
1603497600,2020-10-24 00:00:00,12923.06,13166.73,12870.0,13111.73,468299521.7696653,BTCUSD,522.803729,338.441261,184.362468,81.06,176146.631,87149.401,-1847.828999999998,-136687.13,12269.771
1603584000,2020-10-25 00:00:00,13111.73,13350.0,12888.0,13028.83,502672049.2290516,BTCUSD,551.753051,381.103619,170.649432,78.32,206012.652,100425.308,-5162.035999999993,-141849.166,-2697.95
1603670400,2020-10-26 00:00:00,13029.64,13238.81,12765.0,13052.19,794395722.4533454,BTCUSD,570.009835,418.884862,151.124972,78.54,316503.296,157389.764,-1723.7679999999818,-143572.934,-149.806
1603756800,2020-10-27 00:00:00,13052.15,13789.29,13019.87,13636.17,1085403903.1259663,BTCUSD,624.403043,459.988499,164.414545,83.14,411509.506,213506.947,15504.387999999975,-128068.546,11112.1
1603843200,2020-10-28 00:00:00,13636.16,13859.48,12888.0,13266.4,1263487952.9951568,BTCUSD,630.405779,494.071955,136.333824,72.55,476993.789,233144.485,-10704.819000000018,-138773.365,-12855.886
1603929600,2020-10-29 00:00:00,13266.4,13642.91,12920.77,13455.7,997867948.8609744,BTCUSD,643.02552,523.862668,119.162853,74.35,355352.336,182192.752,9033.168000000003,-129740.197,-7537.23
1604016000,2020-10-30 00:00:00,13455.69,13669.98,13115.0,13560.1,946818817.5575092,BTCUSD,653.913061,549.872746,104.040315,75.31,349890.573,178139.677,6388.781000000017,-123351.416,1511.455
1604102400,2020-10-31 00:00:00,13560.1,14100.0,13411.5,13791.0,927048458.5423616,BTCUSD,673.410558,574.580309,98.830249,77.34,357853.23,182804.838,7756.445999999996,-115594.97,15446.319
1604188800,2020-11-01 00:00:00,13791.0,13895.0,13603.0,13761.5,499124369.0753264,BTCUSD,678.658904,595.396028,83.262876,76.47,198395.231,97711.344,-2972.543000000005,-118567.513,19762.111
1604275200,2020-11-02 00:00:00,13761.49,13830.0,13195.05,13549.37,873629993.8313928,BTCUSD,658.1148,607.939782,50.175018,70.39,327991.768,161896.733,-4198.301999999967,-122765.815,23597.958
1604361600,2020-11-03 00:00:00,13549.63,14066.11,13284.99,14023.53,1009402087.7104616,BTCUSD,672.343838,620.820593,51.523244,75.15,348730.51,177409.088,6087.665999999968,-116678.149,36031.484
1604448000,2020-11-04 00:00:00,14023.53,14259.0,13525.0,14144.01,1293872665.4179618,BTCUSD,685.440846,633.744644,51.696202,76.19,451433.42,229094.676,6755.93200000003,-109922.217,28554.101
1604534400,2020-11-05 00:00:00,14144.01,15750.0,14093.56,15590.02,2131865609.2908912,BTCUSD,803.241969,667.644109,135.59786,84.59,717489.697,355528.624,-6432.449000000022,-116354.666,36990.313
1604620800,2020-11-06 00:00:00,15590.02,15960.0,15166.0,15579.92,1909660728.8229203,BTCUSD,885.576843,711.230656,174.346187,84.36,559380.06,260161.397,-39057.26600000006,-155411.932,-2176.731
1604707200,2020-11-07 00:00:00,15579.93,15753.52,14344.22,14818.3,1536510177.0914736,BTCUSD,879.236168,744.831758,134.40441,69.45,457582.681,217481.959,-22618.762999999977,-178030.695,-34110.765
1604793600,2020-11-08 00:00:00,14818.3,15650.0,14703.88,15475.1,998031373.8397804,BTCUSD,916.642919,779.19399,137.448928,73.76,290616.393,140057.853,-10500.686999999976,-188531.382,-57053.98
1604880000,2020-11-09 00:00:00,15475.1,15840.0,14805.54,15328.41,1670447935.5141788,BTCUSD,923.802363,808.115665,115.686698,71.34,474181.983,225448.915,-23284.15299999999,-211815.535,-88423.717
1604966400,2020-11-10 00:00:00,15328.41,15460.0,15072.46,15297.21,943615126.0891504,BTCUSD,916.395063,829.771544,86.623518,70.8,244073.495,117575.616,-8922.263000000006,-220737.798,-116978.307
1605052800,2020-11-11 00:00:00,15297.21,15965.0,15272.68,15684.24,1226425496.3618553,BTCUSD,931.022562,850.021748,81.000814,73.45,330772.852,159256.703,-12259.445999999996,-232997.244,-111097.663
1605139200,2020-11-12 00:00:00,15684.25,16340.7,15440.64,16291.86,1628755508.6741984,BTCUSD,980.344021,876.086202,104.257818,76.98,471759.126,234735.974,-2287.1780000000144,-235284.422,-100445.121
1605225600,2020-11-13 00:00:00,16291.85,16480.0,15952.35,16320.7,1230358611.1248891,BTCUSD,1010.114804,902.891923,107.222882,77.13,306656.359,144127.705,-18400.949000000022,-253685.371,-116998.241
1605312000,2020-11-14 00:00:00,16320.04,16326.99,15670.0,16070.45,944765868.609419,BTCUSD,1001.96525,922.706588,79.258662,72.56,266206.937,135009.442,3811.947000000044,-249873.424,-108024.258
1605398400,2020-11-15 00:00:00,16069.56,16180.0,15774.72,15957.0,696651729.7452534,BTCUSD,975.111721,933.187615,41.924106,70.52,210318.453,109037.561,7756.668999999994,-242116.755,-98543.821
1605484800,2020-11-16 00:00:00,15957.0,16880.0,15864.0,16713.57,1335728013.9057603,BTCUSD,1003.31341,947.212774,56.100636,75.47,342459.329,180565.446,18671.56299999997,-223445.192,-95376.646
1605571200,2020-11-17 00:00:00,16713.08,17858.82,16538.0,17659.38,1982752071.450512,BTCUSD,1089.42421,975.655061,113.769149,80.0,524094.697,261569.252,-956.1929999999702,-224401.385,-85628.02
1605657600,2020-11-18 00:00:00,17659.38,18476.93,17214.45,17776.12,2663337935.5002985,BTCUSD,1153.787438,1011.281536,142.505902,80.48,732937.097,352520.464,-27896.168999999994,-252297.554,-122557.357
1605744000,2020-11-19 00:00:00,17777.75,18179.8,17335.65,17802.82,1656794228.8537636,BTCUSD,1193.195809,1047.664391,145.531418,80.59,406500.977,198063.499,-10373.978999999992,-262671.533,-139320.117
1605830400,2020-11-20 00:00:00,17802.81,18815.22,17740.04,18655.67,1623135138.5910714,BTCUSD,1278.507258,1093.832964,184.674293,83.85,407926.802,196545.447,-14835.908000000054,-277507.441,-161912.471
1605916800,2020-11-21 00:00:00,18655.66,18965.9,18308.58,18703.8,1413641591.284171,BTCUSD,1334.616259,1141.989623,192.626636,84.01,342412.49,160371.675,-21669.14000000001,-299176.581,-180609.068
1606003200,2020-11-22 00:00:00,18703.8,18750.0,17610.86,18414.43,1497662550.0540428,BTCUSD,1340.283354,1181.648369,158.634985,78.86,373779.417,174390.001,-24999.41500000004,-324175.996,-201410.181
1606089600,2020-11-23 00:00:00,18413.88,18766.0,18000.0,18368.0,1529064319.6694436,BTCUSD,1325.745684,1210.467832,115.277851,78.03,364221.378,175670.66,-12880.05800000002,-337056.054,-220377.905
1606176000,2020-11-24 00:00:00,18368.01,19418.97,18018.0,19160.01,2145301450.4579408,BTCUSD,1362.427843,1240.859834,121.568009,81.58,477968.289,227534.885,-22898.51899999997,-359954.573,-250032.356
1606262400,2020-11-25 00:00:00,19160.0,19484.21,18500.27,18719.11,1774870796.2882328,BTCUSD,1340.469673,1260.781802,79.687871,74.38,426276.99,200114.327,-26048.33600000001,-386002.909,-269648.243
1606348800,2020-11-26 00:00:00,18718.83,18915.03,16188.0,17149.47,3127314143.1045747,BTCUSD,1182.776524,1245.180747,-62.404222,55.56,850692.856,401324.909,-48043.03800000006,-434045.947,-278634.015
1606435200,2020-11-27 00:00:00,17149.47,17457.62,16438.08,17139.52,1446670351.435088,BTCUSD,1044.955094,1205.135616,-160.180522,55.47,398072.933,191478.013,-15116.907000000008,-449162.854,-271132.159
1606521600,2020-11-28 00:00:00,17139.53,17880.49,16865.56,17719.85,1128061605.107225,BTCUSD,971.361151,1158.380723,-187.019572,59.82,268833.749,129558.247,-9717.255000000005,-458880.109,-270348.727
1606608000,2020-11-29 00:00:00,17719.84,18360.05,17517.0,18184.99,996743798.8649216,BTCUSD,939.737622,1114.652103,-174.914481,62.94,256024.006,130770.777,5517.54800000001,-453362.561,-241547.026
1606694400,2020-11-30 00:00:00,18185.0,19863.16,18184.99,19695.87,2205929119.505336,BTCUSD,1024.778132,1096.677309,-71.899177,70.87,500482.574,257982.052,15481.52999999997,-437881.031,-217143.233
1606780800,2020-12-01 00:00:00,19695.87,19888.0,18001.12,18764.96,2446070334.8287983,BTCUSD,1005.466302,1078.435107,-72.968805,62.06,553885.333,268754.539,-16376.255000000005,-454257.286,-221260.042
1606867200,2020-12-02 00:00:00,18764.96,19342.0,18330.0,19204.09,1436895344.8259497,BTCUSD,1013.907959,1065.529678,-51.621719,64.31,335717.482,164736.833,-6243.815999999992,-460501.102,-225216.68
1606953600,2020-12-03 00:00:00,19204.08,19598.0,18867.2,19421.9,1286548310.8267057,BTCUSD,1026.342443,1057.692231,-31.349788,65.41,245020.576,121969.824,-1080.9280000000144,-461582.03,-207896.659
1607040000,2020-12-04 00:00:00,19422.34,19527.0,18565.31,18650.52,1358079975.025498,BTCUSD,962.853762,1038.724537,-75.870775,58.55,276271.939,130243.878,-15784.18300000002,-477366.213,-227492.789
1607126400,2020-12-05 00:00:00,18650.51,19177.0,18500.0,19147.66,813445434.1308142,BTCUSD,941.797118,1019.339053,-77.541935,61.36,165912.647,82521.25,-870.1469999999972,-478236.36,-236119.605
1607212800,2020-12-06 00:00:00,19147.66,19420.0,18857.0,19359.4,709558933.5829058,BTCUSD,931.457957,1001.762834,-70.304877,62.53,176004.606,87915.75,-173.10599999999977,-478409.466,-254964.274
1607299200,2020-12-07 00:00:00,19358.67,19420.91,18902.88,19166.9,793517668.6839459,BTCUSD,897.386444,980.887556,-83.501112,60.73,169402.371,82063.358,-5275.655000000028,-483685.121,-259283.736
1607385600,2020-12-08 00:00:00,19166.9,19294.84,18200.0,18324.11,1160658077.404659,BTCUSD,793.234501,943.356945,-150.122444,53.49,280714.132,133427.044,-13860.043999999994,-497545.165,-245247.611
1607472000,2020-12-09 00:00:00,18324.11,18639.57,17650.0,18541.28,1450130664.0645845,BTCUSD,719.918369,898.66923,-178.750861,54.98,353123.689,178303.953,3484.217000000004,-494060.948,-231389.415
1607558400,2020-12-10 00:00:00,18541.29,18557.32,17911.12,18254.63,966149529.000607,BTCUSD,631.406091,845.216602,-213.810511,52.58,233960.241,116243.722,-1472.7970000000205,-495533.745,-218026.304
1607644800,2020-12-11 00:00:00,18254.81,18292.73,17572.33,18036.53,1301081647.3079,BTCUSD,537.465062,783.666294,-246.201232,50.77,317866.07,160142.007,2417.9440000000177,-493115.801,-193939.22
1607731200,2020-12-12 00:00:00,18036.53,18948.66,18020.7,18808.69,915552835.9061832,BTCUSD,519.336393,730.800314,-211.463921,56.49,196962.282,106123.938,15285.593999999985,-477830.207,-153654.211
1607817600,2020-12-13 00:00:00,18808.69,19411.0,18711.12,19174.99,1083520569.094854,BTCUSD,528.435168,690.327285,-161.892116,58.93,239760.089,121821.87,3883.650999999984,-473946.556,-136890.502
1607904000,2020-12-14 00:00:00,19174.99,19349.0,19000.0,19273.14,906101687.739595,BTCUSD,537.371415,659.736111,-122.364696,59.58,181555.823,90220.454,-1114.915000000008,-475061.471,-115106.898
1607990400,2020-12-15 00:00:00,19273.69,19570.0,19050.0,19426.43,1196361527.9258018,BTCUSD,550.47712,637.884313,-87.407193,60.63,248744.054,122075.043,-4593.9679999999935,-479655.439,-93652.53
1608076800,2020-12-16 00:00:00,19426.43,21560.0,19278.6,21335.52,2325135958.641841,BTCUSD,706.763958,651.660242,55.103716,70.83,459302.012,241794.889,24287.766000000003,-455367.673,-21321.726
1608163200,2020-12-17 00:00:00,21335.52,23800.0,21230.0,22797.16,4196645567.4258766,BTCUSD,937.754683,708.87913,228.875553,75.96,823435.821,410694.991,-2045.8390000000363,-457413.512,-8250.658
1608249600,2020-12-18 00:00:00,22797.15,23285.18,22350.0,23107.39,1820875361.2945976,BTCUSD,1132.791352,793.661574,339.129778,76.89,305997.222,151397.139,-3202.9440000000177,-460616.456,-1736.347
1608336000,2020-12-19 00:00:00,23107.39,24171.47,22750.0,23821.61,2018969878.8868675,BTCUSD,1329.663371,900.861934,428.801437,78.91,337535.438,167811.299,-1912.8400000000256,-462529.296,-9166.735
1608422400,2020-12-20 00:00:00,23821.6,24295.0,23060.0,23455.52,1810862074.730308,BTCUSD,1439.55121,1008.599789,430.951421,75.27,322289.774,155605.498,-11078.777999999991,-473608.074,-35727.043
1608508800,2020-12-21 00:00:00,23455.54,24102.77,21815.0,22719.71,2035446293.9289708,BTCUSD,1450.543436,1096.988518,353.554917,68.45,476456.589,231309.94,-13836.708999999972,-487444.783,-33187.497
1608595200,2020-12-22 00:00:00,22719.88,23837.1,22353.4,23810.79,2010758620.2435267,BTCUSD,1529.662889,1183.523393,346.139497,72.44,326124.313,163772.657,1421.0009999999893,-486023.782,-25522.68
1608681600,2020-12-23 00:00:00,23810.79,24100.0,22600.0,23232.76,2797688007.0718794,BTCUSD,1528.108354,1252.440385,275.667969,67.57,394754.939,192721.439,-9312.060999999989,-495335.843,-33753.813
1608768000,2020-12-24 00:00:00,23232.39,23794.43,22703.42,23729.2,1602394244.0767715,BTCUSD,1549.078124,1311.767933,237.310192,69.47,237754.257,120539.758,3325.258999999991,-492010.584,-14644.371
1608854400,2020-12-25 00:00:00,23728.99,24789.86,23433.6,24712.47,1919766316.6677368,BTCUSD,1626.291612,1374.672669,251.618944,72.86,284523.431,144345.703,4167.975000000035,-487842.609,-9606.249
1608940800,2020-12-26 00:00:00,24712.47,26867.03,24500.0,26493.39,2496533065.175581,BTCUSD,1810.320965,1461.802328,348.518637,77.69,367265.555,186138.692,5011.829000000027,-482830.78,-4421.314
1609027200,2020-12-27 00:00:00,26493.4,28422.0,25700.0,26281.66,4028928683.882025,BTCUSD,1916.982926,1552.838447,364.144478,75.96,540264.148,263441.238,-13381.67200000002,-496212.452,-12527.331
1609113600,2020-12-28 00:00:00,26281.54,27500.0,26101.0,27079.41,2151806808.5743523,BTCUSD,2042.342206,1650.739199,391.603007,77.95,267563.468,129242.798,-9077.872000000005,-505290.324,-7745.159
1609200000,2020-12-29 00:00:00,27079.42,27410.0,25880.0,27385.0,1851617219.7682345,BTCUSD,2141.661161,1748.923592,392.73757,78.68,260759.449,126931.719,-6896.010999999999,-512186.335,-18125.387
1609286400,2020-12-30 00:00:00,27385.0,28996.0,27320.0,28875.54,2683953237.460271,BTCUSD,2313.972238,1861.933321,452.038917,81.84,374737.655,185801.158,-3135.3390000000363,-515321.674,-19787.929
1609372800,2020-12-31 00:00:00,28875.55,29300.0,27850.0,28923.63,2173600125.420073,BTCUSD,2426.43998,1974.834653,451.605327,81.93,313648.835,148980.53,-15687.775000000023,-531009.449,-37893.648
1609459200,2021-01-01 00:00:00,28923.63,29600.0,28624.57,29331.69,1582526989.1618726,BTCUSD,2519.455789,2083.75888,435.696909,82.74,210716.398,101247.902,-8220.593999999983,-539230.043,-61399.836
1609545600,2021-01-02 00:00:00,29331.7,33300.0,28946.53,32178.33,4073842163.6715407,BTCUSD,2790.702069,2225.147518,565.554551,87.08,545541.08,273388.463,1235.8460000000196,-537994.197,-64047.641
1609632000,2021-01-03 00:00:00,32176.45,34778.11,31962.99,33000.05,4057598425.492016,BTCUSD,3036.964402,2387.510895,649.453507,88.01,487486.989,238761.657,-9963.674999999988,-547957.872,-72896.401
1609718400,2021-01-04 00:00:00,33000.05,33600.0,28130.0,31988.71,4429010349.695345,BTCUSD,3114.619,2532.932516,581.686484,80.3,506128.023,242947.199,-20233.625,-568191.497,-88536.058
1609804800,2021-01-05 00:00:00,31989.75,34360.0,29900.0,33949.53,3743617144.6469154,BTCUSD,3296.383952,2685.622803,610.761149,83.35,433720.833,214417.082,-4886.668999999994,-573078.166,-117710.493
1609891200,2021-01-06 00:00:00,33949.53,36939.21,33288.0,36769.36,4431954248.519614,BTCUSD,3626.170466,2873.732336,752.43813,86.57,444019.83,221236.888,-1546.0540000000035,-574624.22,-117210.708
1609977600,2021-01-07 00:00:00,36769.36,40365.0,36300.0,39432.28,5062569943.383372,BTCUSD,4055.653,3110.116468,945.536531,88.77,520147.908,257944.968,-4257.972000000009,-578882.192,-118265.736
1610064000,2021-01-08 00:00:00,39432.48,41950.0,36500.0,40582.81,5568443208.731365,BTCUSD,4437.704067,3375.633988,1062.070079,89.57,518080.826,254344.167,-9392.492000000027,-588274.684,-125745.388
1610150400,2021-01-09 00:00:00,40586.96,41380.0,38720.0,40088.22,3054779029.161777,BTCUSD,4647.005228,3629.908236,1017.096992,86.72,260882.805,126105.315,-8672.174999999988,-596946.859,-123338.785
1610236800,2021-01-10 00:00:00,40088.22,41350.0,35111.11,38150.02,4604034729.507071,BTCUSD,4603.416049,3824.609799,778.80625,76.45,436759.048,211717.223,-13324.602000000014,-610271.461,-122826.678
1610323200,2021-01-11 00:00:00,38150.02,38264.74,30420.0,35404.47,8497730017.898505,BTCUSD,4297.786168,3919.245072,378.541095,64.76,906275.651,443696.59,-18882.470999999903,-629153.932,-143130.15
1610409600,2021-01-12 00:00:00,35410.37,36628.0,32531.0,34051.24,4651302423.484116,BTCUSD,3901.404965,3915.677051,-14.272086,59.89,449065.693,222279.828,-4506.037000000011,-633659.969,-138324.126
1610496000,2021-01-13 00:00:00,34049.15,37850.0,32380.0,37371.38,4322876606.419625,BTCUSD,3811.24391,3894.790423,-83.546513,66.53,398188.088,199377.684,567.2800000000279,-633092.689,-141082.105
1610582400,2021-01-14 00:00:00,37371.38,40100.0,36701.23,39144.5,3974826638.1450887,BTCUSD,3838.617397,3883.555818,-44.938421,69.44,353142.386,175843.746,-1454.8939999999711,-634547.583,-146704.974
1610668800,2021-01-15 00:00:00,39145.21,39747.76,34408.0,36742.22,4371588898.681637,BTCUSD,3624.684062,3831.781466,-207.097404,61.63,437610.113,215685.402,-6239.309000000008,-640786.892,-157956.112
1610755200,2021-01-16 00:00:00,36737.43,37950.0,35357.8,35994.98,3178840336.1492844,BTCUSD,3356.156645,3736.656502,-380.499857,59.39,301102.477,146509.381,-8083.715000000026,-648870.607,-152658.155
1610841600,2021-01-17 00:00:00,35994.98,36852.5,33850.0,35828.61,2843103040.240664,BTCUSD,3094.253436,3608.175889,-513.922453,58.87,287686.129,142749.218,-2187.6930000000284,-651058.3,-145767.976
1610928000,2021-01-18 00:00:00,35824.99,37469.83,34800.0,36631.27,2554843260.524399,BTCUSD,2917.826325,3470.105976,-552.279651,60.64,253386.703,126929.278,471.8530000000028,-650586.447,-138400.112
1611014400,2021-01-19 00:00:00,36622.46,37850.0,35844.06,35891.49,2935348499.344214,BTCUSD,2687.334584,3313.551698,-626.217114,58.16,257889.419,127747.175,-2395.0689999999886,-652981.516,-137659.842
1611100800,2021-01-20 00:00:00,35901.94,36415.31,33400.0,35468.23,3126721093.520776,BTCUSD,2442.360661,3139.31349,-696.952829,56.73,329192.419,160202.354,-8787.71100000001,-661769.227,-130759.778
1611187200,2021-01-21 00:00:00,35468.23,35600.0,30071.0,30850.13,4386783586.504226,BTCUSD,1854.200913,2882.290975,-1028.090062,44.02,550562.277,269649.681,-11262.915000000035,-673032.142,-133802.099
1611273600,2021-01-22 00:00:00,30851.99,33826.53,28850.0,32945.17,4483295872.022273,BTCUSD,1539.387197,2613.710219,-1074.323022,49.54,453568.538,225783.671,-2001.1959999999965,-675033.338,-137039.141
1611360000,2021-01-23 00:00:00,32950.0,33456.0,31390.16,32078.0,2089098295.758437,BTCUSD,1206.019446,2332.172065,-1126.152619,47.45,256776.411,126744.171,-3288.0689999999886,-678321.407,-130363.535
1611446400,2021-01-24 00:00:00,32078.0,33071.0,30900.0,32259.9,1864609665.3657017,BTCUSD,945.600616,2054.857775,-1109.257159,47.95,212107.044,106443.006,778.9679999999935,-677542.439,-109350.942
1611532800,2021-01-25 00:00:00,32259.45,34875.0,31910.0,32254.2,2958759288.5635686,BTCUSD,730.337993,1789.953819,-1059.615826,47.93,316687.524,157598.395,-1490.7339999999967,-679033.173,-105955.007
1611619200,2021-01-26 00:00:00,32254.19,32921.88,30837.37,32467.77,2708545364.494641,BTCUSD,570.398923,1546.042839,-975.643916,48.59,346861.707,172363.344,-2135.018999999971,-681168.192,-106543.972
1611705600,2021-01-27 00:00:00,32464.01,32557.29,29241.72,30366.15,2958081421.641559,BTCUSD,270.939665,1291.022205,-1020.08254,42.84,431022.839,213394.744,-4233.350999999966,-685401.543,-106519.351
1611792000,2021-01-28 00:00:00,30362.19,33783.98,29842.1,33364.86,2953553214.065681,BTCUSD,272.446289,1087.307021,-814.860732,51.64,311528.373,158511.479,5494.584999999963,-679906.958,-91632.274
1611878400,2021-01-29 00:00:00,33368.18,38531.9,31915.4,34252.2,8195593336.228466,BTCUSD,341.306849,938.106987,-596.800138,53.9,713579.785,355439.304,-2701.177000000025,-682608.135,-85661.276
1611964800,2021-01-30 00:00:00,34246.28,34933.0,32825.0,34262.88,2884500062.9380784,BTCUSD,392.21986,828.929562,-436.709702,53.93,267861.872,133627.383,-607.1059999999707,-683215.241,-72943.78
1612051200,2021-01-31 00:00:00,34262.89,34342.69,32171.67,33092.98,2289641045.7580123,BTCUSD,334.313872,730.006424,-395.692551,50.33,211293.891,103318.718,-4656.455000000016,-687871.696,-58717.764
1612137600,2021-02-01 00:00:00,33092.97,34717.27,32296.16,33526.37,2791776658.0056057,BTCUSD,319.70851,647.946841,-328.238331,51.62,240632.325,122660.726,4689.126999999979,-683182.569,-49522.6
1612224000,2021-02-02 00:00:00,33517.09,35984.33,33418.0,35466.24,2716321896.3176084,BTCUSD,459.369625,610.231398,-150.861772,56.99,239856.23,123537.063,7217.895999999979,-675964.673,-42871.984
1612310400,2021-02-03 00:00:00,35472.71,37662.63,35362.38,37618.87,2951232788.1843047,BTCUSD,735.275518,635.240222,100.035296,62.03,240308.078,121022.039,1736.0,-674228.673,-39681.09
1612396800,2021-02-04 00:00:00,37620.26,38708.27,36161.95,36936.66,3452669022.153292,BTCUSD,888.640584,685.920294,202.72029,59.64,306715.022,150086.367,-6542.2880000000005,-680770.961,-39984.069
1612483200,2021-02-05 00:00:00,36936.65,38310.12,36570.0,38290.24,2509278291.7515864,BTCUSD,1106.649333,770.066102,336.583231,62.71,196277.444,97203.231,-1870.981999999989,-682641.943,-33771.336
1612569600,2021-02-06 00:00:00,38289.32,40955.51,38215.94,39186.94,3922095148.92815,BTCUSD,1336.374144,883.32771,453.046434,64.62,310826.315,154728.277,-1369.7609999999986,-684011.704,-32953.404
1612656000,2021-02-07 00:00:00,39181.01,39700.0,37351.0,38795.69,3256521384.2406106,BTCUSD,1469.917809,1000.64573,469.272079,63.1,296721.925,143721.734,-9278.456999999997,-693290.161,-42703.714
1612742400,2021-02-08 00:00:00,38795.69,46794.45,37988.89,46374.87,5881536976.635699,BTCUSD,2162.401788,1232.996942,929.404846,75.26,440167.093,223454.335,6741.57699999999,-686548.584,-33567.068
1612828800,2021-02-09 00:00:00,46374.86,48142.19,44961.09,46420.42,5386255398.017187,BTCUSD,2683.937079,1523.184969,1160.75211,75.32,381477.426,185490.943,-10495.53999999998,-697044.124,-35274.897
1612915200,2021-02-10 00:00:00,46420.42,47310.0,43727.0,44807.58,4431650130.251104,BTCUSD,2933.301571,1805.20829,1128.093281,69.66,334979.017,163672.458,-7634.100999999966,-704678.225,-31646.083
1613001600,2021-02-11 00:00:00,44807.58,48678.9,43994.02,47969.51,4185630934.4108953,BTCUSD,3347.478406,2113.662313,1233.816093,73.81,330540.045,164596.168,-1347.7089999999737,-706025.934,-30992.596
1613088000,2021-02-12 00:00:00,47968.66,48985.8,46125.0,47287.6,4080571908.967661,BTCUSD,3579.430645,2406.815979,1172.614666,71.54,259186.288,127514.459,-4157.369999999995,-710183.304,-31861.897
1613174400,2021-02-13 00:00:00,47298.15,48150.0,46202.53,47153.69,3007710147.41816,BTCUSD,3709.686096,2667.390003,1042.296093,71.08,199965.397,97689.069,-4587.258999999991,-714770.563,-37228.124
1613260800,2021-02-14 00:00:00,47156.78,49707.43,47014.17,48577.79,3584808348.834733,BTCUSD,3883.065881,2910.525178,972.540702,73.07,241935.666,119727.737,-2480.19200000001,-717250.755,-38217.582
1613347200,2021-02-15 00:00:00,48580.47,49010.92,45570.79,47911.1,3782219060.6647215,BTCUSD,3921.470033,3112.714149,808.755884,70.62,248960.404,119328.817,-10302.77000000002,-727553.525,-46385.333
1613433600,2021-02-16 00:00:00,47911.1,50689.18,47003.62,49133.45,4349983777.692368,BTCUSD,4004.37904,3291.047127,713.331913,72.45,343592.011,170702.582,-2186.847000000009,-729740.372,-44338.829
1613520000,2021-02-17 00:00:00,49133.45,52618.74,48947.0,52119.71,4365831514.815297,BTCUSD,4261.922462,3485.222194,776.700268,76.32,312007.458,157467.485,2927.511999999988,-726812.86,-46905.902
1613606400,2021-02-18 00:00:00,52117.67,52530.0,50901.9,51552.6,3149973077.4874654,BTCUSD,4369.893035,3662.156362,707.736672,74.19,185489.89,88315.345,-8859.200000000012,-735672.06,-53063.925
1613692800,2021-02-19 00:00:00,51552.61,56368.0,50710.2,55906.0,4251167827.684247,BTCUSD,4751.965785,3880.118247,871.847538,79.04,257911.872,129990.325,2068.777999999991,-733603.282,-50388.041
1613779200,2021-02-20 00:00:00,55906.0,57700.46,53863.93,55841.19,4551890859.8512745,BTCUSD,4991.987048,4102.492007,889.495041,78.8,240296.308,115701.933,-8892.44199999998,-742495.724,-54624.028
1613865600,2021-02-21 00:00:00,55841.19,58352.8,55477.59,57408.57,3317998263.347889,BTCUSD,5248.182316,4331.630069,916.552247,80.34,196820.573,97912.556,-995.4610000000102,-743491.185,-60308.616
1613952000,2021-02-22 00:00:00,57412.35,57508.47,47622.0,54087.67,7213386720.436797,BTCUSD,5124.181659,4490.140387,634.041272,68.93,480660.187,228365.294,-23929.598999999987,-767420.784,-91456.111
1614038400,2021-02-23 00:00:00,54087.67,54183.59,44892.56,48891.0,8215839131.243385,BTCUSD,4554.085741,4502.929458,51.156283,55.62,748737.462,368110.652,-12516.158000000054,-779936.942,-105708.269
1614124800,2021-02-24 00:00:00,48891.0,51374.99,46988.69,49676.2,4574033001.379536,BTCUSD,4118.168019,4425.97717,-307.809151,56.97,333415.219,165014.334,-3386.5509999999776,-783323.493,-102552.532
1614211200,2021-02-25 00:00:00,49676.21,52041.73,46674.34,47073.73,4152188728.141616,BTCUSD,3522.101906,4245.202117,-723.100211,51.39,349943.016,172353.771,-5235.473999999987,-788558.967,-105917.024
1614297600,2021-02-26 00:00:00,47073.73,48424.11,44106.78,46276.87,5086374532.734615,BTCUSD,2951.393448,3986.440383,-1035.046935,49.78,440670.32,217772.731,-5124.858000000007,-793683.825,-109672.121
1614384000,2021-02-27 00:00:00,46276.88,48394.0,45000.0,46106.43,3105897438.550972,BTCUSD,2457.026725,3680.557651,-1223.530926,49.42,256027.074,126959.956,-2107.161999999982,-795790.987,-102500.826
1614470400,2021-02-28 00:00:00,46103.67,46638.46,43000.0,45135.66,3708359965.454581,BTCUSD,1964.261723,3337.298466,-1373.036743,47.34,370358.825,183636.78,-3085.265000000014,-798876.252,-112327.668
1614556800,2021-03-01 00:00:00,45134.11,49790.0,44950.53,49587.03,4057515794.865728,BTCUSD,1910.902571,3052.019287,-1141.116716,56.4,315659.931,158078.422,496.91300000000047,-798379.339,-101335.215
1614643200,2021-03-02 00:00:00,49595.76,50200.0,47047.6,48440.65,3120472069.909453,BTCUSD,1755.871183,2792.789666,-1036.918483,53.83,273100.435,133977.099,-5146.237000000023,-803525.576,-98847.351
1614729600,2021-03-03 00:00:00,48436.61,52640.0,48100.71,50349.37,4109521257.5407,BTCUSD,1766.660481,2587.563829,-820.903348,57.32,350311.234,176625.272,2939.3099999999977,-800586.266,-94560.332
1614816000,2021-03-04 00:00:00,50349.37,51773.88,47500.0,48374.09,4079837240.8567615,BTCUSD,1597.408558,2389.532775,-792.124217,52.87,387428.957,188509.044,-10410.869000000006,-810997.135,-100813.831
1614902400,2021-03-05 00:00:00,48374.09,49448.93,46300.0,48751.71,3727133104.8373103,BTCUSD,1476.723222,2206.970864,-730.247642,53.61,354602.756,175791.28,-3020.1959999999963,-814017.331,-99246.768
1614988800,2021-03-06 00:00:00,48746.81,49200.0,47070.0,48882.2,2143910705.2915032,BTCUSD,1375.749887,2040.726669,-664.976781,53.88,215092.91,106587.185,-1918.540000000008,-815935.871,-98685.116
1615075200,2021-03-07 00:00:00,48882.2,51450.03,48882.2,50971.75,2778875909.4491262,BTCUSD,1447.649413,1922.111218,-474.461805,58.09,248398.116,125296.257,2194.3979999999865,-813741.473,-86187.948
1615161600,2021-03-08 00:00:00,50959.11,52402.78,49274.67,52375.17,3400847931.036074,BTCUSD,1599.437253,1857.576425,-258.139172,60.68,308339.866,155092.51,1845.1540000000384,-811896.319,-82155.947
1615248000,2021-03-09 00:00:00,52375.18,54895.0,51789.41,54884.5,3861450964.654904,BTCUSD,1900.306618,1866.122463,34.184154,64.87,285604.798,140878.102,-3848.593999999983,-815744.913,-88932.053
1615334400,2021-03-10 00:00:00,54874.67,57387.69,53005.0,55851.59,4700197563.359213,BTCUSD,2191.521344,1931.20224,260.319104,66.35,401159.493,197030.813,-7097.867000000028,-822842.78,-87170.72
1615420800,2021-03-11 00:00:00,55851.59,58150.0,54272.82,57773.16,4612366201.00222,BTCUSD,2547.994063,2054.560604,493.433459,69.15,364681.318,177889.476,-8902.366000000038,-831745.146,-98141.864
1615507200,2021-03-12 00:00:00,57773.15,58081.51,54962.84,57221.72,4162054726.378839,BTCUSD,2754.25532,2194.499547,559.755773,67.42,335495.042,163059.636,-9375.77000000002,-841120.916,-98625.192
1615593600,2021-03-13 00:00:00,57221.72,61844.0,56078.23,61188.39,4933383453.245977,BTCUSD,3200.898011,2395.77924,805.118771,72.71,320322.173,163088.218,5854.262999999977,-835266.653,-91775.468
1615680000,2021-03-14 00:00:00,61188.38,61724.79,58966.78,58968.31,3176397573.8846426,BTCUSD,3337.253875,2584.074167,753.179707,66.23,231991.901,111414.603,-9162.695000000009,-844429.348,-77008.564
1615766400,2021-03-15 00:00:00,58976.08,60633.43,54600.0,55605.2,5874241052.093372,BTCUSD,3137.771729,2694.813679,442.958049,57.82,448820.83,216862.556,-15095.717999999992,-859525.066,-79588.124
1615852800,2021-03-16 00:00:00,55605.2,56938.29,53271.34,56900.75,4304259207.6451,BTCUSD,3049.072934,2765.66553,283.407404,59.93,339718.202,167192.901,-5332.399999999965,-864857.466,-81533.973
1615939200,2021-03-17 00:00:00,56900.74,58974.73,54123.69,58912.97,3960992972.154292,BTCUSD,3105.351281,2833.60268,271.7486,63.02,339397.712,168453.582,-2490.54800000001,-867348.014,-78789.047
1616025600,2021-03-18 00:00:00,58912.97,60129.97,57023.0,57648.16,3900885761.2128057,BTCUSD,3013.15886,2869.513916,143.644944,59.89,305100.026,146854.697,-11390.63200000004,-878738.646,-85054.821
1616112000,2021-03-19 00:00:00,57641.0,59468.0,56270.74,58030.01,3052711147.9349246,BTCUSD,2937.051307,2883.021394,54.029912,60.53,259039.479,128071.253,-2896.972999999998,-881635.619,-85844.632
1616198400,2021-03-20 00:00:00,58030.01,59880.0,57820.17,58102.28,2616535093.051585,BTCUSD,2849.71734,2876.360583,-26.643244,60.66,203680.149,100819.551,-2041.046999999992,-883676.666,-84800.414
1616284800,2021-03-21 00:00:00,58100.02,58589.1,55450.11,57351.56,2774223129.62381,BTCUSD,2688.931384,2838.874744,-149.943359,58.54,237518.696,115249.868,-7018.959999999992,-890695.626,-92316.287
1616371200,2021-03-22 00:00:00,57351.56,58430.73,53650.0,54083.25,3527479514.3256526,BTCUSD,2271.596504,2725.419096,-453.822592,50.32,293062.947,140398.942,-12265.062999999966,-902960.689,-99435.113
1616457600,2021-03-23 00:00:00,54083.25,55830.9,53000.0,54340.89,3264650774.817461,BTCUSD,1939.29007,2568.19329,-628.903221,50.9,276199.041,134532.639,-7133.763000000035,-910094.452,-109508.186
1616544000,2021-03-24 00:00:00,54342.8,57200.0,51700.0,52303.65,4583159614.046461,BTCUSD,1494.320983,2353.418829,-859.097846,46.26,394172.526,189909.676,-14353.174,-924447.626,-113450.491
1616630400,2021-03-25 00:00:00,52303.66,53287.0,50427.56,51293.78,4536327184.957861,BTCUSD,1048.109749,2092.357013,-1044.247264,44.11,416848.091,204849.29,-7149.510999999999,-931597.137,-117579.806
1616716800,2021-03-26 00:00:00,51293.78,55073.46,51214.6,55025.59,3397036140.751637,BTCUSD,984.264028,1870.738416,-886.474388,52.83,271957.842,136780.445,1603.0480000000098,-929994.089,-114058.218
1616803200,2021-03-27 00:00:00,55025.59,56700.36,53950.0,55817.14,2767070175.861931,BTCUSD,986.169357,1693.824604,-707.655247,54.45,234435.346,117057.48,-320.3859999999986,-930314.475,-116573.002
1616889600,2021-03-28 00:00:00,55817.14,56559.75,54691.84,55777.63,2178777329.4452167,BTCUSD,973.271944,1549.714072,-576.442128,54.35,200603.768,97635.468,-5332.832000000024,-935647.307,-123750.988
1616976000,2021-03-29 00:00:00,55777.65,58405.82,54800.01,57635.47,3877131109.734645,BTCUSD,1100.279476,1459.827153,-359.547677,58.25,277215.268,138125.585,-964.097999999998,-936611.405,-120866.492
1617062400,2021-03-30 00:00:00,57635.46,59368.0,57071.35,58746.57,3221944107.4550304,BTCUSD,1275.882762,1423.038275,-147.155513,60.43,232824.065,115846.127,-1131.811000000016,-937743.216,-114900.436
1617148800,2021-03-31 00:00:00,58746.57,59800.0,56769.0,58740.55,3575976083.804576,BTCUSD,1398.443482,1418.119316,-19.675834,60.41,337038.349,165663.891,-5710.566999999981,-943453.783,-111708.637
1617235200,2021-04-01 00:00:00,58739.46,59490.0,57935.45,58720.44,2789238879.943373,BTCUSD,1476.925943,1429.880642,47.045302,60.35,196332.114,94680.735,-6970.644,-950424.427,-109303.511
1617321600,2021-04-02 00:00:00,58720.45,60200.0,58428.57,58950.01,2811159761.2684674,BTCUSD,1539.897263,1451.883966,88.013297,60.87,189391.958,92589.845,-4212.268000000011,-954636.695,-119370.042
1617408000,2021-04-03 00:00:00,58950.01,59791.72,56880.0,57051.94,2783151686.164537,BTCUSD,1420.272088,1445.56159,-25.289502,54.44,198636.171,93687.055,-11262.061000000016,-965898.756,-121469.408
1617494400,2021-04-04 00:00:00,57051.95,58492.85,56388.0,58202.01,2380139010.730232,BTCUSD,1402.1067,1436.870612,-34.763912,57.38,152454.122,74594.627,-3264.8680000000168,-969163.624,-109638.558
1617580800,2021-04-05 00:00:00,58202.01,59272.0,56777.77,59129.99,3155214764.164485,BTCUSD,1445.923029,1438.681096,7.241933,59.64,174338.646,86261.207,-1816.2320000000184,-970979.856,-106122.39
1617667200,2021-04-06 00:00:00,59129.99,59495.24,57413.02,57991.15,3166911557.1481576,BTCUSD,1372.926671,1425.530211,-52.60354,55.73,165562.029,78636.425,-8289.179000000004,-979269.035,-111921.021
1617753600,2021-04-07 00:00:00,57990.03,58655.0,55473.0,55953.45,4053294016.484514,BTCUSD,1137.538337,1367.931836,-230.393499,49.48,265271.707,127561.23,-10149.247000000005,-989418.282,-110679.636
1617840000,2021-04-08 00:00:00,55953.44,58153.31,55700.0,58077.52,2531779682.552427,BTCUSD,1109.595359,1316.264541,-206.669181,55.13,161389.858,79929.236,-1531.3859999999986,-990949.668,-109314.049
1617926400,2021-04-09 00:00:00,58077.52,58894.9,57654.0,58142.54,2378340697.289584,BTCUSD,1080.244532,1269.060539,-188.816007,55.3,141690.144,68304.747,-5080.649999999994,-996030.318,-112353.652
1618012800,2021-04-10 00:00:00,58142.55,61500.0,57900.01,59769.13,4197138552.4690337,BTCUSD,1174.694858,1250.187403,-75.492544,59.32,240907.592,119096.213,-2715.165999999997,-998745.484,-108049.858
1618099200,2021-04-11 00:00:00,59769.13,60699.0,59232.52,60002.43,2462032926.617981,BTCUSD,1253.918392,1250.933601,2.984791,59.88,148499.824,72619.76,-3260.304000000004,-1002005.788,-99045.099
1618185600,2021-04-12 00:00:00,59998.8,61300.0,59350.59,59860.0,3393042867.8714666,BTCUSD,1290.336506,1258.814182,31.522324,59.34,196147.561,95108.161,-5931.239000000001,-1007937.027,-97842.575
1618272000,2021-04-13 00:00:00,59860.01,63777.77,59805.15,63575.0,5154877375.389618,BTCUSD,1600.517804,1327.154906,273.362897,67.5,279389.492,140923.132,2456.771999999997,-1005480.255,-81032.629
1618358400,2021-04-14 00:00:00,63575.01,64854.0,61301.0,62959.53,5239081228.156977,BTCUSD,1776.200498,1416.964024,359.236473,65.17,323454.88,156510.701,-10433.478000000005,-1015913.733,-84316.596
1618444800,2021-04-15 00:00:00,62959.53,63800.0,62020.0,63159.98,3248931738.293182,BTCUSD,1909.592346,1515.489689,394.102657,65.59,178604.198,87075.284,-4453.630000000005,-1020367.363,-90373.274
1618531200,2021-04-16 00:00:00,63158.74,63520.61,60000.0,61334.8,5647292669.615493,BTCUSD,1846.741489,1581.740049,265.00144,58.69,255765.893,121036.23,-13693.43300000002,-1034060.796,-103746.321
1618617600,2021-04-17 00:00:00,61334.81,62506.05,59580.91,60006.66,3605701810.675048,BTCUSD,1670.505387,1599.493116,71.01227,54.23,194112.299,93148.597,-7815.10500000001,-1041875.901,-106228.594
1618704000,2021-04-18 00:00:00,60006.67,60499.0,50931.3,56150.01,6949379727.429153,BTCUSD,1205.738579,1520.742209,-315.00363,43.8,522006.276,252168.822,-17668.63200000004,-1059544.533,-122933.128
1618790400,2021-04-19 00:00:00,56150.01,57526.81,54221.58,55633.14,4398619580.647143,BTCUSD,786.632634,1373.920294,-587.28766,42.62,285041.716,143616.601,2191.485999999976,-1057353.047,-119609.831
1618876800,2021-04-20 00:00:00,55633.14,57076.24,53329.96,56425.0,4037701391.6195264,BTCUSD,512.477121,1201.631659,-689.154539,45.07,324494.085,162242.595,-8.895000000018626,-1057361.942,-113908.159
1618963200,2021-04-21 00:00:00,56425.0,56757.91,53536.02,53787.63,3704549578.6973033,BTCUSD,81.45423,977.596173,-896.141944,39.09,252601.972,123964.306,-4673.360000000015,-1062035.302,-111610.875
1619049600,2021-04-22 00:00:00,53787.62,55521.48,50500.0,51690.96,5594983857.318092,BTCUSD,-424.425747,697.191789,-1121.617536,35.1,453489.185,221218.308,-11052.569000000018,-1073087.871,-118451.176
1619136000,2021-04-23 00:00:00,51690.95,52131.85,47500.0,51125.14,6571097317.467918,BTCUSD,-861.070336,385.539364,-1246.6097,34.09,554666.026,274558.141,-5549.743999999948,-1078637.615,-112738.859
1619222400,2021-04-24 00:00:00,51110.56,51166.22,48657.14,50047.84,2762081002.878663,BTCUSD,-1279.296492,52.572193,-1331.868685,32.19,299663.131,149703.941,-255.2490000000107,-1078892.864,-109729.24
1619308800,2021-04-25 00:00:00,50047.84,50567.91,46930.0,49066.77,2867858315.18732,BTCUSD,-1670.649673,-292.07218,-1378.577493,30.52,310306.501,153656.562,-2993.3769999999786,-1081886.241,-110906.385
1619395200,2021-04-26 00:00:00,49066.76,54356.62,48753.44,54001.39,4555688503.397388,BTCUSD,-1564.581771,-546.574099,-1018.007673,45.75,390494.148,197841.645,5189.141999999993,-1076697.099,-97428.064
1619481600,2021-04-27 00:00:00,54001.38,55460.0,53222.0,55011.97,2949719328.3669896,BTCUSD,-1383.034078,-713.866094,-669.167984,48.25,225440.361,112884.676,328.9910000000091,-1076368.108,-86949.826
1619568000,2021-04-28 00:00:00,55011.97,56428.0,53813.16,54846.22,3020242787.5066776,BTCUSD,-1238.257007,-818.744277,-419.51273,47.86,263170.559,131082.5,-1005.5590000000084,-1077373.667,-86423.999
1619654400,2021-04-29 00:00:00,54846.23,55195.84,52330.94,53555.0,2823220335.476041,BTCUSD,-1213.719792,-897.73938,-315.980412,44.83,257045.19,127031.172,-2982.8459999999905,-1080356.513,-84326.195
1619740800,2021-04-30 00:00:00,53555.0,57963.0,53013.01,57694.27,3808187372.73938,BTCUSD,-850.465737,-888.284651,37.818914,54.74,294683.751,149518.525,4353.298999999999,-1076003.214,-77257.73
1619827200,2021-05-01 00:00:00,57697.25,58458.07,56956.14,57800.37,2460342954.8425207,BTCUSD,-547.709247,-820.169571,272.460324,54.97,207854.398,101536.816,-4780.765999999974,-1080783.98,-78778.192
1619913600,2021-05-02 00:00:00,57797.35,57911.02,56035.25,56578.21,2089763230.4396267,BTCUSD,-401.759413,-736.487539,334.728126,51.79,203712.515,99756.992,-4198.531000000017,-1084982.511,-77045.484
1620000000,2021-05-03 00:00:00,56578.21,58981.44,56435.0,57169.39,3337604542.627381,BTCUSD,-235.673139,-636.324659,400.65152,53.2,271733.972,132370.598,-6992.776000000013,-1091975.287,-86495.032
1620086400,2021-05-04 00:00:00,57169.39,57200.0,53046.69,53200.01,4705402064.300975,BTCUSD,-419.50853,-592.961433,173.452903,43.93,388988.754,186838.898,-15310.958000000042,-1107286.245,-91372.512
1620172800,2021-05-05 00:00:00,53205.05,58069.82,52900.0,57436.11,4327994296.151437,BTCUSD,-220.835875,-518.536322,297.700446,53.29,317811.705,157928.022,-1955.6610000000217,-1109241.906,-88874.543
1620259200,2021-05-06 00:00:00,57436.11,58360.0,55200.0,56393.68,3992289527.7370977,BTCUSD,-145.820823,-443.993222,298.172399,51.03,275471.204,132665.788,-10139.628000000026,-1119381.534,-85320.738
1620345600,2021-05-07 00:00:00,56393.68,58650.0,55241.63,57314.75,4239374487.474772,BTCUSD,-11.910901,-357.576758,345.665857,52.93,256159.504,126475.962,-3207.579999999987,-1122589.114,-80713.213
1620432000,2021-05-08 00:00:00,57315.49,59500.0,56900.0,58862.05,4079553831.988064,BTCUSD,216.571356,-242.747135,459.318491,56.01,264906.729,131000.734,-2905.2609999999986,-1125494.375,-65949.842
1620518400,2021-05-09 00:00:00,58866.53,59300.0,56235.66,58240.84,4043552701.5066,BTCUSD,343.558408,-125.486026,469.044435,54.47,245954.014,119645.903,-6662.207999999984,-1132156.583,-74803.536
1620604800,2021-05-10 00:00:00,58240.83,59500.0,53400.0,55816.14,5131782639.966137,BTCUSD,245.711131,-51.246595,296.957726,48.82,396237.133,189136.115,-17964.90299999999,-1150121.486,-92759.544
1620691200,2021-05-11 00:00:00,55816.14,56862.43,54370.0,56670.02,3583030654.763019,BTCUSD,234.365816,5.875887,228.489928,50.75,267226.104,132260.278,-2705.54800000001,-1152827.034,-90791.732
1620777600,2021-05-12 00:00:00,56670.02,58000.01,48600.0,49631.32,5476115093.110468,BTCUSD,-338.685538,-63.036398,-275.64914,37.99,472329.152,226300.237,-19728.67800000001,-1172555.712,-99467.841
1620864000,2021-05-13 00:00:00,49537.15,51367.19,46000.0,49670.97,7303694688.601401,BTCUSD,-780.634769,-206.556072,-574.078697,38.08,652476.689,322110.313,-8256.062999999966,-1180811.775,-102174.16
1620950400,2021-05-14 00:00:00,49671.92,51483.0,48799.75,49841.45,4015904915.4079113,BTCUSD,-1104.395622,-386.123982,-718.27164,38.52,319069.002,157823.335,-3422.331999999995,-1184234.107,-105341.243
1621036800,2021-05-15 00:00:00,49844.16,50700.0,46555.0,46762.99,4350775846.517358,BTCUSD,-1591.043861,-627.107958,-963.935904,33.9,442023.496,217900.451,-6222.593999999983,-1190456.701,-108570.46
1621123200,2021-05-16 00:00:00,46762.99,49795.89,43825.39,46431.5,5367497608.115901,BTCUSD,-1980.633065,-897.812979,-1082.820086,33.43,604537.63,299652.078,-5233.474000000046,-1195690.175,-118993.076
1621209600,2021-05-17 00:00:00,46426.83,46686.0,42001.0,43538.04,7346755531.933858,BTCUSD,-2494.112776,-1217.072939,-1277.039838,29.62,809129.365,401014.247,-7100.871000000043,-1202791.046,-126422.938
1621296000,2021-05-18 00:00:00,43538.02,45799.29,42250.02,42849.78,5146670282.547901,BTCUSD,-2922.89269,-1558.236889,-1364.655801,28.78,590358.592,292955.199,-4448.193999999901,-1207239.24,-129865.573
1621382400,2021-05-19 00:00:00,42849.78,43584.9,30000.0,36690.09,13477694934.871796,BTCUSD,-3716.893332,-1989.968177,-1726.925154,22.59,1373851.849,669982.224,-33887.40099999984,-1241126.641,-160770.128
1621468800,2021-05-20 00:00:00,36671.23,42451.67,34850.0,40526.64,8019897067.176221,BTCUSD,-3990.566275,-2390.087797,-1600.478478,32.35,775185.113,394043.218,12901.322999999977,-1228225.318,-152222.104
1621555200,2021-05-21 00:00:00,40525.39,42200.0,33488.0,37252.01,7713346610.274128,BTCUSD,-4420.729906,-2796.216219,-1624.513687,28.99,930671.747,469515.149,8358.550999999978,-1219866.767,-139082.787
1621641600,2021-05-22 00:00:00,37263.35,38829.0,35200.62,37449.73,4730567647.6744,BTCUSD,-4691.60147,-3175.293269,-1516.308201,29.46,588166.784,297486.129,6805.474000000046,-1213061.293,-128078.782
1621728000,2021-05-23 00:00:00,37458.51,38270.64,31111.01,34655.25,7431242463.203841,BTCUSD,-5073.278718,-3554.890359,-1518.388359,26.73,996815.017,506715.498,16615.97900000005,-1196445.314,-104470.027
1621814400,2021-05-24 00:00:00,34681.44,39920.0,34031.0,38796.29,5996773032.151345,BTCUSD,-4984.159084,-3840.744104,-1143.41498,36.17,707903.071,360446.724,12990.37699999998,-1183454.937,-76168.692
1621900800,2021-05-25 00:00:00,38810.99,39791.77,36419.62,38324.72,4253519579.378729,BTCUSD,-4895.154595,-4051.626202,-843.528393,35.61,598836.411,298979.695,-877.0209999999497,-1184331.958,-75090.052
1621987200,2021-05-26 00:00:00,38324.72,40841.0,37800.44,39241.91,4113717505.2635546,BTCUSD,-4696.470341,-4180.59503,-515.875311,37.64,577032.81,282381.294,-12270.222000000069,-1196602.18,-77220.646
1622073600,2021-05-27 00:00:00,39241.92,40411.14,37134.27,38529.98,3361413526.053544,BTCUSD,-4544.077147,-4253.291453,-290.785694,36.67,543338.566,271687.677,36.78800000005867,-1196565.392,-73976.278
1622160000,2021-05-28 00:00:00,38529.99,38877.83,34684.0,35663.49,4926260941.933613,BTCUSD,-4601.562285,-4322.94562,-278.616665,33.0,832363.425,412404.682,-7554.061000000103,-1204119.453,-78625.078
1622246400,2021-05-29 00:00:00,35661.79,37338.58,33632.76,34605.15,3949843335.322595,BTCUSD,-4678.587024,-4394.073901,-284.513123,31.73,733902.825,367446.003,989.1810000000988,-1203130.272,-70973.689
1622332800,2021-05-30 00:00:00,34605.15,36488.0,33379.0,35641.27,2601994948.148242,BTCUSD,-4602.963364,-4435.851793,-167.111571,34.38,511834.746,257610.913,3387.0800000000163,-1199743.192,-49621.706
1622419200,2021-05-31 00:00:00,35641.26,37499.0,34153.84,37253.81,3406047734.8311286,BTCUSD,-4362.622965,-4421.206027,58.583063,38.39,635082.121,321542.813,8003.505000000005,-1191739.687,-38912.653
1622505600,2021-06-01 00:00:00,37253.82,37894.81,35666.0,36693.09,2973928300.375587,BTCUSD,-4169.335382,-4370.831898,201.496516,37.53,590822.54,291774.994,-7272.552000000025,-1199012.239,-26456.527
1622592000,2021-06-02 00:00:00,36694.85,38225.0,35920.0,37568.68,2523462575.688437,BTCUSD,-3900.537813,-4276.773081,376.235268,39.8,441719.806,223993.314,6266.822000000044,-1192745.417,-11933.642
1622678400,2021-06-03 00:00:00,37568.68,39476.0,37170.0,39246.79,2930945325.709207,BTCUSD,-3511.624528,-4123.743371,612.118842,43.99,507429.005,254932.483,2435.9610000000102,-1190309.456,-6075.349
1622764800,2021-06-04 00:00:00,39246.78,39289.07,35555.15,36829.0,3379399754.9305224,BTCUSD,-3359.774012,-3970.949499,611.175487,39.7,700625.866,345357.923,-9910.02000000002,-1200219.476,-9762.775
1622851200,2021-06-05 00:00:00,36829.15,37925.0,34800.0,35513.2,2560547116.8364058,BTCUSD,-3307.478889,-3838.255377,530.776488,37.55,631028.448,314764.238,-1499.9719999999506,-1201719.448,-6029.273
1622937600,2021-06-06 00:00:00,35516.07,36480.0,35222.0,35796.31,1711857075.0471697,BTCUSD,-3206.230586,-3711.850419,505.619833,38.33,443601.064,223278.007,2954.950000000012,-1198764.498,4026.548
1623024000,2021-06-07 00:00:00,35796.31,36900.0,33300.0,33552.79,2755673601.713913,BTCUSD,-3269.337009,-3623.347737,354.010728,34.67,636735.873,310818.01,-15099.853000000005,-1213864.351,-6625.111
1623110400,2021-06-08 00:00:00,33556.96,34068.01,31000.0,33380.81,4030784324.609684,BTCUSD,-3295.241163,-3557.726422,262.485259,34.4,976693.026,498099.819,19506.61200000008,-1194357.739,46768.902
1623196800,2021-06-09 00:00:00,33380.8,37534.79,32396.82,37388.05,4794741674.438823,BTCUSD,-2958.317966,-3437.844731,479.526765,45.16,1031014.087,537306.363,43598.63899999997,-1150759.1,77466.218
1623283200,2021-06-10 00:00:00,37388.05,38491.0,35782.0,36675.72,4062957162.3643,BTCUSD,-2717.457821,-3293.767349,576.309528,43.78,803185.699,404579.353,5973.006999999983,-1144786.093,75080.674
1623369600,2021-06-11 00:00:00,36677.83,37680.4,35936.77,37331.98,2903043643.310072,BTCUSD,-2445.430324,-3124.099944,678.66962,45.43,586122.898,295845.744,5568.589999999967,-1139217.503,73843.79
1623456000,2021-06-12 00:00:00,37331.98,37463.63,34600.36,35546.11,3132387326.5375137,BTCUSD,-2346.89778,-2968.659511,621.761731,41.84,623532.476,309751.368,-4029.739999999991,-1143247.243,53198.071
1623542400,2021-06-13 00:00:00,35546.12,39380.0,34757.0,39020.57,3208991521.63768,BTCUSD,-1965.789744,-2768.085558,802.295814,50.11,647035.314,337261.471,27487.628000000022,-1115759.615,67695.322
1623628800,2021-06-14 00:00:00,39020.56,41064.05,38730.0,40516.29,4320307646.765389,BTCUSD,-1525.48197,-2519.56484,994.082871,53.19,704979.881,355119.315,5258.7489999999525,-1110500.866,73831.092
1623715200,2021-06-15 00:00:00,40516.28,41330.0,39506.4,40144.04,3247746713.627409,BTCUSD,-1192.822238,-2254.21632,1061.394082,52.33,632066.994,314409.675,-3247.643999999971,-1113748.51,82853.67
1623801600,2021-06-16 00:00:00,40143.8,40527.14,38116.01,38349.01,3450556041.600584,BTCUSD,-1061.791254,-2015.731307,953.940052,48.24,673235.496,331713.202,-9809.092000000062,-1123557.602,73007.79
1623888000,2021-06-17 00:00:00,38349.0,39559.88,37365.0,38092.97,3065622530.039886,BTCUSD,-967.45631,-1806.076307,838.619997,47.67,603849.861,295854.255,-12141.351000000024,-1135698.953,68420.5
1623974400,2021-06-18 00:00:00,38092.97,38202.84,35129.29,35819.84,3507868126.3062024,BTCUSD,-1063.85433,-1657.631912,593.777582,42.82,790379.249,384890.019,-20599.21100000001,-1156298.164,46832.108
1624060800,2021-06-19 00:00:00,35820.48,36457.0,34803.52,35483.72,2453817534.777169,BTCUSD,-1154.06914,-1556.919357,402.850218,42.14,642185.382,325285.229,8385.076000000001,-1147913.088,51830.104
1624147200,2021-06-20 00:00:00,35483.72,36137.72,33336.0,35600.16,3124634336.8407607,BTCUSD,-1202.309812,-1485.997448,283.687636,42.48,829896.441,414731.625,-433.1909999999916,-1148346.279,43393.408
1624233600,2021-06-21 00:00:00,35600.17,35750.0,31251.23,31608.93,5545926077.788067,BTCUSD,-1544.792393,-1497.756437,-47.035955,34.87,1397330.662,695656.128,-6018.405999999959,-1154364.685,44647.554
1624320000,2021-06-22 00:00:00,31614.12,33298.78,28805.0,32509.56,6406159197.076789,BTCUSD,-1723.669601,-1542.93907,-180.730531,37.58,1531824.85,777675.178,23525.50599999982,-1130839.179,61906.238
1624406400,2021-06-23 00:00:00,32509.56,34881.0,31683.0,33678.07,4282250433.919445,BTCUSD,-1750.95813,-1584.542882,-166.415248,41.02,960700.369,485348.455,9996.541000000085,-1120842.638,69466.818
1624492800,2021-06-24 00:00:00,33675.07,35298.0,32286.57,34663.09,2925373222.1059766,BTCUSD,-1673.806999,-1602.395706,-71.411294,43.83,774899.165,394437.794,13976.422999999952,-1106866.215,93353.261
1624579200,2021-06-25 00:00:00,34663.08,35500.0,31275.0,31584.45,3846120542.6572967,BTCUSD,-1839.875749,-1649.891714,-189.984035,37.78,1093051.375,541149.203,-10752.96900000004,-1117619.184,84100.264
1624665600,2021-06-26 00:00:00,31576.09,32730.0,30151.0,32283.65,3376415451.793124,BTCUSD,-1893.242709,-1698.561913,-194.680796,39.81,1091384.749,557734.296,24083.84299999988,-1093535.341,105229.157
1624752000,2021-06-27 00:00:00,32283.65,34749.0,31973.45,34700.34,3199980157.750333,BTCUSD,-1720.694627,-1702.988456,-17.706171,46.34,897147.453,454619.868,12092.283000000054,-1081443.058,132421.293
1624838400,2021-06-28 00:00:00,34702.49,35297.71,33862.72,34494.89,2837122779.5244017,BTCUSD,-1582.287502,-1678.848265,96.560763,45.88,706158.545,355069.274,3980.0029999999097,-1077463.055,116894.684
1624924800,2021-06-29 00:00:00,34494.89,36600.0,34225.43,35911.73,3233947791.8633885,BTCUSD,-1342.792831,-1611.637178,268.844347,49.57,806140.329,409013.437,11886.544999999924,-1065576.51,85182.59
1625011200,2021-06-30 00:00:00,35911.72,36100.0,34017.55,35045.0,2688939291.0956726,BTCUSD,-1208.992928,-1531.108328,322.1154,47.44,719742.983,356802.679,-6137.625,-1071714.135,73071.958
1625097600,2021-07-01 00:00:00,35045.0,35057.57,32711.0,33504.69,2410809595.3904567,BTCUSD,-1213.25998,-1467.538659,254.278679,43.84,758966.493,375106.718,-8753.05700000003,-1080467.192,58750.311
1625184000,2021-07-02 00:00:00,33502.33,33977.04,32699.0,33786.55,1870193042.3935368,BTCUSD,-1180.292228,-1410.089372,229.797144,44.67,664923.202,340677.815,16432.427999999956,-1064034.764,79212.479
1625270400,2021-07-03 00:00:00,33786.54,34945.61,33316.73,34669.13,1478423023.503483,BTCUSD,-1070.606927,-1342.192883,271.585956,47.29,510614.258,260819.897,11025.536000000022,-1053009.228,62750.387
1625356800,2021-07-04 00:00:00,34669.12,35967.85,34357.15,35286.51,1544458212.3926332,BTCUSD,-923.220815,-1258.39847,335.177655,49.1,451001.556,226888.582,2775.6080000000075,-1050233.62,60267.246
1625443200,2021-07-05 00:00:00,35288.13,35293.78,33125.55,33690.14,2183406257.493829,BTCUSD,-924.572085,-1191.633193,267.061108,44.81,736706.409,360470.052,-15766.304999999937,-1065999.925,47748.585
1625529600,2021-07-06 00:00:00,33690.15,35118.88,33532.0,34220.01,1991691100.9482656,BTCUSD,-872.825507,-1127.871656,255.046149,46.48,644229.007,322753.561,1278.1149999999907,-1064721.81,58835.792
1625616000,2021-07-07 00:00:00,34220.02,35059.09,33777.77,33862.12,1857658028.480804,BTCUSD,-850.886216,-1072.474568,221.588352,45.48,456218.909,227742.653,-733.6030000000028,-1065455.413,70243.54
1625702400,2021-07-08 00:00:00,33862.11,33929.64,32077.0,32875.71,2304973020.298715,BTCUSD,-902.688581,-1038.51737,135.828789,42.74,650317.664,323160.995,-3995.673999999999,-1069451.087,86847.077
1625788800,2021-07-09 00:00:00,32875.71,34100.0,32261.07,33815.81,1562958239.3913765,BTCUSD,-857.993698,-1002.412636,144.418938,46.07,485662.879,250884.926,16106.972999999998,-1053344.114,94568.974
1625875200,2021-07-10 00:00:00,33815.81,34262.0,33004.78,33502.87,1171790111.0829952,BTCUSD,-838.162508,-969.56261,131.400102,45.13,410271.979,204915.729,-440.5210000000079,-1053784.635,94561.644
1625961600,2021-07-11 00:00:00,33502.87,34666.0,33306.47,34258.99,1070033013.1920449,BTCUSD,-752.756277,-926.201344,173.445067,47.9,343905.35,176940.803,9976.256000000052,-1043808.379,110556.306
1626048000,2021-07-12 00:00:00,34259.0,34678.43,32658.34,33086.63,1620646741.334963,BTCUSD,-770.785739,-895.118223,124.332484,44.17,502747.758,245962.609,-10822.53999999998,-1054630.919,76208.26
1626134400,2021-07-13 00:00:00,33086.94,33340.0,32202.25,32729.77,1348583017.0103433,BTCUSD,-804.594968,-877.013572,72.418604,43.08,466567.713,234107.388,1647.0630000000235,-1052983.856,67858.782
1626220800,2021-07-14 00:00:00,32729.12,33114.03,31550.0,32820.02,1515692074.9875476,BTCUSD,-814.715076,-864.553873,49.838797,43.46,521140.41,262021.05,2901.6900000000023,-1050082.166,56784.049
1626307200,2021-07-15 00:00:00,32820.03,33185.25,31133.0,31880.0,1652077965.43656,BTCUSD,-888.346783,-869.312455,-19.034329,40.41,539111.667,263010.043,-13091.581000000006,-1063173.747,54445.437
1626393600,2021-07-16 00:00:00,31874.49,32249.18,31020.0,31383.87,1538342711.5796568,BTCUSD,-975.489155,-890.547795,-84.94136,38.86,516577.743,262402.614,8227.484999999986,-1054946.262,38589.079
1626480000,2021-07-17 00:00:00,31383.86,31955.92,31164.31,31520.07,1072815966.3363076,BTCUSD,-1021.78145,-916.794526,-104.986925,39.55,422650.418,215057.568,7464.7179999999935,-1047481.544,33961.514
1626566400,2021-07-18 00:00:00,31520.07,32435.0,31108.97,31778.56,1140964365.6466014,BTCUSD,-1025.785825,-938.592786,-87.193039,40.9,412189.401,206750.025,1310.6489999999758,-1046170.895,31292.16
1626652800,2021-07-19 00:00:00,31778.57,31899.0,30407.44,30839.65,1470563281.9365027,BTCUSD,-1092.132092,-969.300647,-122.831445,37.61,486305.627,239872.092,-6561.44299999997,-1052732.338,12844.172
1626739200,2021-07-20 00:00:00,30839.65,31063.07,29278.0,29790.35,1821230700.0203912,BTCUSD,-1215.371678,-1018.514853,-196.856825,34.28,602688.19,300341.487,-2005.2159999998985,-1054737.554,16976.581
1626825600,2021-07-21 00:00:00,29790.34,32858.0,29482.61,32144.51,2603140706.0822244,BTCUSD,-1110.280281,-1036.867939,-73.412343,45.85,787077.39,408430.273,29783.15599999996,-1024954.398,55512.794
1626912000,2021-07-22 00:00:00,32144.51,32591.35,31708.0,32287.83,1482763544.9505365,BTCUSD,-1003.858016,-1030.265954,26.407938,46.46,397258.936,200967.505,4676.074000000022,-1020278.324,43756.44
1626998400,2021-07-23 00:00:00,32287.58,33650.0,31924.32,33634.09,1631947003.0730464,BTCUSD,-801.64481,-984.541725,182.896915,52.0,404650.016,209327.397,14004.777999999991,-1006273.546,46735.682
1627084800,2021-07-24 00:00:00,33634.1,34500.0,33401.14,34258.14,1625046258.436552,BTCUSD,-584.298341,-904.493048,320.194708,54.36,376046.028,190979.219,5912.410000000033,-1000361.136,49872.484
1627171200,2021-07-25 00:00:00,34261.51,35398.0,33851.12,35381.02,1646935552.8055446,BTCUSD,-317.779502,-787.150339,469.370837,58.32,404114.844,207376.594,10638.34400000004,-989722.792,76277.133
1627257600,2021-07-26 00:00:00,35381.02,40550.0,35205.78,37237.6,5832475057.065676,BTCUSD,42.756221,-621.169027,663.925248,63.91,1162332.857,586176.914,10020.970999999903,-979701.821,85019.989
1627344000,2021-07-27 00:00:00,37241.33,39542.61,36383.0,39457.87,3335658261.9955463,BTCUSD,501.855534,-396.564115,898.419649,69.22,675104.157,340143.342,5182.527000000002,-974519.294,90936.119
1627430400,2021-07-28 00:00:00,39456.61,40900.0,38772.0,40019.56,4040889461.661528,BTCUSD,900.636756,-137.123941,1037.760697,70.4,736196.234,365704.726,-4786.782000000007,-979306.076,90145.011
1627516800,2021-07-29 00:00:00,40019.57,40640.0,39200.0,40016.48,2154190697.345318,BTCUSD,1202.562822,130.813412,1071.74941,70.39,463917.872,233268.288,2618.704000000027,-976687.372,76656.742
1627603200,2021-07-30 00:00:00,40018.49,42316.71,38313.23,42206.37,2939833541.3815365,BTCUSD,1600.102243,424.671178,1175.431065,74.78,561474.309,284487.227,7500.145000000019,-969187.227,84597.408
1627689600,2021-07-31 00:00:00,42206.36,42448.0,41000.15,41461.83,1868285510.8846788,BTCUSD,1833.936464,706.524235,1127.412229,70.93,381521.899,186824.054,-7873.790999999968,-977061.018,66747.361
1627776000,2021-08-01 00:00:00,41461.84,42599.0,39422.01,39845.44,2227567271.487865,BTCUSD,1867.297562,938.678901,928.618661,63.3,487529.044,237744.158,-12040.728000000005,-989101.746,65529.173
1627862400,2021-08-02 00:00:00,39850.27,40480.01,38690.0,39147.82,2010928003.5944088,BTCUSD,1816.504831,1114.244087,702.260744,60.29,451872.128,222510.659,-6850.809999999998,-995952.556,57031.3
1627948800,2021-08-03 00:00:00,39146.86,39780.0,37642.03,38207.05,2195360658.567329,BTCUSD,1680.961867,1227.587643,453.374224,56.39,517219.517,254829.126,-7561.265000000014,-1003513.821,46568.345
1628035200,2021-08-04 00:00:00,38207.04,39969.66,37508.56,39723.18,2028792778.184805,BTCUSD,1676.55582,1317.381278,359.174542,60.79,479560.473,240426.769,1293.0650000000023,-1002220.756,60952.991
1628121600,2021-08-05 00:00:00,39723.17,41350.0,37332.7,40862.46,3314527738.3397326,BTCUSD,1744.880474,1402.881117,341.999357,63.75,746249.712,371863.38,-2522.9520000000484,-1004743.708,50202.554
1628208000,2021-08-06 00:00:00,40862.46,43392.43,39853.86,42836.87,3148022459.916158,BTCUSD,1936.029301,1509.510754,426.518547,68.23,653451.154,331004.461,8557.76800000004,-996185.94,51295.604
1628294400,2021-08-07 00:00:00,42836.87,44700.0,42446.41,44572.54,3197407326.036793,BTCUSD,2202.184771,1648.045558,554.139214,71.55,583750.891,295584.445,7417.999000000069,-988767.941,57402.954
1628380800,2021-08-08 00:00:00,44572.54,45310.0,43261.0,43794.37,3074924734.87934,BTCUSD,2323.538775,1783.144201,540.394574,68.11,553684.698,276106.656,-1471.3859999999404,-990239.327,62493.011
1628467200,2021-08-09 00:00:00,43794.36,46454.15,42779.0,46253.4,3362870286.2581177,BTCUSD,2588.299561,1944.175273,644.124288,72.6,626220.503,316796.461,7372.418999999994,-982866.908,71870.646
1628553600,2021-08-10 00:00:00,46248.87,46700.0,44589.46,45584.99,2452485823.933654,BTCUSD,2712.916478,2097.923514,614.992964,69.72,460478.861,226898.781,-6681.298999999999,-989548.207,35406.191
1628640000,2021-08-11 00:00:00,45585.0,46743.47,45341.14,45511.0,2432788769.8326964,BTCUSD,2773.732052,2233.085222,540.64683,69.4,390660.571,194652.975,-1354.6209999999846,-990902.828,29375.496
1628726400,2021-08-12 00:00:00,45510.67,46218.12,43770.0,44399.0,2478758524.864176,BTCUSD,2701.063546,2326.680886,374.38266,64.5,468276.056,230524.439,-7227.177999999956,-998130.006,8143.54
1628812800,2021-08-13 00:00:00,44400.06,47886.0,44217.39,47800.0,2239435701.117792,BTCUSD,2884.653024,2438.275314,446.37771,71.2,438025.46,224999.55,11973.639999999956,-986156.366,14204.77
1628899200,2021-08-14 00:00:00,47799.99,48144.0,45971.03,47068.51,2166461458.6682487,BTCUSD,2937.264917,2538.073235,399.191682,68.22,374368.796,184208.521,-5951.753999999957,-992108.12,-2385.328
1628985600,2021-08-15 00:00:00,47068.5,47372.27,45500.0,46973.82,1950753713.2121248,BTCUSD,2937.458338,2617.950255,319.508083,67.82,370950.807,182320.165,-6310.476999999955,-998418.597,-18716.776
1629072000,2021-08-16 00:00:00,46973.82,48053.83,45660.0,45901.29,2462127629.609024,BTCUSD,2818.576621,2658.075528,160.501093,63.34,412537.605,201112.169,-10313.266999999993,-1008731.864,-34212.57
1629158400,2021-08-17 00:00:00,45901.3,47160.0,44376.0,44695.95,2616339597.9157424,BTCUSD,2597.162665,2645.892956,-48.730291,58.64,474316.4,230091.679,-14133.042000000016,-1022864.906,-43558.83
1629244800,2021-08-18 00:00:00,44695.95,46000.0,44203.28,44705.29,2439673265.947117,BTCUSD,2394.837968,2595.681958,-200.84399,58.67,395836.158,198145.782,455.4060000000172,-1022409.5,-45722.128
1629331200,2021-08-19 00:00:00,44699.37,47033.0,43927.7,46760.62,2416320067.133769,BTCUSD,2372.987816,2551.14313,-178.155314,63.95,439402.162,221338.968,3275.773999999976,-1019133.726,-49946.499
1629417600,2021-08-20 00:00:00,46760.62,49382.99,46622.99,49322.47,2721131744.277817,BTCUSD,2533.190257,2547.552555,-14.362298,69.22,401499.081,205499.228,9499.375,-1009634.351,-32573.333
1629504000,2021-08-21 00:00:00,49322.47,49757.04,48222.0,48821.87,2290966131.3761606,BTCUSD,2589.902822,2556.022609,33.880213,67.16,347594.451,173433.357,-727.7370000000228,-1010362.088,-21260.342
1629590400,2021-08-22 00:00:00,48821.88,49500.0,48050.0,49239.22,1807169840.169172,BTCUSD,2638.114059,2572.440899,65.67316,68.01,294672.223,146268.093,-2136.037000000011,-1012498.125,-16545.569
1629676800,2021-08-23 00:00:00,49239.22,50500.0,49029.0,49488.85,2616721363.685172,BTCUSD,2665.735921,2591.099903,74.636018,68.54,355733.496,175956.297,-3820.902000000002,-1016319.027,-12805.206
1629763200,2021-08-24 00:00:00,49488.85,49860.0,47600.0,47674.01,2486079315.564424,BTCUSD,2512.224664,2575.324855,-63.100191,60.68,398682.002,193775.029,-11131.94399999996,-1027450.971,-25230.215
1629849600,2021-08-25 00:00:00,47674.01,49264.3,47126.28,48973.32,2149442271.5264206,BTCUSD,2466.971631,2553.654211,-86.682579,63.88,389100.384,194689.116,277.84799999999814,-1027173.123,-22429.415
1629936000,2021-08-26 00:00:00,48973.32,49352.84,46250.0,46843.87,2333900030.229628,BTCUSD,2233.532684,2489.629905,-256.097221,55.87,475183.123,230104.076,-14974.97100000002,-1042148.094,-45962.154
1630022400,2021-08-27 00:00:00,46843.86,49149.93,46348.0,49069.9,2007071230.2199955,BTCUSD,2202.7606,2432.256044,-229.495444,61.33,403667.012,205164.652,6662.292000000016,-1035485.802,-46717.861
1630108800,2021-08-28 00:00:00,49069.9,49299.0,48346.88,48895.35,1303966035.7705495,BTCUSD,2139.624517,2373.729739,-234.105222,60.69,222793.024,109948.674,-2895.6760000000068,-1038381.478,-48142.151
1630195200,2021-08-29 00:00:00,48895.35,49632.27,47762.54,48767.83,1588661416.3603797,BTCUSD,2055.603203,2310.104432,-254.501228,60.2,315105.499,155344.998,-4415.503000000026,-1042796.981,-59930.073
1630281600,2021-08-30 00:00:00,48767.84,48888.61,46853.0,46982.91,1932344430.9239264,BTCUSD,1823.962081,2212.875961,-388.913881,53.67,351830.754,169917.924,-11994.906000000015,-1054791.887,-65243.68
1630368000,2021-08-31 00:00:00,46982.91,48246.11,46700.0,47100.89,2303799571.3822727,BTCUSD,1631.102488,2096.521267,-465.418779,54.03,365548.209,181913.89,-1720.4289999999455,-1056512.316,-65609.488
1630454400,2021-09-01 00:00:00,47100.89,49156.0,46512.0,48810.52,2386074445.4158525,BTCUSD,1597.794346,1996.775883,-398.981537,58.94,350108.374,175891.948,1675.5219999999972,-1054836.794,-56706.788
1630540800,2021-09-02 00:00:00,48810.51,50450.13,48584.06,49246.64,2704192314.674689,BTCUSD,1588.27994,1915.076694,-326.796754,60.11,361863.055,179442.573,-2977.908999999985,-1057814.703,-71658.337
1630627200,2021-09-03 00:00:00,49246.63,51000.0,48316.84,49999.14,2949574478.071738,BTCUSD,1622.754067,1856.612169,-233.858102,62.11,430326.386,215451.423,576.460000000021,-1057238.243,-65130.123
1630713600,2021-09-04 00:00:00,49998.0,50535.69,49370.0,49915.64,1733527136.4442587,BTCUSD,1624.609818,1810.211698,-185.601881,61.74,274956.842,136190.266,-2576.3099999999977,-1059814.553,-61395.956
1630800000,2021-09-05 00:00:00,49917.54,51900.0,49450.0,51756.88,2049212025.844659,BTCUSD,1754.429226,1799.055204,-44.625978,66.5,288984.124,148048.724,7113.323999999964,-1052701.229,-43969.365
1630886400,2021-09-06 00:00:00,51756.88,52780.0,50969.33,52663.9,2549290983.0568776,BTCUSD,1908.500965,1820.944356,87.556609,68.57,297734.284,152032.163,6330.042000000016,-1046371.187,-23506.281
1630972800,2021-09-07 00:00:00,52666.2,52920.0,42843.05,46863.73,6004105772.870442,BTCUSD,1544.771519,1765.709789,-220.93827,48.09,764140.139,364036.276,-36067.58699999994,-1082438.774,-60029.274
1631059200,2021-09-08 00:00:00,46868.57,47340.99,44412.02,46048.31,3000605793.938961,BTCUSD,1177.146323,1647.997096,-470.850773,46.01,435803.011,214784.769,-6233.472999999998,-1088672.247,-69538.521
1631145600,2021-09-09 00:00:00,46048.31,47399.97,45513.08,46395.14,2351862983.518241,BTCUSD,903.373462,1499.072369,-595.698907,47.06,309015.75,152282.069,-4451.612000000023,-1093123.859,-83489.508
1631232000,2021-09-10 00:00:00,46395.14,47033.0,44132.29,44850.91,2243698626.039517,BTCUSD,555.397762,1310.337447,-754.939685,43.05,343533.069,167338.043,-8856.983000000007,-1101980.842,-91618.754
1631318400,2021-09-11 00:00:00,44842.2,45987.93,44722.22,45173.69,1380370764.0127168,BTCUSD,302.186741,1108.707306,-806.520565,44.12,194144.115,97883.696,1623.277000000002,-1100357.565,-87859.44
1631404800,2021-09-12 00:00:00,45173.68,46460.0,44742.06,46025.24,1464780920.2199812,BTCUSD,168.288228,920.623491,-752.335262,46.96,223534.63,113248.808,2962.9860000000044,-1097394.579,-81075.552
1631491200,2021-09-13 00:00:00,46025.23,46880.0,43370.0,44940.73,2930668118.2616343,BTCUSD,-25.049446,731.488903,-756.538349,43.9,448942.068,220554.171,-7833.726000000024,-1105228.305,-77777.334
1631577600,2021-09-14 00:00:00,44940.72,47250.0,44594.44,47111.52,2072259519.06192,BTCUSD,-3.070936,584.576935,-587.647871,50.8,277925.721,141470.816,5015.910999999964,-1100212.394,-73039.271
1631664000,2021-09-15 00:00:00,47103.28,48500.0,46682.32,48121.41,2056996398.8439617,BTCUSD,94.744717,486.610492,-391.865774,53.66,244226.37,125186.65,6146.929999999993,-1094065.464,-51917.37
1631750400,2021-09-16 00:00:00,48121.4,48557.0,47021.1,47737.82,1948447232.9107168,BTCUSD,139.701429,417.228679,-277.52725,52.41,260044.727,129615.057,-814.6130000000121,-1094880.077,-59394.275
1631836800,2021-09-17 00:00:00,47737.81,48150.0,46699.56,47299.98,1637122049.4128375,BTCUSD,138.404477,361.463839,-223.059362,50.96,226193.34,111793.653,-2606.033999999985,-1097486.111,-59104.633
1631923200,2021-09-18 00:00:00,47299.98,48843.2,47035.56,48292.74,1491461627.9514225,BTCUSD,215.005618,332.172195,-117.166577,54.07,207900.413,104344.769,789.125,-1096696.986,-53900.005
1632009600,2021-09-19 00:00:00,48292.75,48372.83,46829.18,47241.75,1421642879.4932065,BTCUSD,188.730892,303.483934,-114.753042,50.43,212631.933,103064.05,-6503.832999999984,-1103200.819,-48408.932
1632096000,2021-09-20 00:00:00,47241.75,47347.25,42500.0,43015.62,3457139274.300071,BTCUSD,-171.132679,208.560611,-379.69329,39.03,600764.629,290520.904,-19722.821,-1122923.64,-66411.324
1632182400,2021-09-21 00:00:00,43016.64,43639.0,39600.0,40734.38,3551997786.690356,BTCUSD,-633.106101,40.227269,-673.33337,34.5,683242.002,336573.263,-10095.476000000024,-1133019.116,-78182.322
1632268800,2021-09-22 00:00:00,40734.09,44000.55,40565.39,43543.61,2482639471.907596,BTCUSD,-763.738086,-120.565802,-643.172284,43.24,400849.752,205402.776,9955.800000000048,-1123063.316,-65248.613
1632355200,2021-09-23 00:00:00,43546.37,44978.0,43069.09,44865.26,2147211305.4820888,BTCUSD,-751.950745,-246.842791,-505.107955,46.83,330253.525,166949.881,3646.2369999999646,-1119417.079,-62178.836
1632441600,2021-09-24 00:00:00,44865.26,45200.0,40675.0,42810.57,3596718231.050549,BTCUSD,-898.053305,-377.084893,-520.968411,42.34,608595.52,306893.32,5191.119999999995,-1114225.959,-54411.406
1632528000,2021-09-25 00:00:00,42810.58,42966.84,41646.28,42670.64,1428238748.2095258,BTCUSD,-1013.449403,-504.357795,-509.091608,42.05,277084.795,139117.235,1149.6749999999884,-1113076.284,-60375.055
1632614400,2021-09-26 00:00:00,42670.63,43950.0,40750.0,43160.9,2124657079.2797763,BTCUSD,-1053.201111,-614.126459,-439.074653,43.54,354393.916,182613.319,10832.72199999995,-1102243.562,-55872.375
1632700800,2021-09-27 00:00:00,43160.9,44350.0,42098.0,42147.35,1728912299.8034244,BTCUSD,-1153.196311,-721.940429,-431.255882,41.18,285311.606,141202.027,-2907.552000000025,-1105151.114,-22712.34
1632787200,2021-09-28 00:00:00,42147.35,42787.38,40888.0,41026.54,1816305387.8388584,BTCUSD,-1307.807636,-839.11387,-468.693765,38.69,359745.538,179946.127,146.7160000000149,-1105004.398,-16332.151
1632873600,2021-09-29 00:00:00,41025.01,42590.0,40753.88,41524.28,1399625476.0563765,BTCUSD,-1374.332318,-946.15756,-428.174758,40.41,293307.589,147987.157,2666.725000000035,-1102337.673,-9213.814
1632960000,2021-09-30 00:00:00,41524.29,44141.37,41410.17,43824.1,2005486003.5646768,BTCUSD,-1227.329465,-1002.391941,-224.937524,47.73,389185.646,199661.066,10136.485999999975,-1092201.187,9779.655
1633046400,2021-10-01 00:00:00,43820.01,48495.0,43283.03,48141.61,3076094886.5924745,BTCUSD,-753.752877,-952.664128,198.911252,58.12,449491.768,237198.964,24906.16000000004,-1067295.027,33062.538
1633132800,2021-10-02 00:00:00,48141.6,48336.59,47430.18,47634.9,1459064880.5324447,BTCUSD,-414.548622,-845.041027,430.492405,56.69,182565.988,91641.538,717.0879999999888,-1066577.939,30816.64
1633219200,2021-10-03 00:00:00,47634.89,49228.08,47088.0,48200.01,1482764462.1905775,BTCUSD,-98.986102,-695.830042,596.84394,57.93,212410.375,108484.936,4559.497000000003,-1062018.442,43209.863
1633305600,2021-10-04 00:00:00,48200.01,49536.12,46891.0,49224.94,2258464361.1263566,BTCUSD,231.138335,-510.436367,741.574701,60.16,324424.837,163699.666,2974.494999999996,-1059043.947,41168.447
1633392000,2021-10-05 00:00:00,49224.93,51886.3,49022.4,51471.99,2618101829.0177226,BTCUSD,666.400633,-275.068967,941.4696,64.58,314043.813,163037.976,12032.138999999966,-1047011.808,47053.656
1633478400,2021-10-06 00:00:00,51471.99,55750.0,50382.41,55315.0,4236927265.3815217,BTCUSD,1306.388695,41.222566,1265.166129,70.59,418731.748,217635.741,16539.733999999997,-1030472.074,64408.003
1633564800,2021-10-07 00:00:00,55315.0,55332.31,53357.0,53785.22,2983143121.088643,BTCUSD,1670.88249,367.154551,1303.72794,65.8,262974.545,129986.407,-3001.7309999999707,-1033473.805,64012.306
1633651200,2021-10-08 00:00:00,53785.22,56100.0,53617.61,53951.43,2522087625.0940795,BTCUSD,1950.672073,683.858055,1266.814018,66.07,255210.035,124309.101,-6591.833000000013,-1040065.638,56631.348
1633737600,2021-10-09 00:00:00,53955.67,55489.0,53661.67,54949.72,3024862790.6955924,BTCUSD,2227.286225,992.543689,1234.742536,67.72,167495.393,82817.693,-1860.0070000000123,-1041925.645,61275.174
1633824000,2021-10-10 00:00:00,54949.72,56561.31,54080.0,54659.0,4923958325.389876,BTCUSD,2395.433195,1273.12159,1122.311605,66.7,289072.818,141914.606,-5243.606000000029,-1047169.251,75754.389
1633910400,2021-10-11 00:00:00,54659.01,57839.04,54415.06,57471.35,2994673617.7236485,BTCUSD,2724.2209,1563.341452,1160.879447,71.2,314868.05,158591.466,2314.8819999999832,-1044854.369,88164.747
1633996800,2021-10-12 00:00:00,57471.35,57680.0,53879.0,55996.93,3017210682.8859496,BTCUSD,2833.155301,1817.304222,1015.851079,66.16,349147.775,169177.726,-10792.323000000031,-1055646.692,67416.624
1634083200,2021-10-13 00:00:00,55996.91,57777.0,54167.19,57367.0,3123307687.477303,BTCUSD,2995.509431,2052.945264,942.564167,68.4,327714.318,163755.891,-202.5360000000219,-1055849.228,63567.851
1634169600,2021-10-14 00:00:00,57370.83,58532.54,56818.05,57347.94,2481915791.591235,BTCUSD,3087.052644,2259.76674,827.285904,68.33,254719.751,127191.107,-337.5369999999821,-1056186.765,58039.194
1634256000,2021-10-15 00:00:00,57347.94,62933.0,56850.0,61672.42,4959389368.726733,BTCUSD,3468.56721,2501.526834,967.040377,74.5,493366.513,250096.36,6826.206999999995,-1049360.558,63715.726
1634342400,2021-10-16 00:00:00,61672.42,62378.42,60150.0,60875.57,2173374058.808911,BTCUSD,3664.380422,2734.097551,930.28287,71.73,213251.899,102926.854,-7398.190999999992,-1056758.749,45484.813
1634428800,2021-10-17 00:00:00,60875.57,61718.39,58963.0,61528.33,2371696294.797305,BTCUSD,3828.108032,2952.899648,875.208385,72.62,240132.514,117033.301,-6065.911999999982,-1062824.661,42326.453
1634515200,2021-10-18 00:00:00,61528.32,62695.78,59844.45,62009.84,3195091233.4205527,BTCUSD,3951.170542,3152.553826,798.616715,73.3,333278.481,160428.138,-12422.205000000016,-1075246.866,29757.532
1634601600,2021-10-19 00:00:00,62005.6,64486.0,61322.22,64280.59,3370863940.269437,BTCUSD,4183.701903,3358.783442,824.918462,76.27,379243.718,186440.595,-6362.527999999991,-1081609.394,20728.279
1634688000,2021-10-20 00:00:00,64280.59,67000.0,63481.4,66001.41,3362878816.4045925,BTCUSD,4455.48047,3578.122847,877.357622,78.24,324737.868,163461.369,2184.869999999996,-1079424.524,12776.663
1634774400,2021-10-21 00:00:00,66001.4,66639.74,62000.0,62193.15,4407757970.879756,BTCUSD,4313.844868,3725.267252,588.577617,65.3,478610.458,228594.054,-21422.349999999977,-1100846.874,-33551.847
1634860800,2021-10-22 00:00:00,62193.15,63732.39,60000.0,60688.22,3229377744.3114257,BTCUSD,4033.664783,3786.946758,246.718025,61.0,350359.527,168894.903,-12569.72100000002,-1113416.595,-46838.656
1634947200,2021-10-23 00:00:00,60688.23,61747.64,59562.15,61286.75,1686121722.2187824,BTCUSD,3815.928765,3792.743159,23.185605,62.07,222553.478,108858.031,-4837.415999999997,-1118254.011,-56235.569
1635033600,2021-10-24 00:00:00,61286.75,61500.0,59510.63,60852.22,1889694558.9504948,BTCUSD,3567.188137,3747.632155,-180.444018,60.77,245816.821,120985.809,-3845.2030000000086,-1122099.214,-63055.267
1635120000,2021-10-25 00:00:00,60852.22,63710.63,60650.0,63078.78,2309339650.10938,BTCUSD,3509.271485,3699.960021,-190.688536,64.84,234201.1,118071.63,1942.1600000000035,-1120157.054,-73145.246
1635206400,2021-10-26 00:00:00,63078.78,63293.48,59817.55,60328.81,2492606133.3189454,BTCUSD,3204.532666,3600.87455,-396.341884,56.98,252256.924,119855.116,-12546.69200000001,-1132703.746,-102231.672
1635292800,2021-10-27 00:00:00,60328.81,61496.0,58000.0,58413.44,3688306192.972418,BTCUSD,2776.465242,3435.992688,-659.527446,52.23,329112.396,157815.018,-13482.359999999986,-1146186.106,-112712.301
1635379200,2021-10-28 00:00:00,58413.44,62499.0,57820.0,60575.89,3677629851.059607,BTCUSD,2581.947286,3265.183608,-683.236322,56.62,333323.116,165070.318,-3182.4799999999814,-1149368.586,-109302.948
1635465600,2021-10-29 00:00:00,60575.9,62980.0,60174.81,62253.71,2706090987.3096256,BTCUSD,2533.966468,3118.94018,-584.973712,59.72,218355.773,107416.947,-3521.8789999999863,-1152890.465,-110964.82
1635552000,2021-10-30 00:00:00,62253.7,62359.25,60673.0,61859.19,1937860260.4380624,BTCUSD,2436.025868,2982.357317,-546.33145,58.66,156041.523,76104.489,-3832.544999999984,-1156723.01,-109553.759
1635638400,2021-10-31 00:00:00,61859.19,62405.3,59945.36,61299.8,2396556477.343493,BTCUSD,2286.907097,2843.267273,-556.360177,57.11,183599.524,89771.335,-4056.853999999992,-1160779.864,-115925.495
1635724800,2021-11-01 00:00:00,61299.81,62437.74,59405.0,60911.11,2737282804.738131,BTCUSD,2113.007922,2697.215403,-584.207481,56.0,246158.361,118207.15,-9744.061000000016,-1170523.925,-114877.233
1635811200,2021-11-02 00:00:00,60911.12,64270.0,60624.68,63219.99,2909221038.40065,BTCUSD,2136.866427,2585.145608,-448.279181,60.86,217592.062,109358.299,1124.5359999999928,-1169399.389,-113550.161
1635897600,2021-11-03 00:00:00,63220.57,63500.0,60382.76,62896.48,2713389500.4663587,BTCUSD,2105.400168,2489.19652,-383.796352,59.86,211190.183,101629.502,-7931.179000000004,-1177330.568,-121143.803
1635984000,2021-11-04 00:00:00,62896.49,63086.31,60677.01,61395.01,2218138026.7045407,BTCUSD,1936.978567,2378.752929,-441.774362,55.33,184677.079,88063.233,-8550.613000000012,-1185881.181,-136520.623
1636070400,2021-11-05 00:00:00,61395.01,62595.72,60721.0,60937.12,1943346371.470386,BTCUSD,1746.423654,2252.287074,-505.86342,53.99,157569.637,76782.035,-4005.566999999981,-1189886.748,-133127.999
1636156800,2021-11-06 00:00:00,60940.18,61560.49,60050.0,61470.61,1556774943.5537283,BTCUSD,1619.783837,2125.786427,-506.00259,55.35,154919.118,74901.484,-5116.149999999994,-1195002.898,-132178.237
1636243200,2021-11-07 00:00:00,61470.62,63286.35,61322.78,63273.59,1585744720.199772,BTCUSD,1645.932997,2029.815741,-383.882744,59.68,142878.208,72436.712,1995.2159999999856,-1193007.682,-117760.816
1636329600,2021-11-08 00:00:00,63273.58,67789.0,63273.58,67525.83,3575716171.0443,BTCUSD,1986.873187,2021.22723,-34.354043,67.65,274932.146,138123.266,1314.3859999999986,-1191693.296,-110083.902
1636416000,2021-11-09 00:00:00,67525.82,68524.25,66222.4,66947.66,3014326962.087268,BTCUSD,2185.227317,2054.027247,131.20007,65.75,231843.834,113027.881,-5788.072000000015,-1197481.368,-118056.844
1636502400,2021-11-10 00:00:00,66947.67,69000.0,62822.9,64882.43,4335575752.805224,BTCUSD,2150.982407,2073.418279,77.564128,59.33,347835.573,167504.328,-12826.916999999958,-1210308.285,-109461.411
1636588800,2021-11-11 00:00:00,64882.42,65600.07,64100.0,64774.26,2415537333.57771,BTCUSD,2091.010783,2076.93678,14.074003,59.0,178279.275,85507.216,-7264.8429999999935,-1217573.128,-104156.533
1636675200,2021-11-12 00:00:00,64774.25,65450.7,62278.0,64122.23,2844286547.5040407,BTCUSD,1968.181497,2055.185724,-87.004227,56.98,264576.325,128278.242,-8019.841000000015,-1225592.969,-107338.958
1636761600,2021-11-13 00:00:00,64122.22,65000.0,63360.22,64380.0,1442441613.5983925,BTCUSD,1870.081155,2018.16481,-148.083655,57.6,124466.493,60958.991,-2548.5109999999986,-1228141.48,-106042.266
1636848000,2021-11-14 00:00:00,64380.01,65550.51,63576.27,65519.1,1658473781.2937696,BTCUSD,1862.778823,1987.087613,-124.308789,60.32,146424.701,71887.542,-2649.6169999999984,-1230791.097,-110634.043
1636934400,2021-11-15 00:00:00,65519.11,66401.82,63400.0,63606.74,2460915922.876128,BTCUSD,1683.27644,1926.325378,-243.048938,54.05,210026.602,100563.649,-8899.304000000004,-1239690.401,-106986.655
1637020800,2021-11-16 00:00:00,63606.73,63617.31,58574.07,60058.87,4705744041.299647,BTCUSD,1240.437063,1789.147715,-548.710652,44.75,475025.706,224511.744,-26002.218,-1265692.619,-119506.513
1637107200,2021-11-17 00:00:00,60058.87,60840.23,58373.0,60344.87,2767802055.200423,BTCUSD,902.161915,1611.750555,-709.58864,45.57,287388.873,141373.327,-4642.219000000041,-1270334.838,-120966.252
1637193600,2021-11-18 00:00:00,60344.86,60976.0,56474.26,56891.62,3644824179.1448526,BTCUSD,351.377547,1359.675954,-1008.298406,38.25,412021.672,197043.864,-17933.944000000018,-1288268.782,-135378.317
1637280000,2021-11-19 00:00:00,56891.62,58320.0,55600.0,58052.24,2896189975.910774,BTCUSD,8.432101,1089.427183,-1080.995082,41.64,245356.121,120093.418,-5169.285000000004,-1293438.067,-136715.057
1637366400,2021-11-20 00:00:00,58057.1,59845.0,57353.0,59707.51,1982718831.1570768,BTCUSD,-128.309112,845.879924,-974.189036,46.18,173697.342,86276.801,-1143.7399999999907,-1294581.807,-133801.943
1637452800,2021-11-21 00:00:00,59707.52,60029.76,58486.65,58622.02,1886578154.5167084,BTCUSD,-320.572125,612.589514,-933.161639,43.78,143887.271,70920.127,-2047.0170000000217,-1296628.824,-126104.899
1637539200,2021-11-22 00:00:00,58617.7,59444.0,55610.0,56247.18,2968622334.1376567,BTCUSD,-656.998221,358.671967,-1015.670188,38.99,326184.881,157891.639,-10401.603000000005,-1307030.427,-137631.038
1637625600,2021-11-23 00:00:00,56243.83,58009.99,55317.0,57541.27,2837210673.4885187,BTCUSD,-809.860511,124.965472,-934.825982,42.67,267790.325,132836.803,-2116.7189999999828,-1309147.146,-131816.578
1637712000,2021-11-24 00:00:00,57541.26,57735.0,55837.0,57138.29,2246374244.330568,BTCUSD,-952.541786,-90.53598,-862.005806,41.82,194683.757,96162.017,-2359.722999999998,-1311506.869,-125625.688
1637798400,2021-11-25 00:00:00,57138.29,59398.9,57000.0,58960.36,2455658857.700593,BTCUSD,-908.123619,-254.053508,-654.070112,46.94,191912.653,94976.186,-1960.280999999988,-1313467.15,-123580.402
1637884800,2021-11-26 00:00:00,58960.37,59150.0,53500.0,53726.53,3649353860.4295673,BTCUSD,-1280.487579,-459.340322,-821.147257,36.9,378650.919,179444.109,-19762.701,-1333229.851,-138226.953
1637971200,2021-11-27 00:00:00,53723.72,55280.0,53610.0,54721.03,1623173123.4917316,BTCUSD,-1478.299939,-663.132245,-815.167694,39.55,155119.117,75350.439,-4418.239000000001,-1337648.09,-144640.408
1638057600,2021-11-28 00:00:00,54716.47,57445.05,53256.64,57274.88,1982198373.5328348,BTCUSD,-1412.708484,-813.047493,-599.660991,45.83,213600.615,105577.874,-2444.8669999999984,-1340092.957,-148399.661
1638144000,2021-11-29 00:00:00,57274.89,58865.97,56666.67,57776.25,2313371348.113543,BTCUSD,-1305.224598,-911.482914,-393.741684,46.99,215111.466,107231.421,-648.6239999999816,-1340741.581,-143260.213
1638230400,2021-11-30 00:00:00,57776.25,59176.99,55875.55,56950.56,2823644073.021905,BTCUSD,-1272.00623,-983.587577,-288.418653,45.27,337624.148,163076.665,-11470.81799999997,-1352212.399,-141904.114
1638316800,2021-12-01 00:00:00,56950.56,59053.55,56458.01,57184.07,2584928714.0757422,BTCUSD,-1212.857068,-1029.441476,-183.415592,45.87,273959.104,134469.846,-5019.412000000011,-1357231.811,-139658.683
1638403200,2021-12-02 00:00:00,57184.07,57375.47,55777.77,56480.34,2127110102.107309,BTCUSD,-1208.831404,-1065.319461,-143.511943,44.28,249985.255,120880.601,-8224.053000000014,-1365455.864,-139862.895
1638489600,2021-12-03 00:00:00,56484.26,57600.0,51680.0,53601.05,3246198505.946852,BTCUSD,-1421.588489,-1136.573267,-285.015222,38.42,374132.016,174865.975,-24400.06599999999,-1389855.93,-161714.45
1638576000,2021-12-04 00:00:00,53601.05,53859.1,42000.3,49152.47,5495712061.978532,BTCUSD,-1926.950553,-1294.648724,-632.301829,31.48,598774.989,283256.182,-32262.625,-1422118.555,-191327.458
1638662400,2021-12-05 00:00:00,49152.46,49699.05,47727.21,49396.33,2231486105.843912,BTCUSD,-2281.476722,-1492.014324,-789.462399,32.2,286434.382,144632.547,2830.7119999999995,-1419287.843,-179597.442
1638748800,2021-12-06 00:00:00,49396.32,50891.11,47100.0,50441.92,2851528919.1795363,BTCUSD,-2449.830767,-1683.577612,-766.253154,35.35,357711.029,181750.447,5789.864999999991,-1413497.978,-147805.359
1638835200,2021-12-07 00:00:00,50441.91,51936.33,50039.74,50588.95,1950573500.2086656,BTCUSD,-2542.084896,-1855.279069,-686.805827,35.8,224670.618,112692.075,713.5320000000065,-1412784.446,-142449.608
1638921600,2021-12-08 00:00:00,50588.95,51200.0,48600.0,50471.19,1925458787.114752,BTCUSD,-2594.788103,-2003.180876,-591.607227,35.59,238229.884,118448.493,-1332.8979999999865,-1414117.344,-125848.562
1639008000,2021-12-09 00:00:00,50471.19,50797.76,47320.0,47545.59,1841474998.89511,BTCUSD,-2839.890752,-2170.522851,-669.367901,30.67,273086.086,135275.03,-2536.0260000000126,-1416653.37,-123215.303
1639094400,2021-12-10 00:00:00,47535.9,50125.0,46852.0,47140.54,2135023722.853152,BTCUSD,-3031.870995,-2342.79248,-689.078515,30.05,302974.429,149973.846,-3026.737000000023,-1419680.107,-125098.3
1639180800,2021-12-11 00:00:00,47140.54,49485.71,46751.0,49389.99,1397524635.581402,BTCUSD,-2968.288325,-2467.891649,-500.396676,37.58,210959.992,106748.623,2537.254000000016,-1417142.853,-120514.029
1639267200,2021-12-12 00:00:00,49389.99,50777.0,48638.0,50053.9,1292315883.6245537,BTCUSD,-2831.684714,-2540.650262,-291.034452,39.65,183434.285,93049.562,2664.839000000007,-1414478.014,-107447.587
1639353600,2021-12-13 00:00:00,50053.9,50189.97,45672.75,46702.75,2423888500.7903047,BTCUSD,-2959.717386,-2624.463687,-335.2537,33.6,348551.322,171595.893,-5359.535999999964,-1419837.55,-110690.404
1639440000,2021-12-14 00:00:00,46702.76,48700.41,46290.0,48343.28,1887427362.4740968,BTCUSD,-2895.430422,-2678.657034,-216.773388,38.54,266213.627,135879.102,5544.577000000048,-1414292.973,-102786.104
1639526400,2021-12-15 00:00:00,48336.95,49500.0,46547.0,48864.98,2487012309.0915494,BTCUSD,-2770.44969,-2697.015565,-73.434125,40.07,345239.891,173212.468,1185.0449999999837,-1413107.928,-99640.778
1639612800,2021-12-16 00:00:00,48864.98,49436.43,47511.0,47632.38,1551200654.052745,BTCUSD,-2739.285302,-2705.469512,-33.81579,37.69,215874.187,107345.166,-1183.8550000000105,-1414291.783,-81061.932
1639699200,2021-12-17 00:00:00,47632.38,47995.96,45456.0,46131.2,2015966349.5161324,BTCUSD,-2803.404083,-2725.056426,-78.347657,34.96,326458.135,159111.359,-8235.417000000016,-1422527.2,-84879.11
1639785600,2021-12-18 00:00:00,46133.83,47392.37,45500.0,46834.48,1165205135.7008429,BTCUSD,-2765.589862,-2733.163114,-32.426749,37.25,191006.415,95918.104,829.7930000000051,-1421697.407,-81604.45
1639872000,2021-12-19 00:00:00,46834.47,48300.01,46406.91,46681.23,1384958598.36277,BTCUSD,-2716.671714,-2729.864834,13.19312,36.95,241698.541,120156.154,-1386.2330000000077,-1423083.64,-82342.059
1639958400,2021-12-20 00:00:00,46681.24,47537.57,45558.85,46914.16,1663363117.8304534,BTCUSD,-2628.804996,-2709.652866,80.84787,37.78,273804.259,136115.389,-1573.4810000000289,-1424657.121,-72444.722
1640044800,2021-12-21 00:00:00,46914.17,49328.96,46630.0,48889.88,1827234149.05988,BTCUSD,-2372.398366,-2642.201966,269.8036,44.49,260008.358,132298.47,4588.581999999995,-1420068.539,-62836.728
1640131200,2021-12-22 00:00:00,48887.59,49576.13,48421.87,48588.16,1322418595.3337295,BTCUSD,-2168.542934,-2547.47016,378.927226,43.72,208463.689,103012.088,-2439.5130000000063,-1422508.052,-57052.188
1640217600,2021-12-23 00:00:00,48588.17,51375.0,47920.42,50838.81,1738129830.7814522,BTCUSD,-1804.575368,-2398.891201,594.315834,50.63,255885.48,128696.325,1507.1699999999837,-1421000.882,-31144.952
1640304000,2021-12-24 00:00:00,50838.82,51810.0,50384.43,50820.0,1618089927.2810063,BTCUSD,-1500.351145,-2219.18319,718.832045,50.58,220208.725,109811.663,-585.3990000000049,-1421586.281,532.274
1640390400,2021-12-25 00:00:00,50819.99,51156.23,50142.32,50399.66,971491029.130824,BTCUSD,-1278.432211,-2031.032994,752.600783,49.27,147662.438,72934.601,-1793.2360000000044,-1423379.517,-4091.674
1640476800,2021-12-26 00:00:00,50399.67,51280.0,49412.0,50775.49,1132200241.5624182,BTCUSD,-1060.014332,-1836.829262,776.81493,50.5,184800.616,89518.393,-5763.830000000016,-1429143.347,-15645.369
1640563200,2021-12-27 00:00:00,50775.48,52088.0,50449.0,50701.44,1472065236.0117192,BTCUSD,-882.7164,-1646.006689,763.29029,50.24,216225.263,106262.002,-3701.25900000002,-1432844.606,-20060.16
1640649600,2021-12-28 00:00:00,50701.44,50704.05,47313.01,47543.74,2242102220.931004,BTCUSD,-985.644614,-1513.934274,528.28966,40.66,336083.34,160404.199,-15274.94200000004,-1448119.548,-34002.204
1640736000,2021-12-29 00:00:00,47543.74,48139.08,46096.99,46464.66,1873785571.2732968,BTCUSD,-1141.134415,-1439.374303,298.239887,37.99,274795.378,134721.808,-5351.762000000046,-1453471.31,-36817.94
1640822400,2021-12-30 00:00:00,46464.66,47900.0,45900.0,47120.87,1428755720.4532027,BTCUSD,-1197.605292,-1391.020501,193.415208,40.54,229931.288,115635.442,1339.5959999999905,-1452131.714,-32451.607
1640908800,2021-12-31 00:00:00,47120.88,48548.26,45678.0,46216.93,1650715977.918517,BTCUSD,-1300.310107,-1372.878422,72.568315,38.21,287186.003,143410.36,-365.283000000054,-1452496.997,-35354.144
1640995200,2022-01-01 00:00:00,46216.93,47954.63,46208.37,47722.65,924155159.5834864,BTCUSD,-1245.844078,-1347.471553,101.627475,43.99,179433.584,89986.219,538.8539999999921,-1451958.143,-37480.129
1641081600,2022-01-02 00:00:00,47722.66,47990.0,46654.0,47286.18,866610995.5633582,BTCUSD,-1223.791729,-1322.735588,98.943859,42.74,184795.093,91981.313,-832.4670000000042,-1452790.61,-32953.06
1641168000,2022-01-03 00:00:00,47286.18,47570.0,45696.0,46446.1,1292203508.3256547,BTCUSD,-1259.582832,-1310.105037,50.522205,40.37,244781.793,119053.258,-6675.277000000002,-1459465.887,-45172.914
1641254400,2022-01-04 00:00:00,46446.1,47557.54,45500.0,45832.01,1649170424.1276133,BTCUSD,-1322.25731,-1312.535492,-9.721819,38.68,292149.75,143286.209,-5577.331999999995,-1465043.219,-51935.291
1641340800,2022-01-05 00:00:00,45832.01,47070.0,42500.0,43451.13,2334288544.645448,BTCUSD,-1546.220537,-1359.272501,-186.948036,32.91,485477.569,232575.543,-20326.483000000007,-1485369.702,-71077.919
1641427200,2022-01-06 00:00:00,43451.14,43816.0,42430.58,43082.31,1674466154.4383326,BTCUSD,-1733.491092,-1434.116219,-299.374873,32.11,299509.851,148906.155,-1697.5410000000263,-1487067.243,-64540.043
1641513600,2022-01-07 00:00:00,43082.3,43145.83,40610.0,41566.48,2293851015.4652367,BTCUSD,-1981.379065,-1543.568788,-437.810277,29.0,473214.849,233270.71,-6673.429000000004,-1493740.672,-72043.265
1641600000,2022-01-08 00:00:00,41566.48,42300.0,40501.0,41679.74,1367233494.827767,BTCUSD,-2143.978485,-1663.650727,-480.327757,29.55,283737.224,143063.594,2389.9640000000363,-1491350.708,-68267.068
1641686400,2022-01-09 00:00:00,41679.74,42786.7,41200.02,41864.62,952830064.5125848,BTCUSD,-2232.190127,-1777.358607,-454.83152,30.5,223134.952,112664.922,2194.8920000000217,-1489155.816,-64498.695
1641772800,2022-01-10 00:00:00,41864.62,42248.5,39650.0,41822.49,2088111339.5055964,BTCUSD,-2279.224546,-1877.731795,-401.492751,30.4,453644.116,225243.622,-3156.871999999974,-1492312.688,-72244.149
1641859200,2022-01-11 00:00:00,41822.49,43100.0,41268.93,42729.29,1574803608.9600787,BTCUSD,-2217.763483,-1945.738133,-272.025351,35.32,323760.691,163255.397,2750.103000000003,-1489562.585,-67054.533
1641945600,2022-01-12 00:00:00,42729.29,44322.0,42450.0,43902.66,1470906437.7120714,BTCUSD,-2050.734406,-1966.737387,-83.997019,41.12,281339.294,144555.452,7771.609999999986,-1481790.975,-60790.093
1642032000,2022-01-13 00:00:00,43902.65,44500.0,42311.22,42560.11,1515944525.4954948,BTCUSD,-2003.598982,-1974.109706,-29.489276,37.03,289289.18,139605.73,-10077.719999999972,-1491868.695,-70282.414
1642118400,2022-01-14 00:00:00,42558.35,43448.78,41725.95,43059.96,1392000443.3501675,BTCUSD,-1903.962408,-1960.080247,56.117839,39.45,272517.077,136435.116,353.15500000002794,-1491515.54,-68136.023
1642204800,2022-01-15 00:00:00,43059.96,43800.0,42555.0,43084.29,946488263.548448,BTCUSD,-1802.261133,-1928.516424,126.255291,39.57,184649.157,93161.362,1673.566999999981,-1489841.973,-60698.626
1642291200,2022-01-16 00:00:00,43084.29,43475.0,42581.79,43071.66,887203134.0531468,BTCUSD,-1703.04958,-1883.423055,180.373475,39.52,177450.475,88227.295,-995.8850000000092,-1490837.858,-57993.252
1642377600,2022-01-17 00:00:00,43071.66,43176.18,41540.42,42201.62,1169381684.4668436,BTCUSD,-1675.316658,-1841.801776,166.485118,36.49,232748.345,113249.87,-6248.6050000000105,-1497086.463,-48966.915
1642464000,2022-01-18 00:00:00,42201.63,42691.0,41250.0,42352.12,1228459687.3994458,BTCUSD,-1622.49096,-1797.939613,175.448653,37.38,267472.465,134653.499,1834.532999999996,-1495251.93,-41780.62
1642550400,2022-01-19 00:00:00,42352.12,42559.13,41138.56,41660.01,1327478459.1602297,BTCUSD,-1617.824433,-1761.916577,144.092143,34.94,333952.095,166540.108,-871.8789999999572,-1496123.809,-43992.095
1642636800,2022-01-20 00:00:00,41660.0,43505.0,40553.31,40680.91,1784801200.404487,BTCUSD,-1673.83642,-1744.300545,70.464125,31.78,399818.052,198970.276,-1877.5,-1498001.309,-45504.312
1642723200,2022-01-21 00:00:00,40680.92,41100.0,35440.45,36445.31,3405501703.2219367,BTCUSD,-2036.528018,-1802.74604,-233.781978,22.36,790320.909,376964.65,-36391.60899999994,-1534392.918,-82434.775
1642809600,2022-01-22 00:00:00,36445.31,36835.22,34008.0,35071.42,3207531048.030652,BTCUSD,-2407.077868,-1923.612406,-483.465462,20.26,676272.904,335231.726,-5809.451999999932,-1540202.37,-87411.76
1642896000,2022-01-23 00:00:00,35071.42,36499.0,34601.01,36244.55,1572414639.0428774,BTCUSD,-2576.380595,-2054.166043,-522.214552,26.6,369372.903,191345.791,13318.679000000004,-1526883.691,-67417.804
1642982400,2022-01-24 00:00:00,36244.55,37550.0,32917.17,36660.35,3192041586.103189,BTCUSD,-2646.495488,-2172.631932,-473.863556,28.76,823000.702,421032.595,19064.487999999896,-1507819.203,-42775.984
1643068800,2022-01-25 00:00:00,36660.35,37545.14,35701.0,36958.32,1799224214.4997392,BTCUSD,-2647.49963,-2267.605472,-379.894158,30.34,409535.517,209227.784,8920.051000000036,-1498899.152,-13529.45
1643155200,2022-01-26 00:00:00,36958.32,38919.98,36234.63,36809.34,2627491976.6908574,BTCUSD,-2629.999859,-2340.084349,-289.91551,29.98,554457.384,280710.342,6963.300000000047,-1491935.852,-4868.609
1643241600,2022-01-27 00:00:00,36807.24,37234.47,35507.01,37160.1,1925920128.3436604,BTCUSD,-2558.336849,-2383.734849,-174.602,32.02,422006.922,214001.652,5996.381999999983,-1485939.47,7801.202
1643328000,2022-01-28 00:00:00,37160.11,38000.0,36155.01,37716.56,1560203931.220128,BTCUSD,-2428.645809,-2392.717041,-35.928768,35.24,367509.143,186916.622,6324.101000000024,-1479615.369,11735.339
1643414400,2022-01-29 00:00:00,37716.57,38720.74,37268.44,38166.84,989652386.9966494,BTCUSD,-2263.439373,-2366.861508,103.422135,37.8,238657.764,121845.333,5032.902000000002,-1474582.467,14573.349
1643500800,2022-01-30 00:00:00,38166.83,38359.26,37351.63,37881.76,812750216.6010319,BTCUSD,-2130.951374,-2319.679481,188.728107,36.81,195029.125,98182.72,1336.3150000000023,-1473246.152,19066.536
1643587200,2022-01-31 00:00:00,37881.75,38744.0,36632.61,38466.9,1386754529.0295446,BTCUSD,-1956.188054,-2246.981196,290.793141,40.28,318440.392,165301.213,12162.033999999983,-1461084.118,28478.467
1643673600,2022-02-01 00:00:00,38466.9,39265.2,38000.0,38694.59,1334266166.7099988,BTCUSD,-1778.809179,-2153.346792,374.537613,41.62,353354.121,180866.324,8378.527000000002,-1452705.591,29085.384
1643760000,2022-02-02 00:00:00,38694.59,38855.92,36586.95,36896.36,1353093948.9776013,BTCUSD,-1763.014344,-2075.280303,312.265959,34.94,337570.934,164072.198,-9426.538,-1462132.129,29736.566
1643846400,2022-02-03 00:00:00,36896.37,37387.0,36250.0,37311.61,1179502838.6566265,BTCUSD,-1697.422785,-1999.708799,302.286014,37.44,318656.228,162221.171,5786.114000000001,-1456346.015,35169.525
1643932800,2022-02-04 00:00:00,37311.98,41772.33,37026.73,41574.25,2526572562.0582848,BTCUSD,-1286.649879,-1857.097015,570.447136,56.09,520105.77,275803.541,31501.312000000034,-1424844.703,64997.27
1644019200,2022-02-05 00:00:00,41571.7,41913.69,40843.01,41382.59,1349805515.9300363,BTCUSD,-965.445695,-1678.766751,713.321056,55.29,242184.07,121299.575,415.0799999999872,-1424429.623,66408.235
1644105600,2022-02-06 00:00:00,41382.6,42656.0,41116.56,42380.87,934168802.8801152,BTCUSD,-623.152894,-1467.64398,844.491086,58.6,215323.95,113028.37,10732.78999999998,-1413696.833,83389.63
1644192000,2022-02-07 00:00:00,42380.87,44500.5,41645.85,43839.99,2204523609.903396,BTCUSD,-231.476279,-1220.41044,988.934161,62.91,418053.774,216232.398,14411.021999999995,-1399285.811,95966.119
1644278400,2022-02-08 00:00:00,43839.99,45492.0,42666.0,44042.99,2847485971.4977336,BTCUSD,94.224503,-957.483451,1051.707954,63.48,468015.421,238431.389,8847.357000000018,-1390438.454,105685.355
1644364800,2022-02-09 00:00:00,44043.0,44799.0,43117.92,44372.72,1512500139.1430995,BTCUSD,374.632643,-691.060232,1065.692875,64.44,300270.062,150266.938,263.81400000001304,-1390174.64,107826.669
1644451200,2022-02-10 00:00:00,44372.71,45821.0,43174.01,43495.44,2772188373.222783,BTCUSD,520.073861,-448.833414,968.907275,59.94,563922.075,283192.141,2462.207000000053,-1387712.433,146680.485
1644537600,2022-02-11 00:00:00,43495.44,43920.0,41938.51,42373.73,1937866768.5059533,BTCUSD,538.615627,-251.343606,789.959232,54.68,414646.193,205984.41,-2677.3730000000214,-1390389.806,149812.564
1644624000,2022-02-12 00:00:00,42373.73,43079.49,41688.88,42217.87,1123136004.7237244,BTCUSD,534.571305,-94.160623,628.731928,53.97,256269.325,128560.041,850.7569999999832,-1389539.049,137344.642
1644710400,2022-02-13 00:00:00,42217.87,42760.0,41870.0,42053.66,750533311.6529565,BTCUSD,512.211323,27.113766,485.097557,53.19,192068.012,96534.906,1001.8000000000176,-1388537.249,119281.954
1644796800,2022-02-14 00:00:00,42053.65,42842.4,41550.56,42535.94,1436927831.4445865,BTCUSD,527.328131,127.156639,400.171492,55.24,303990.933,155102.932,6214.930999999982,-1382322.318,116576.834
1644883200,2022-02-15 00:00:00,42535.94,44751.4,42427.03,44544.86,1672855933.625659,BTCUSD,693.418073,240.408926,453.009147,62.59,276735.421,141960.771,7186.121000000043,-1375136.197,116799.655
1644969600,2022-02-16 00:00:00,44544.85,44549.97,43307.0,43873.56,1250973502.3018453,BTCUSD,762.092323,344.745605,417.346718,59.1,255790.287,123063.564,-9663.159000000014,-1384799.356,101140.114
1645056000,2022-02-17 00:00:00,43873.56,44164.71,40073.21,40515.7,1993400162.9480667,BTCUSD,539.348646,383.666213,155.682433,45.44,433958.984,205849.905,-22259.174,-1407058.53,72556.839
1645142400,2022-02-18 00:00:00,40515.71,40959.88,39450.0,39974.44,1765622365.952756,BTCUSD,315.51051,370.035073,-54.524562,43.69,377679.782,189988.366,2296.950000000012,-1404761.58,69820.887
1645228800,2022-02-19 00:00:00,39974.45,40444.32,39639.03,40079.17,721960636.0646691,BTCUSD,144.89772,325.007602,-180.109882,44.14,185624.675,94227.797,2830.9190000000235,-1401930.661,71315.491
1645315200,2022-02-20 00:00:00,40079.17,40125.44,38000.0,38386.89,1293216601.4518795,BTCUSD,-125.421221,234.921838,-360.343058,38.76,329740.444,162142.068,-5456.308000000019,-1407386.969,53697.149
1645401600,2022-02-21 00:00:00,38386.89,39494.35,36800.0,37008.16,2382027320.8617606,BTCUSD,-445.764422,98.784586,-544.549008,35.02,646391.815,323510.035,628.2550000000047,-1406758.714,45946.877
1645488000,2022-02-22 00:00:00,37008.16,38429.0,36350.0,38230.33,2010628230.7549176,BTCUSD,-594.170584,-39.806448,-554.364136,40.5,465313.497,239400.96,13488.42300000001,-1393270.291,68861.838
1645574400,2022-02-23 00:00:00,38230.33,39249.93,37036.79,37250.01,1665486687.2399373,BTCUSD,-781.874209,-188.22,-593.654208,37.75,408056.255,203182.176,-1691.9029999999912,-1394962.194,61383.821
1645660800,2022-02-24 00:00:00,37250.02,39843.0,34322.28,38327.21,4335107392.009488,BTCUSD,-834.094721,-317.394945,-516.699777,42.38,919820.907,476179.434,32537.96100000001,-1362424.233,62420.47
1645747200,2022-02-25 00:00:00,38328.68,39683.53,38014.37,39219.17,2197889580.2826686,BTCUSD,-794.349371,-412.78583,-381.563541,45.97,416316.366,214578.302,12840.238000000012,-1349583.995,74845.628
1645833600,2022-02-26 00:00:00,39219.16,40348.45,38573.18,39116.72,1152621719.69438,BTCUSD,-762.330086,-482.694681,-279.635405,45.62,251892.201,126646.153,1400.1050000000105,-1348183.89,65512.943
1645920000,2022-02-27 00:00:00,39116.73,39855.7,37000.0,37699.07,1780512702.886402,BTCUSD,-841.645119,-554.484769,-287.16035,40.96,423197.247,208674.497,-5848.252999999968,-1354032.143,45253.668
1646006400,2022-02-28 00:00:00,37699.08,44225.84,37450.17,43160.0,2975160226.168985,BTCUSD,-458.565385,-535.300892,76.735507,58.54,615391.161,325067.945,34744.72900000005,-1319287.414,71151.04
1646092800,2022-03-01 00:00:00,43160.0,44949.0,42809.98,44421.2,2701611023.69432,BTCUSD,-52.597328,-438.760179,386.162852,61.4,448483.646,224953.573,1423.5,-1317863.914,72310.726
1646179200,2022-03-02 00:00:00,44421.2,45400.0,43334.09,43892.98,2550792948.288624,BTCUSD,223.931006,-306.221942,530.152948,59.54,407603.721,201900.492,-3802.737000000023,-1321666.651,66045.782
1646265600,2022-03-03 00:00:00,43892.99,44101.12,41832.28,42454.0,2192152097.925188,BTCUSD,323.241912,-180.329171,503.571083,54.7,365565.832,178271.807,-9022.217999999992,-1330688.869,59700.937
1646352000,2022-03-04 00:00:00,42454.0,42527.3,38550.0,39148.66,2527001270.7194686,BTCUSD,133.692087,-117.52492,251.217006,45.54,469138.374,224732.415,-19673.543999999994,-1350362.413,39176.636
1646438400,2022-03-05 00:00:00,39148.65,39613.24,38407.59,39397.96,1187689935.0879936,BTCUSD,3.548012,-93.310333,96.858345,46.28,198747.893,99499.609,251.3249999999825,-1350111.088,38426.161
1646524800,2022-03-06 00:00:00,39397.97,39693.87,38088.57,38420.81,1542258009.6292188,BTCUSD,-176.40644,-109.929555,-66.476885,43.79,311705.26,155049.377,-1606.505999999994,-1351717.594,30604.724
1646611200,2022-03-07 00:00:00,38420.8,39547.57,37155.0,37988.0,2449362161.7015386,BTCUSD,-349.91222,-157.926088,-191.986132,42.7,490254.516,245476.829,699.1419999999925,-1351018.452,24117.745
1646697600,2022-03-08 00:00:00,37988.01,39362.08,37867.65,38730.63,2149652714.804345,BTCUSD,-422.621053,-210.865081,-211.755972,45.23,421462.367,211159.834,857.3009999999776,-1350161.151,34638.205
1646784000,2022-03-09 00:00:00,38730.63,42594.06,38656.45,41941.71,2797240840.960747,BTCUSD,-218.615938,-212.415252,-6.200686,54.55,462059.811,239808.874,17557.937000000034,-1332603.214,74455.316
1646870400,2022-03-10 00:00:00,41941.7,42039.63,38539.73,39422.0,2854310740.807673,BTCUSD,-257.294029,-221.391008,-35.903021,47.69,520645.186,253340.705,-13963.776000000013,-1346566.99,58194.59
1646956800,2022-03-11 00:00:00,39422.01,40236.26,38223.6,38729.57,2305825015.6010857,BTCUSD,-339.901832,-245.093173,-94.808659,45.98,467078.892,232506.827,-2065.238000000012,-1348632.228,53298.433
1647043200,2022-03-12 00:00:00,38729.57,39486.71,38660.52,38807.36,939663387.3149892,BTCUSD,-394.54405,-274.983348,-119.560702,46.21,172494.825,84494.947,-3504.9310000000114,-1352137.159,55249.81
1647129600,2022-03-13 00:00:00,38807.35,39310.0,37578.51,37777.34,1268441605.1866877,BTCUSD,-515.025513,-322.991781,-192.033732,43.53,236623.694,113382.543,-9858.607999999978,-1361995.767,44762.947
1647216000,2022-03-14 00:00:00,37777.35,39947.12,37555.0,39671.37,1821922588.4472065,BTCUSD,-452.459874,-348.8854,-103.574474,49.35,360058.358,186200.399,12342.440000000002,-1349653.327,43616.964
1647302400,2022-03-15 00:00:00,39671.37,39887.61,38098.33,39280.33,1796571984.458497,BTCUSD,-429.479046,-365.004129,-64.474917,48.25,345019.243,173958.812,2898.380999999994,-1346754.946,48207.248
1647388800,2022-03-16 00:00:00,39280.33,41718.0,38828.48,41114.0,3552563766.3655386,BTCUSD,-260.304107,-344.064125,83.760018,53.51,650589.661,330044.562,9499.462999999989,-1337255.483,25168.75
1647475200,2022-03-17 00:00:00,41114.01,41478.82,40500.0,40917.9,1521083189.7108624,BTCUSD,-140.436515,-303.338603,162.902088,52.89,243988.794,119438.818,-5111.157999999996,-1342366.641,7217.354
1647561600,2022-03-18 00:00:00,40917.89,42325.02,40135.04,41757.51,1862337033.4847207,BTCUSD,22.054693,-238.259944,260.314636,55.27,299134.443,152862.915,6591.386999999988,-1335775.254,12408.636
1647648000,2022-03-19 00:00:00,41757.51,42400.0,41499.29,42201.13,1216709156.4428053,BTCUSD,184.499773,-153.708,338.207773,56.53,186459.954,92717.011,-1025.9320000000007,-1336801.186,17230.957
1647734400,2022-03-20 00:00:00,42201.13,42296.26,40911.0,41262.11,1273880705.2502496,BTCUSD,234.76142,-76.014116,310.775536,53.13,235774.129,115063.658,-5646.812999999995,-1342447.999,-23160.585
1647820800,2022-03-21 00:00:00,41262.11,41544.22,40467.94,41002.25,1618789548.0684211,BTCUSD,250.735287,-10.664235,261.399522,52.2,308396.46,153571.609,-1253.2420000000277,-1343701.241,-25837.327
1647907200,2022-03-22 00:00:00,41002.26,43361.0,40875.51,42364.13,2525975507.8012,BTCUSD,369.033043,65.27522,303.757822,56.51,374297.674,190906.344,7515.014000000025,-1336186.227,-14519.576
1647993600,2022-03-23 00:00:00,42364.13,43025.96,41751.47,42882.76,1725787170.5823965,BTCUSD,498.883158,151.996808,346.886351,58.07,282631.74,140287.08,-2057.5800000000163,-1338243.807,-7554.938
1648080000,2022-03-24 00:00:00,42882.76,44220.89,42560.46,43991.46,2436258223.622338,BTCUSD,683.375606,258.272567,425.103039,61.25,331440.057,169016.924,6593.7910000000265,-1331650.016,18712.397
1648166400,2022-03-25 00:00:00,43991.46,45094.14,43579.0,44313.16,2421153187.6604123,BTCUSD,845.795893,375.777233,470.018661,62.15,348620.122,179058.651,9497.180000000051,-1322152.836,27958.252
1648252800,2022-03-26 00:00:00,44313.16,44792.99,44071.97,44511.27,1022802857.60941,BTCUSD,979.213202,496.464426,482.748775,62.72,140712.587,70101.602,-509.3830000000016,-1322662.219,29055.375
1648339200,2022-03-27 00:00:00,44511.27,46999.0,44421.46,46827.76,1907019662.3441496,BTCUSD,1257.374532,648.646448,608.728085,68.69,269280.228,142291.838,15303.447999999977,-1307358.771,43659.681
1648425600,2022-03-28 00:00:00,46827.76,48189.84,46663.56,47122.21,2789898402.616576,BTCUSD,1484.467033,815.810565,668.656469,69.36,317565.782,158315.138,-935.505999999994,-1308294.277,41866.874
1648512000,2022-03-29 00:00:00,47122.21,48096.47,46950.85,47434.8,1748600385.4502351,BTCUSD,1670.40746,986.729944,683.677516,70.09,259040.835,128874.336,-1292.1630000000005,-1309586.44,23016.774
1648598400,2022-03-30 00:00:00,47434.79,47700.22,46445.42,47067.99,1932152559.8831124,BTCUSD,1767.790102,1142.941975,624.848126,68.04,235009.892,114751.08,-5507.731999999989,-1315094.172,31472.818
1648684800,2022-03-31 00:00:00,47067.99,47600.0,45200.0,45510.34,2262485160.568584,BTCUSD,1699.684307,1254.290442,445.393866,59.98,299837.61,144645.28,-10547.049999999988,-1325641.222,22991.006
1648771200,2022-04-01 00:00:00,45510.35,46720.09,44200.0,46283.49,2556532890.870311,BTCUSD,1688.631228,1341.158599,347.472629,62.36,360734.553,176970.211,-6794.130999999994,-1332435.353,19701.806
1648857600,2022-04-02 00:00:00,46283.49,47213.0,45620.0,45811.0,1721690754.4393935,BTCUSD,1623.036238,1397.534127,225.502111,60.01,226413.357,110594.856,-5223.6449999999895,-1337658.998,24336.769
1648944000,2022-04-03 00:00:00,45810.99,47444.11,45530.92,46407.35,1550999693.0508049,BTCUSD,1600.720092,1438.17132,162.548772,61.96,212589.013,105889.709,-809.5950000000012,-1338468.593,11184.734
1649030400,2022-04-04 00:00:00,46407.36,46890.71,45118.0,46580.51,2053434523.8685389,BTCUSD,1578.807441,1466.298544,112.508897,62.53,272796.541,134448.286,-3899.969000000041,-1342368.562,4386.384
1649116800,2022-04-05 00:00:00,46580.5,47200.0,45353.81,45497.55,1951668192.9295096,BTCUSD,1457.25733,1464.490301,-7.232971,56.79,257524.639,124189.733,-9145.17300000001,-1351513.735,-14258.252
1649203200,2022-04-06 00:00:00,45497.54,45507.14,43121.0,43170.47,2700644700.890392,BTCUSD,1159.78283,1403.548807,-243.765977,46.84,384359.375,185087.192,-14184.99099999998,-1365698.726,-23332.085
1649289600,2022-04-07 00:00:00,43170.47,43900.99,42727.35,43444.19,1623879486.6600313,BTCUSD,935.337077,1309.906461,-374.569384,48.0,229567.98,114175.005,-1217.9700000000012,-1366916.696,-31141.442
1649376000,2022-04-08 00:00:00,43444.2,43970.62,42107.14,42252.01,1830699971.611312,BTCUSD,653.727476,1178.670664,-524.943188,43.56,310095.829,151870.348,-6355.133000000031,-1373271.829,-36470.643
1649462400,2022-04-09 00:00:00,42252.02,42800.0,42125.48,42753.97,759274586.6137776,BTCUSD,465.68568,1036.073667,-570.387987,45.83,119722.654,60625.388,1528.122000000003,-1371743.707,-29295.708
1649548800,2022-04-10 00:00:00,42753.96,43410.3,41868.0,42158.85,971459737.5009404,BTCUSD,265.578567,881.974647,-616.39608,43.59,181904.47,90479.719,-945.0320000000064,-1372688.739,-28987.498
1649635200,2022-04-11 00:00:00,42158.85,42414.71,39200.0,39530.45,2602039073.015044,BTCUSD,-103.899981,684.799722,-788.699702,35.37,439530.02,210958.799,-17612.42200000002,-1390301.161,-54114.934
1649721600,2022-04-12 00:00:00,39530.45,40699.0,39254.63,40074.94,2309514071.593873,BTCUSD,-348.75833,478.088111,-826.846441,37.98,349883.631,176382.292,2880.9529999999795,-1387420.208,-49176.401
1649808000,2022-04-13 00:00:00,40074.95,41561.31,39588.54,41147.79,1677171454.0910792,BTCUSD,-451.040988,292.262291,-743.303279,42.87,324910.931,164889.315,4867.699000000022,-1382552.509,-50902.493
1649894400,2022-04-14 00:00:00,41147.78,41500.0,39551.94,39942.38,1494726286.01801,BTCUSD,-622.194968,109.37084,-731.565807,39.14,261966.391,126691.353,-8583.684999999998,-1391136.194,-68983.358
1649980800,2022-04-15 00:00:00,39942.37,40870.36,39766.4,40551.9,966888436.8162508,BTCUSD,-700.576747,-52.618678,-647.958069,41.9,194680.671,100228.258,5775.845000000001,-1385360.349,-62698.13
1650067200,2022-04-16 00:00:00,40551.9,40709.35,39991.55,40378.71,638275503.9141085,BTCUSD,-767.818919,-195.658726,-572.160193,41.32,127705.057,62852.122,-2000.8129999999944,-1387361.162,-80002.391
1650153600,2022-04-17 00:00:00,40378.7,40595.67,39546.17,39678.12,803414248.9836986,BTCUSD,-867.63898,-330.054777,-537.584204,39.0,170331.824,83177.705,-3976.4139999999898,-1391337.576,-83043.299
1650240000,2022-04-18 00:00:00,39678.11,41116.73,38536.51,40801.13,2153574975.9131336,BTCUSD,-846.373114,-433.318444,-413.05467,44.4,362435.319,183521.703,4608.087,-1386729.489,-77143.049
1650326400,2022-04-19 00:00:00,40801.13,41760.0,40571.0,41493.18,1472363265.362188,BTCUSD,-764.860278,-499.626811,-265.233467,47.48,214404.271,109958.378,5512.484999999986,-1381217.004,-66122.832
1650412800,2022-04-20 00:00:00,41493.19,42199.0,40820.0,41358.19,1697039284.0853007,BTCUSD,-703.049021,-540.311253,-162.737768,46.93,257382.427,128505.899,-370.6289999999863,-1381587.633,-55946.411
1650499200,2022-04-21 00:00:00,41358.19,42976.0,39751.0,40480.01,2476061417.8872576,BTCUSD,-716.663688,-575.58174,-141.081948,43.43,393149.956,195482.007,-2185.941999999981,-1383773.575,-51338.222
1650585600,2022-04-22 00:00:00,40480.01,40795.06,39177.0,39709.18,1870172362.40225,BTCUSD,-780.654055,-616.596203,-164.057852,40.57,314935.753,153243.946,-8447.861000000034,-1392221.436,-54562.438
1650672000,2022-04-23 00:00:00,39709.19,39980.0,39285.0,39441.6,804677022.9078971,BTCUSD,-843.238029,-661.924568,-181.313461,39.59,125046.817,60384.746,-4277.324999999997,-1396498.761,-58030.168
1650758400,2022-04-24 00:00:00,39441.61,39940.0,38929.62,39450.13,1056336243.0198607,BTCUSD,-881.98105,-705.935865,-176.045186,39.64,180371.762,89041.707,-2288.347999999998,-1398787.109,-56418.547
1650844800,2022-04-25 00:00:00,39450.12,40616.0,38200.0,40426.08,2470071005.2401423,BTCUSD,-824.430642,-729.63482,-94.795822,45.21,448877.893,225551.744,2225.5950000000303,-1396561.514,-45047.779
1650931200,2022-04-26 00:00:00,40426.08,40797.31,37702.26,38112.65,2615206861.8349133,BTCUSD,-954.493193,-774.606495,-179.886698,36.59,453132.198,219430.714,-14270.76999999996,-1410832.284,-45133.558
1651017600,2022-04-27 00:00:00,38112.64,39474.72,37881.31,39235.72,2218523642.426388,BTCUSD,-955.927006,-810.870597,-145.056409,42.34,385645.365,194782.655,3919.945000000007,-1406912.339,-39995.643
1651104000,2022-04-28 00:00:00,39235.72,40372.63,38881.43,39742.07,2223808385.806376,BTCUSD,-905.764017,-829.849281,-75.914736,44.77,413543.408,212487.794,11432.179999999991,-1395480.159,-22208.33
1651190400,2022-04-29 00:00:00,39742.06,39925.25,38175.0,38596.11,2006135662.8559992,BTCUSD,-947.556045,-853.390634,-94.165411,40.6,308116.375,149995.703,-8124.968999999983,-1403605.128,-31861.421
1651276800,2022-04-30 00:00:00,38596.11,38795.38,37578.2,37630.8,1354900532.1335113,BTCUSD,-1046.505514,-892.01361,-154.491904,37.43,181810.382,87311.284,-7187.814000000013,-1410792.942,-38104.203
1651363200,2022-05-01 00:00:00,37630.8,38675.0,37386.38,38468.35,1478259271.913873,BTCUSD,-1045.290932,-922.669074,-122.621858,41.68,236549.462,119490.583,2431.703999999998,-1408361.238,-18060.077
1651449600,2022-05-02 00:00:00,38468.35,39167.34,38052.0,38525.16,2058450718.2963235,BTCUSD,-1027.895338,-943.714327,-84.181011,41.97,336845.365,171326.168,5806.97100000002,-1402554.267,-15134.059
1651536000,2022-05-03 00:00:00,38525.16,38651.51,37517.8,37728.95,1539320434.2647235,BTCUSD,-1066.067731,-968.185008,-97.882723,39.06,248986.222,120399.802,-8186.618000000017,-1410740.885,-28188.376
1651622400,2022-05-04 00:00:00,37728.95,40023.77,37670.0,39690.0,2438553987.453544,BTCUSD,-927.38892,-960.02579,32.63687,48.52,424498.818,218910.753,13322.687999999966,-1397418.197,-6282.003
1651708800,2022-05-05 00:00:00,39690.0,39845.51,35571.9,36552.97,3329684235.963952,BTCUSD,-1058.416303,-979.703893,-78.71241,38.28,547209.0,257378.598,-32451.804000000004,-1429870.001,-44509.652
1651795200,2022-05-06 00:00:00,36552.97,36675.63,35258.0,36013.77,2466507512.182029,BTCUSD,-1192.024465,-1022.168007,-169.856458,36.84,431979.24,212472.085,-7035.070000000007,-1436905.071,-49543.909
1651881600,2022-05-07 00:00:00,36013.77,36146.3,34785.0,35472.39,1222539413.6400983,BTCUSD,-1326.305909,-1082.995588,-243.310321,35.4,200264.833,96358.495,-7547.843000000023,-1444452.914,-53115.338
1651968000,2022-05-08 00:00:00,35472.4,35514.22,33713.95,34038.4,2498365159.9945807,BTCUSD,-1530.789936,-1172.554457,-358.235479,31.85,426872.584,209322.877,-8226.829999999958,-1452679.744,-65950.255
1652054400,2022-05-09 00:00:00,34038.39,34243.15,30033.33,30076.31,6166367111.275724,BTCUSD,-1989.617479,-1335.967062,-653.650417,24.54,1078779.712,529648.506,-19482.69999999996,-1472162.444,-90945.44
1652140800,2022-05-10 00:00:00,30074.23,32658.99,29730.4,31017.1,5179856929.47993,BTCUSD,-2251.375269,-1519.048703,-732.326566,28.72,863178.961,441097.464,19015.966999999942,-1453146.477,-71558.844
1652227200,2022-05-11 00:00:00,31017.11,32162.59,27785.0,29103.94,6300295994.553139,BTCUSD,-2583.416213,-1731.922205,-851.494008,25.61,1101875.972,549801.472,-2273.028000000166,-1455419.505,-71645.93
1652313600,2022-05-12 00:00:00,29103.94,30243.0,26700.0,29029.75,5795451310.945578,BTCUSD,-2820.039902,-1949.545745,-870.494157,25.5,964475.589,486953.99,9432.390999999943,-1445987.114,-53765.678
1652400000,2022-05-13 00:00:00,29029.74,31083.37,28751.67,29287.05,2956855804.856112,BTCUSD,-2952.766269,-2150.189849,-802.576419,26.73,507620.105,257439.299,7258.493000000017,-1438728.621,-42229.86
1652486400,2022-05-14 00:00:00,29287.05,30343.27,28630.0,30086.74,1501483453.5008905,BTCUSD,-2959.311471,-2312.014174,-647.297297,30.57,315756.895,160185.624,4614.353000000003,-1434114.268,-35327.159
1652572800,2022-05-15 00:00:00,30086.74,31460.0,29480.0,31328.89,1401499926.2304175,BTCUSD,-2831.626241,-2415.936587,-415.689654,36.18,336773.139,174011.077,11249.014999999956,-1422865.253,-26303.739
1652659200,2022-05-16 00:00:00,31328.89,31328.9,29087.04,29874.01,2185567735.6820626,BTCUSD,-2815.377515,-2495.824773,-319.552742,32.83,507243.166,248355.687,-10531.792000000016,-1433397.045,-22564.761
1652745600,2022-05-17 00:00:00,29874.01,30788.37,29450.38,30444.93,1715109131.0802064,BTCUSD,-2725.019481,-2541.663715,-183.355767,35.36,398624.519,200330.709,2036.899000000034,-1431360.146,-24447.807
1652832000,2022-05-18 00:00:00,30444.93,30709.99,28654.47,28715.32,1762843836.126938,BTCUSD,-2761.146384,-2585.560248,-175.586136,31.5,426700.457,209079.876,-8540.705000000016,-1439900.851,-44420.692
1652918400,2022-05-19 00:00:00,28715.33,30545.18,28691.38,30319.23,2014360135.785272,BTCUSD,-2630.037645,-2594.455728,-35.581917,38.23,448856.724,233083.144,17309.564000000013,-1422591.287,-18986.159
1653004800,2022-05-20 00:00:00,30319.22,30777.33,28730.0,29201.01,1800589029.270878,BTCUSD,-2586.547919,-2592.874166,6.326247,35.6,485439.171,237120.291,-11198.588999999978,-1433789.876,-22996.934
1653091200,2022-05-21 00:00:00,29201.01,29656.18,28947.28,29445.06,616194663.9792111,BTCUSD,-2503.530067,-2575.005346,71.475279,36.63,202804.089,102525.196,2246.3029999999853,-1431543.573,-23182.335
1653177600,2022-05-22 00:00:00,29445.07,30487.99,29255.11,30293.94,1082530816.01625,BTCUSD,-2342.240409,-2528.452359,186.211949,40.19,297116.44,151877.775,6639.109999999986,-1424904.463,-22350.196
1653264000,2022-05-23 00:00:00,30293.93,30670.51,28866.35,29109.15,1914305818.074519,BTCUSD,-2283.694833,-2479.500854,195.806021,37.06,475720.75,231479.991,-12760.767999999982,-1437665.231,-26924.346
1653350400,2022-05-24 00:00:00,29109.14,29845.86,28669.0,29654.58,1740257602.3067698,BTCUSD,-2168.290693,-2417.258822,248.968128,39.4,382124.449,191207.298,290.1469999999972,-1437375.084,-39956.887
1653436800,2022-05-25 00:00:00,29654.58,30223.74,29294.21,29542.15,1771708175.0718913,BTCUSD,-2062.133254,-2346.233708,284.100454,39.08,413459.484,206173.418,-1112.6479999999865,-1438487.732,-8617.731
1653523200,2022-05-26 00:00:00,29542.14,29886.64,28019.56,29201.35,2759055410.397752,BTCUSD,-1982.647702,-2273.516507,290.868805,38.06,602137.086,297696.37,-6744.34600000002,-1445232.078,-8327.007
1653609600,2022-05-27 00:00:00,29201.35,29397.66,28282.9,28629.8,2626515958.503489,BTCUSD,-1943.372154,-2207.487636,264.115483,36.35,506638.884,251293.452,-4051.98000000004,-1449284.058,-4831.144
1653696000,2022-05-28 00:00:00,28629.81,29266.0,28450.0,29031.33,994674257.5679232,BTCUSD,-1858.423138,-2137.674737,279.251599,38.44,193644.283,99244.558,4844.833000000013,-1444439.225,8240.519
1653782400,2022-05-29 00:00:00,29031.33,29587.78,28839.21,29468.1,804777532.6497605,BTCUSD,-1735.846979,-2057.309185,321.462206,40.72,215139.934,110733.028,6326.122000000003,-1438113.103,34049.341
1653868800,2022-05-30 00:00:00,29468.1,32222.0,29299.62,31734.22,2980527582.4674954,BTCUSD,-1439.256689,-1933.698686,494.441997,50.9,502712.176,264493.669,26275.16200000001,-1411837.941,41308.536
1653955200,2022-05-31 00:00:00,31734.23,32399.0,31200.01,31801.04,1981259117.0115464,BTCUSD,-1185.153223,-1783.989593,598.83637,51.16,383688.265,192655.591,1622.9169999999576,-1410215.024,45204.481
1654041600,2022-06-01 00:00:00,31801.05,31982.97,29301.0,29805.83,3171191028.249736,BTCUSD,-1131.725343,-1653.536743,521.8114,43.57,556992.756,266892.166,-23208.424,-1433423.448,12563.666
1654128000,2022-06-02 00:00:00,29805.84,30689.0,29594.55,30452.62,1711652906.191896,BTCUSD,-1025.372955,-1527.903986,502.531031,46.35,370924.687,190106.534,9288.381000000052,-1424135.067,14593.554
1654214400,2022-06-03 00:00:00,30452.63,30699.0,29282.36,29700.21,1615616950.7143807,BTCUSD,-990.384582,-1420.400105,430.015523,43.65,357110.377,175177.137,-6756.103000000003,-1430891.17,3223.098
1654300800,2022-06-04 00:00:00,29700.21,29988.88,29485.0,29864.04,760874329.4663155,BTCUSD,-938.616546,-1324.043393,385.426847,44.41,187520.534,95847.165,4173.795999999973,-1426717.374,-3852.121
1654387200,2022-06-05 00:00:00,29864.03,30189.0,29531.42,29919.21,691201528.1600257,BTCUSD,-882.960033,-1235.826721,352.866688,44.68,205385.831,104178.6,2971.369000000006,-1423746.005,9651.04
1654473600,2022-06-06 00:00:00,29919.2,31765.64,29890.23,31373.1,2149499896.934937,BTCUSD,-713.312451,-1131.323867,418.011416,51.38,436522.874,228713.513,20904.152,-1402841.853,28518.293
1654560000,2022-06-07 00:00:00,31373.1,31589.6,29218.96,31125.33,3347397952.7305903,BTCUSD,-592.03389,-1023.465872,431.431982,50.26,691714.985,344850.185,-2014.6149999999907,-1404856.468,35044.383
1654646400,2022-06-08 00:00:00,31125.32,31327.22,29843.88,30204.77,2087270428.3470392,BTCUSD,-563.703235,-931.513344,367.810109,46.24,455686.637,227938.703,190.7690000000293,-1404665.699,17925.588
1654732800,2022-06-09 00:00:00,30204.77,30700.0,29944.1,30109.93,1399839073.774508,BTCUSD,-542.648469,-853.740369,311.0919,45.83,307312.175,152020.496,-3271.182999999961,-1407936.882,25852.994
1654819200,2022-06-10 00:00:00,30109.93,30382.8,28850.0,29091.88,2255866294.494887,BTCUSD,-601.180507,-803.228397,202.04789,41.6,445928.659,217605.374,-10717.910999999964,-1418654.793,12888.78
1654905600,2022-06-11 00:00:00,29091.87,29440.41,28099.99,28424.7,1892007188.0756,BTCUSD,-693.410218,-781.264761,87.854543,39.06,391367.814,190254.013,-10859.788,-1429514.581,-4610.118
1654992000,2022-06-12 00:00:00,28424.71,28544.96,26560.0,26574.53,2551767136.3295846,BTCUSD,-905.359761,-806.083761,-99.276,33.03,560834.131,275522.077,-9789.977000000072,-1439304.558,-1639.327
1655078400,2022-06-13 00:00:00,26574.53,26895.84,21925.77,22487.41,6192246037.404873,BTCUSD,-1387.137667,-922.294542,-464.843125,24.15,1622521.56,808922.576,-4676.408000000054,-1443980.966,-6605.882
1655164800,2022-06-14 00:00:00,22485.27,23362.88,20846.0,22136.41,4136108699.025428,BTCUSD,-1776.791154,-1093.193865,-683.597289,23.57,1247609.796,636517.595,25425.39399999985,-1418555.572,19932.16
1655251200,2022-06-15 00:00:00,22136.42,22800.0,20111.62,22583.72,4249276481.2566967,BTCUSD,-2026.144043,-1279.7839,-746.360143,26.03,1509301.169,766093.474,22885.779000000097,-1395669.793,49562.285
1655337600,2022-06-16 00:00:00,22583.72,22995.73,20232.0,20401.31,2130037160.0626109,BTCUSD,-2372.511417,-1498.329404,-874.182014,22.26,882634.22,438845.74,-4942.739999999991,-1400612.533,48671.525
1655424000,2022-06-17 00:00:00,20400.6,21365.43,20246.66,20468.81,1796575392.5507207,BTCUSD,-2611.460085,-1720.95554,-890.504545,22.63,776153.257,390751.817,5350.376999999979,-1395262.156,49177.069
1655510400,2022-06-18 00:00:00,20468.81,20792.06,17622.0,18970.79,3726639821.6961513,BTCUSD,-2888.410521,-1954.446536,-933.963985,20.31,1268591.388,627736.52,-13118.347999999998,-1408380.504,29732.599
1655596800,2022-06-19 00:00:00,18970.79,20815.95,17960.41,20574.0,2487561781.535987,BTCUSD,-2944.586726,-2152.474574,-792.112152,28.75,1089275.674,567256.465,45237.25599999982,-1363143.248,48694.693
1655683200,2022-06-20 00:00:00,20574.0,21090.0,19637.03,20573.89,2220396381.7426524,BTCUSD,-2955.051653,-2312.98999,-642.061663,28.75,935816.13,477009.714,18203.29799999995,-1344939.95,65275.074
1655769600,2022-06-21 00:00:00,20573.9,21723.0,20348.4,20723.52,2198596137.343284,BTCUSD,-2917.638572,-2433.919706,-483.718865,29.56,787173.936,401063.387,14952.837999999989,-1329987.112,103436.336
1655856000,2022-06-22 00:00:00,20723.51,20900.0,19770.51,19987.99,1872204589.2375813,BTCUSD,-2913.751644,-2529.886094,-383.86555,27.89,812184.193,405419.654,-1344.8850000000093,-1331331.997,92803.07
1655942400,2022-06-23 00:00:00,19988.0,21233.0,19890.07,21110.13,1710694866.4572449,BTCUSD,-2787.985741,-2581.506023,-206.479718,34.03,698753.04,363287.369,27821.69799999997,-1303510.299,127380.871
1656028800,2022-06-24 00:00:00,21110.12,21558.41,20736.72,21237.69,1635129191.170251,BTCUSD,-2647.503559,-2594.70553,-52.798028,34.71,645450.778,325953.212,6455.64599999995,-1297054.653,129662.721
1656115200,2022-06-25 00:00:00,21237.68,21614.5,20906.62,21491.19,1093873137.974752,BTCUSD,-2487.045967,-2573.173618,86.12765,36.12,434117.447,221738.793,9360.139000000025,-1287694.514,136051.491
1656201600,2022-06-26 00:00:00,21491.18,21888.0,20964.73,21038.07,1139258367.1629148,BTCUSD,-2369.135251,-2532.365944,163.230693,34.68,442787.736,219846.381,-3094.9739999999874,-1290789.488,112052.365
1656288000,2022-06-27 00:00:00,21038.08,21539.85,20510.0,20742.56,1354369225.8404648,BTCUSD,-2273.329815,-2480.558719,207.228903,33.73,539335.009,268184.568,-2965.872999999905,-1293755.361,111101.107
1656374400,2022-06-28 00:00:00,20742.57,21212.1,20202.01,20281.29,1321862977.9315486,BTCUSD,-2209.158151,-2426.278605,217.120454,32.25,582916.108,289152.792,-4610.523999999976,-1298365.885,106299.814
1656460800,2022-06-29 00:00:00,20281.28,20432.31,19854.92,20123.01,1556549790.008924,BTCUSD,-2146.331939,-2370.289272,223.957332,31.74,608905.99,303678.065,-1549.859999999986,-1299915.745,108021.137
1656547200,2022-06-30 00:00:00,20123.0,20179.08,18626.0,19942.21,1808994369.031444,BTCUSD,-2087.072293,-2313.645876,226.573583,31.13,859981.415,428761.393,-2458.6290000000736,-1302374.374,116280.419
1656633600,2022-07-01 00:00:00,19942.21,20918.35,18975.0,19279.8,2197016369.9695287,BTCUSD,-2069.701319,-2264.856965,195.155646,28.93,915399.363,457870.747,342.13099999993574,-1302032.243,127482.338
1656720000,2022-07-02 00:00:00,19279.8,19467.39,18977.01,19252.81,888415536.8730664,BTCUSD,-2034.65829,-2218.81723,184.15894,28.84,382851.525,193273.081,3694.636999999988,-1298337.606,140966.952
1656806400,2022-07-03 00:00:00,19252.82,19647.63,18781.0,19315.83,980255891.3952552,BTCUSD,-1978.988699,-2170.851524,191.862824,29.39,449508.331,228761.251,8014.170999999973,-1290323.435,153657.531
1656892800,2022-07-04 00:00:00,19315.83,20354.01,19055.31,20236.71,1470987695.521582,BTCUSD,-1839.359833,-2104.553185,265.193352,37.02,633310.187,329571.738,25833.28899999999,-1264490.146,154065.426
1656979200,2022-07-05 00:00:00,20236.71,20750.0,19304.4,20175.83,1919950110.1674304,BTCUSD,-1713.859156,-2026.41438,312.555223,36.74,854238.867,433546.901,12854.935000000056,-1251635.211,144034.582
1657065600,2022-07-06 00:00:00,20175.84,20675.22,19761.25,20564.51,1665481948.009632,BTCUSD,-1564.995445,-1934.130593,369.135148,39.89,682076.458,350174.613,18272.76800000004,-1233362.443,167250.09
1657152000,2022-07-07 00:00:00,20564.51,21838.1,20251.68,21624.98,1783224085.72368,BTCUSD,-1345.933728,-1816.49122,470.557492,47.57,699841.616,365938.179,32034.74199999997,-1201327.701,193934.455
1657238400,2022-07-08 00:00:00,21624.99,22527.37,21189.26,21594.75,8781330156.61243,BTCUSD,-1161.377412,-1685.468458,524.091046,47.39,848144.495,430769.022,13393.549,-1187934.152,220446.352
1657324800,2022-07-09 00:00:00,21594.75,21980.0,21322.12,21591.83,3857190523.494272,BTCUSD,-1003.779872,-1549.130741,545.350869,47.37,393372.366,197426.333,1480.3000000000466,-1186453.852,176689.396
1657411200,2022-07-10 00:00:00,21592.15,21607.65,20655.0,20862.47,4062794310.2720337,BTCUSD,-927.049493,-1424.714491,497.664998,42.7,468176.539,225863.473,-16449.592999999993,-1202903.445,142036.505
1657497600,2022-07-11 00:00:00,20861.11,20868.48,19875.23,19963.61,2813718031.1093426,BTCUSD,-928.072364,-1325.386066,397.313702,37.76,561245.987,277127.043,-6991.900999999954,-1209895.346,120091.766
1657584000,2022-07-12 00:00:00,19963.61,20059.42,19240.0,19328.75,2754215439.3324776,BTCUSD,-968.941539,-1254.097161,285.155622,34.71,640560.723,318941.145,-2678.432999999961,-1212573.779,118758.218
1657670400,2022-07-13 00:00:00,19331.28,20366.61,18910.94,20234.87,4096306063.801935,BTCUSD,-917.636401,-1186.805009,269.168607,41.93,975938.165,502395.361,28852.55699999992,-1183721.222,119789.077
1657756800,2022-07-14 00:00:00,20234.87,20900.0,19616.07,20588.84,3526210098.285044,BTCUSD,-838.74575,-1117.193157,278.447407,44.51,765989.53,394919.459,23849.38799999992,-1159871.834,137182.819
1657843200,2022-07-15 00:00:00,20588.84,21200.0,20382.29,20830.04,2984339734.3532705,BTCUSD,-748.137454,-1043.382016,295.244562,46.26,626763.692,321760.576,16757.459999999963,-1143114.374,144580.14
1657929600,2022-07-16 00:00:00,20830.04,21588.94,20478.61,21195.6,2539616922.7986083,BTCUSD,-639.460784,-962.59777,323.136986,48.89,539206.87,274309.123,9411.376000000047,-1133702.998,157086.49
1658016000,2022-07-17 00:00:00,21195.6,21684.54,20750.01,20798.16,2511251392.5765257,BTCUSD,-578.732558,-885.824728,307.09217,46.24,485537.728,241994.482,-1548.764000000025,-1135251.762,158503.599
1658102400,2022-07-18 00:00:00,20799.58,22777.63,20762.45,22432.58,5263396811.539256,BTCUSD,-394.177138,-787.49521,393.318072,56.66,982867.734,502237.731,21607.728000000003,-1113644.034,184721.851
1658188800,2022-07-19 00:00:00,22432.58,23800.0,21579.54,23396.62,5954419902.221928,BTCUSD,-168.186912,-663.63355,495.446638,61.41,1124029.082,573618.441,23207.800000000047,-1090436.234,209479.511
1658275200,2022-07-20 00:00:00,23398.48,24276.74,22906.19,23223.3,5631801151.220376,BTCUSD,-3.03848,-531.514536,528.476056,60.13,946647.815,478526.288,10404.761000000057,-1080031.473,222342.901
1658361600,2022-07-21 00:00:00,23223.3,23442.77,22341.46,23152.19,4232411759.395025,BTCUSD,120.713351,-401.068959,521.78231,59.59,723543.466,361069.429,-1404.6080000000077,-1081436.081,220596.162
1658448000,2022-07-22 00:00:00,23152.19,23756.49,22500.0,22684.83,3981394766.2280574,BTCUSD,179.011984,-285.05277,464.064754,55.98,633907.934,314534.426,-4839.082000000053,-1086275.163,212062.443
1658534400,2022-07-23 00:00:00,22684.83,23000.77,21934.57,22451.07,2745262660.6777816,BTCUSD,204.000007,-187.242215,391.242222,54.21,505887.673,251796.476,-2294.72100000002,-1088569.884,201753.551
1658620800,2022-07-24 00:00:00,22448.58,23014.64,22257.15,22579.68,2610817967.163939,BTCUSD,231.512219,-103.491328,335.003547,55.05,462958.953,235244.65,7530.347000000009,-1081039.537,183450.609
1658707200,2022-07-25 00:00:00,22577.13,22666.0,21250.0,21310.9,3954002948.5472574,BTCUSD,149.215835,-52.949895,202.165731,46.07,695770.655,339528.753,-16713.148999999976,-1097752.686,153882.525
1658793600,2022-07-26 00:00:00,21310.9,21347.82,20706.5,21254.67,3738774849.3577113,BTCUSD,78.552562,-26.649404,105.201966,45.71,552498.903,278338.701,4178.4989999999525,-1093574.187,139788.256
1658880000,2022-07-27 00:00:00,21254.67,23112.63,21042.53,22952.45,4614909656.6957855,BTCUSD,157.729855,10.226448,147.503407,56.62,753370.303,392984.212,32598.121000000043,-1060976.066,140351.635
1658966400,2022-07-28 00:00:00,22954.31,24199.72,22582.13,23842.93,5511388547.615389,BTCUSD,289.001296,65.981417,223.019879,61.04,756741.836,389997.993,23254.150000000023,-1037721.916,150212.236
1659052800,2022-07-29 00:00:00,23845.25,24442.66,23414.03,23773.75,4733780641.305037,BTCUSD,383.037197,129.392573,253.644624,60.52,642337.051,321717.107,1097.163000000059,-1036624.753,149829.099
1659139200,2022-07-30 00:00:00,23777.28,24668.0,23502.25,23643.51,3634601094.96542,BTCUSD,441.957437,191.905546,250.051891,59.5,493824.816,248529.15,3233.4839999999967,-1033391.269,169512.176
1659225600,2022-07-31 00:00:00,23644.64,24194.82,23227.31,23293.32,3028386330.644832,BTCUSD,455.148081,244.554053,210.594028,56.73,385969.85,191060.344,-3849.161999999953,-1037240.431,172654.915
1659312000,2022-08-01 00:00:00,23296.36,23509.68,22850.0,23268.01,3346371889.652121,BTCUSD,458.276727,287.298588,170.978139,56.53,498378.292,248287.068,-1804.1560000000168,-1039044.587,173529.192
1659398400,2022-08-02 00:00:00,23266.9,23459.89,22654.37,22987.79,3631020649.22638,BTCUSD,433.151686,316.469207,116.682479,54.2,625227.912,314974.04,4720.167999999947,-1034324.419,149396.803
1659484800,2022-08-03 00:00:00,22985.93,23647.68,22681.22,22818.37,3385430753.8050184,BTCUSD,395.015638,332.178494,62.837145,52.78,569261.768,285742.749,2223.7299999999814,-1032100.689,127771.145
1659571200,2022-08-04 00:00:00,22816.91,23223.32,22400.0,22622.98,3537434334.434649,BTCUSD,345.048699,334.752535,10.296164,51.12,548268.816,266422.651,-15423.513999999966,-1047524.203,95590.171
1659657600,2022-08-05 00:00:00,22622.41,23472.86,22586.95,23312.42,4046435951.354509,BTCUSD,356.966695,339.195367,17.771329,56.34,593992.13,303297.553,12602.976000000024,-1034921.227,98781.771
1659744000,2022-08-06 00:00:00,23313.56,23354.36,22909.52,22954.21,1944693656.706568,BTCUSD,333.661004,338.088494,-4.42749,53.16,227659.394,112010.019,-3639.356,-1038560.583,96691.179
1659830400,2022-08-07 00:00:00,22954.21,23402.0,22844.62,23174.39,2051763044.5523689,BTCUSD,329.163371,336.30347,-7.140099,54.85,271512.062,138063.836,4615.610000000044,-1033944.973,79699.061
1659916800,2022-08-08 00:00:00,23174.39,24245.0,23154.25,23810.0,4078052110.543128,BTCUSD,372.592367,343.561249,29.031118,59.39,565084.219,290711.934,16339.648999999976,-1017605.324,72830.91
1660003200,2022-08-09 00:00:00,23810.98,23933.25,22865.0,23149.95,3347110918.907211,BTCUSD,349.718305,344.79266,4.925645,53.38,498286.943,234067.613,-30151.717000000004,-1047757.041,32274.432
1660089600,2022-08-10 00:00:00,23151.32,24226.0,22664.69,23954.05,4918825599.489632,BTCUSD,391.956367,354.225401,37.730965,58.84,760738.204,386654.055,12569.90599999996,-1035187.135,46248.946
1660176000,2022-08-11 00:00:00,23954.05,24918.54,23852.13,23934.39,6097813762.895935,BTCUSD,419.013807,367.183083,51.830725,58.66,760455.245,380384.846,314.4470000000438,-1034872.688,51402.475
1660262400,2022-08-12 00:00:00,23933.09,24456.5,23583.0,24403.68,4175834601.8605466,BTCUSD,472.87381,388.321228,84.552582,61.69,477734.045,238157.702,-1418.6410000000033,-1036291.329,52278.555
1660348800,2022-08-13 00:00:00,24401.7,24888.0,24291.22,24441.38,3751417148.252107,BTCUSD,512.69035,413.195052,99.495297,61.93,431093.659,218017.011,4940.363000000012,-1031350.966,49688.571
1660435200,2022-08-14 00:00:00,24443.06,25047.56,24144.0,24305.24,3708565144.898009,BTCUSD,527.182848,435.992612,91.190237,60.45,437314.32,216230.429,-4853.462,-1036204.428,61548.258
1660521600,2022-08-15 00:00:00,24305.25,25211.32,23773.22,24094.82,5894066098.523285,BTCUSD,515.743947,451.942879,63.801069,58.14,739390.721,363943.421,-11503.879000000074,-1047708.307,45865.88
1660608000,2022-08-16 00:00:00,24093.04,24247.49,23671.22,23854.74,4294907691.650949,BTCUSD,481.752741,457.904851,23.84789,55.53,460919.994,225612.821,-9694.352000000014,-1057402.659,3573.407
1660694400,2022-08-17 00:00:00,23856.15,24446.71,23180.4,23342.66,4993659434.236888,BTCUSD,408.781707,448.080222,-39.298515,50.34,640600.903,314117.594,-12365.715000000084,-1069768.374,-32046.458
1660780800,2022-08-18 00:00:00,23342.66,23600.0,23111.04,23191.2,3375338942.261788,BTCUSD,334.869909,425.43816,-90.568251,48.88,347699.006,173493.81,-711.3859999999986,-1070479.76,-33855.007
1660867200,2022-08-19 00:00:00,23191.45,23208.67,20783.57,20834.39,6181759252.730264,BTCUSD,85.137989,357.378125,-272.240137,32.92,906609.825,434933.69,-36742.44499999995,-1107222.205,-73830.936
1660953600,2022-08-20 00:00:00,20834.39,21382.85,20761.9,21140.07,3871242921.22468,BTCUSD,-87.106428,268.481215,-355.587642,35.85,490507.042,248229.044,5951.045999999973,-1101271.159,-64030.728
1661040000,2022-08-21 00:00:00,21140.07,21800.0,21069.11,21515.61,3405034922.8070774,BTCUSD,-191.105484,176.563875,-367.669359,39.35,424282.424,216117.318,7952.211999999999,-1093318.947,-54274.36
1661126400,2022-08-22 00:00:00,21516.7,21548.71,20890.18,21399.83,4721412016.903412,BTCUSD,-279.644397,85.322221,-364.966618,38.65,588764.597,296697.395,4630.193000000087,-1088688.754,-54364.335
1661212800,2022-08-23 00:00:00,21400.75,21684.87,20890.14,21529.12,4299812533.944709,BTCUSD,-335.511928,1.155391,-336.667319,39.93,609745.27,311756.342,13767.41399999999,-1074921.34,-42820.651
1661299200,2022-08-24 00:00:00,21529.11,21900.0,21145.0,21368.08,3744196823.564855,BTCUSD,-388.305784,-76.736844,-311.56894,38.84,502728.198,255093.78,7459.362000000023,-1067461.978,-19937.775
1661385600,2022-08-25 00:00:00,21368.05,21819.88,21310.15,21559.04,3672148286.6013737,BTCUSD,-410.010078,-143.391491,-266.618587,40.9,415757.992,211440.778,7123.563999999955,-1060338.414,-25417.187
1661472000,2022-08-26 00:00:00,21559.04,21886.77,20107.9,20241.05,5785149465.09769,BTCUSD,-527.481191,-220.209431,-307.27176,32.71,896474.356,433699.343,-29075.67000000004,-1089414.084,-50853.501
1661558400,2022-08-27 00:00:00,20239.14,20402.93,19800.0,20037.6,3269764074.35644,BTCUSD,-629.735411,-302.114627,-327.620784,31.65,469598.024,232241.515,-5114.993999999948,-1094529.078,-60584.105
1661644800,2022-08-28 00:00:00,20037.6,20171.18,19520.0,19555.61,2781133881.0518456,BTCUSD,-741.121989,-389.9161,-351.20589,29.25,386405.195,191001.847,-4401.500999999989,-1098930.579,-81325.255
1661731200,2022-08-29 00:00:00,19555.61,20433.62,19550.79,20285.73,4211334408.9865937,BTCUSD,-761.70165,-464.27321,-297.428441,37.05,598076.669,311295.499,24514.329000000027,-1074416.25,-26659.209
1661817600,2022-08-30 00:00:00,20287.2,20576.25,19540.0,19811.66,5157974826.609323,BTCUSD,-806.962505,-532.811069,-274.151437,34.4,767714.993,382116.483,-3482.027000000002,-1077898.277,-42711.142
1661904000,2022-08-31 00:00:00,19813.03,20490.0,19797.94,20050.02,5595829094.391042,BTCUSD,-814.212662,-589.091388,-225.121275,36.85,711639.339,364579.78,17520.22100000002,-1060378.056,-25505.368
1661990400,2022-09-01 00:00:00,20048.44,20208.37,19565.66,20131.46,4893158531.781241,BTCUSD,-804.11757,-632.096624,-172.020946,37.7,691594.721,341914.232,-7766.256999999983,-1068144.313,-31852.984
1662076800,2022-09-02 00:00:00,20132.64,20441.26,19755.29,19951.86,4946889819.514837,BTCUSD,-801.371642,-665.951628,-135.420014,36.53,669047.816,336630.234,4212.652000000002,-1063931.661,-32580.695
1662163200,2022-09-03 00:00:00,19950.98,20055.93,19652.72,19831.9,2908816275.0102863,BTCUSD,-799.657292,-692.692761,-106.964532,35.73,285240.989,138912.088,-7416.813000000024,-1071348.474,-35144.046
1662249600,2022-09-04 00:00:00,19832.45,20029.23,19583.1,20000.3,2883227667.1961923,BTCUSD,-775.767619,-709.307732,-66.459887,37.79,396798.184,199528.194,2258.203999999969,-1069090.27,-21381.963
1662336000,2022-09-05 00:00:00,20000.3,20057.27,19633.83,19796.84,4404971191.907025,BTCUSD,-764.440409,-720.334268,-44.106142,36.27,446706.41,219740.749,-7224.911999999953,-1076315.182,-18912.523
1662422400,2022-09-06 00:00:00,19795.34,20180.0,18649.51,18790.61,6976809188.410191,BTCUSD,-827.123303,-741.692075,-85.431228,29.89,945489.142,450523.54,-44442.062000000034,-1120757.244,-50988.87
1662508800,2022-09-07 00:00:00,18790.61,19464.06,18510.77,19292.84,5436827909.201311,BTCUSD,-826.743994,-758.702459,-68.041535,35.95,595636.693,303498.827,11360.96100000001,-1109396.283,-38916.523
1662595200,2022-09-08 00:00:00,19292.85,19458.25,19012.0,19319.77,5057217166.675081,BTCUSD,-814.876968,-769.937361,-44.939608,36.27,537268.644,272993.856,8719.068000000087,-1100677.215,6544.99
1662681600,2022-09-09 00:00:00,19320.54,21597.22,19291.75,21360.11,8929831332.708796,BTCUSD,-633.530929,-742.656074,109.125145,54.64,992497.1,528955.645,65414.19000000006,-1035263.025,66008.134
1662768000,2022-09-10 00:00:00,21361.62,21810.8,21111.13,21648.34,6589753118.84113,BTCUSD,-461.238266,-686.372513,225.134246,56.55,491543.206,252484.409,13425.612000000025,-1021837.413,71481.534
1662854400,2022-09-11 00:00:00,21647.21,21860.0,21350.0,21826.87,6064643642.716231,BTCUSD,-306.753151,-610.44864,303.695489,57.73,420979.326,212886.577,4793.82799999998,-1017043.585,71645.169
1662940800,2022-09-12 00:00:00,21826.87,22488.0,21538.51,22395.74,8743762682.841719,BTCUSD,-136.8421,-515.727332,378.885233,61.35,818601.932,420842.904,23083.87599999993,-993959.709,80961.631
1663027200,2022-09-13 00:00:00,22395.44,22799.0,19860.0,20173.57,9302239274.39612,BTCUSD,-179.428574,-448.46758,269.039007,45.11,1218769.927,599588.316,-19593.294999999925,-1013553.004,53908.974
1663113600,2022-09-14 00:00:00,20173.62,20541.48,19617.62,20226.71,6886235196.646198,BTCUSD,-206.510186,-400.076102,193.565915,45.48,661802.597,329481.944,-2838.7089999999152,-1016391.713,43946.701
1663200000,2022-09-15 00:00:00,20227.17,20330.24,19497.0,19701.88,6655264974.21376,BTCUSD,-267.241362,-373.509154,106.267792,42.43,665862.067,328684.391,-8493.285000000033,-1024884.998,64529.086
1663286400,2022-09-16 00:00:00,19701.88,19890.0,19320.01,19803.3,5584012914.113887,BTCUSD,-303.686798,-359.544683,55.857885,43.22,544608.804,271043.98,-2520.844000000041,-1027405.842,67123.236
1663372800,2022-09-17 00:00:00,19803.3,20189.0,19748.08,20113.62,3578667842.695283,BTCUSD,-304.025224,-348.440791,44.415567,45.69,334678.558,172033.441,9388.323999999964,-1018017.518,80913.061
1663459200,2022-09-18 00:00:00,20112.61,20117.26,19335.62,19416.18,5033968947.530573,BTCUSD,-356.461937,-350.04502,-6.416917,41.34,499916.474,241263.602,-17389.26999999996,-1035406.788,39009.462
1663545600,2022-09-19 00:00:00,19417.45,19686.2,18232.56,19537.02,7215196795.656052,BTCUSD,-383.84293,-356.804602,-27.038328,42.37,993776.352,493706.408,-6363.535999999964,-1041770.324,36127.953
1663632000,2022-09-20 00:00:00,19537.02,19634.62,18711.87,18875.0,6206043205.412278,BTCUSD,-453.731708,-376.190023,-77.541685,38.41,794623.932,394662.254,-5299.423999999999,-1047069.748,13308.308
1663718400,2022-09-21 00:00:00,18874.31,19956.0,18125.98,18461.36,7338667639.751955,BTCUSD,-536.314065,-408.214832,-128.099233,36.14,1168068.979,586476.532,4884.084999999963,-1042185.663,25958.65
1663804800,2022-09-22 00:00:00,18461.36,19550.17,18356.39,19401.63,7203741481.483637,BTCUSD,-519.896207,-430.551107,-89.3451,44.21,852898.391,436415.563,19932.735000000102,-1022252.928,41678.733
1663891200,2022-09-23 00:00:00,19401.63,19500.0,18531.42,19289.91,7330336009.190998,BTCUSD,-510.020607,-446.445007,-63.5756,43.51,838493.746,419156.857,-180.03200000000652,-1022432.96,48915.514
1663977600,2022-09-24 00:00:00,19288.57,19316.14,18805.34,18920.5,4568927983.6507845,BTCUSD,-525.939716,-462.343949,-63.595768,41.17,377158.215,187487.653,-2182.909000000044,-1024615.869,44474.401
1664064000,2022-09-25 00:00:00,18921.99,19180.21,18629.2,18807.38,3625136713.924704,BTCUSD,-541.442156,-478.16359,-63.278566,40.46,410461.603,202102.868,-6255.867000000028,-1030871.736,45443.446
1664150400,2022-09-26 00:00:00,18809.13,19318.96,18680.72,19227.82,8356951609.998723,BTCUSD,-513.878287,-485.306529,-28.571758,44.33,777807.518,396520.305,15233.091999999946,-1015638.644,105118.6
1664236800,2022-09-27 00:00:00,19226.68,20385.86,18816.32,19079.13,11705770260.67216,BTCUSD,-498.287812,-487.902786,-10.385026,43.26,1300566.158,654545.023,8523.888000000035,-1007114.756,102281.527
1664323200,2022-09-28 00:00:00,19078.1,19790.0,18471.28,19412.82,9964460007.304356,BTCUSD,-453.775413,-481.077311,27.301898,46.39,1141222.772,575412.786,9602.799999999814,-997511.956,103165.259
1664409600,2022-09-29 00:00:00,19412.82,19645.52,18843.01,19591.51,7868786414.856212,BTCUSD,-399.475323,-464.756914,65.28159,48.04,991678.224,498754.47,5830.7159999998985,-991681.24,43581.785
1664496000,2022-09-30 00:00:00,19590.54,20185.0,19155.36,19422.61,8694127253.576593,BTCUSD,-365.853597,-444.97625,79.122653,46.58,1071462.934,534904.355,-1654.2239999999292,-993335.464,28501.949
1664582400,2022-10-01 00:00:00,19422.61,19484.0,19159.42,19310.95,3200350294.52687,BTCUSD,-344.249868,-424.830974,80.581106,45.59,294457.009,144185.532,-6085.945000000007,-999421.409,17622.176
1664668800,2022-10-02 00:00:00,19312.24,19395.91,18920.35,19056.8,3970724799.9558167,BTCUSD,-343.674867,-408.599753,64.924885,43.34,414970.451,202621.19,-9728.070999999996,-1009149.48,-15189.771
1664755200,2022-10-03 00:00:00,19057.74,19719.1,18959.68,19629.08,5672105805.772144,BTCUSD,-293.65588,-385.610978,91.955098,49.4,621816.329,321432.703,21049.07699999993,-988100.403,25452.601
1664841600,2022-10-04 00:00:00,19629.08,20475.0,19490.6,20337.82,6533428229.851052,BTCUSD,-194.583045,-347.405392,152.822346,55.72,796678.762,416652.855,36626.947999999975,-951473.455,64918.258
1664928000,2022-10-05 00:00:00,20337.82,20365.6,19730.0,20158.26,6275437160.958072,BTCUSD,-129.068282,-303.73797,174.669687,53.89,719577.149,358823.385,-1930.3789999999567,-953403.834,71481.164
1665014400,2022-10-06 00:00:00,20158.26,20456.6,19853.0,19960.67,6452892402.324269,BTCUSD,-92.030354,-261.396447,169.366093,51.86,782034.669,389002.932,-4028.805000000051,-957432.639,69973.203
1665100800,2022-10-07 00:00:00,19960.67,20068.82,19320.0,19530.09,4353681483.987034,BTCUSD,-96.311517,-228.379461,132.067944,47.66,673407.102,323986.884,-25433.333999999915,-982865.973,35151.545
1665187200,2022-10-08 00:00:00,19530.09,19627.38,19237.14,19417.96,1995917001.7395988,BTCUSD,-107.512981,-204.206165,96.693184,46.6,253257.201,123754.239,-5748.722999999998,-988614.696,46792.092
1665273600,2022-10-09 00:00:00,19416.52,19558.0,19316.04,19439.02,2215007204.237991,BTCUSD,-113.383837,-186.041699,72.657862,46.84,267178.795,135041.1,2903.405000000028,-985711.291,56059.033
1665360000,2022-10-10 00:00:00,19439.96,19525.0,19020.25,19131.87,4101745483.129524,BTCUSD,-141.193382,-177.072036,35.878654,43.76,560920.904,271613.126,-17694.652000000002,-1003405.943,43663.805
1665446400,2022-10-11 00:00:00,19131.87,19268.09,18860.0,19060.0,4642843395.600282,BTCUSD,-167.105665,-175.078761,7.973097,43.05,603358.324,301534.208,-289.908000000054,-1003695.851,38489.812
1665532800,2022-10-12 00:00:00,19060.0,19238.31,18965.88,19155.53,4086903621.9265537,BTCUSD,-177.882346,-175.639478,-2.242867,44.35,406770.288,204842.683,2915.0779999999795,-1000780.773,21472.155
1665619200,2022-10-13 00:00:00,19155.1,19513.79,18190.0,19375.13,7554309475.307985,BTCUSD,-166.780517,-173.867686,7.087169,47.32,1104615.001,548317.372,-7980.256999999983,-1008761.03,13671.93
1665705600,2022-10-14 00:00:00,19375.58,19951.87,19070.37,19176.93,6877621835.225796,BTCUSD,-171.992696,-173.492688,1.499992,44.98,861453.21,429107.424,-3238.3619999999646,-1011999.392,12616.477
1665792000,2022-10-15 00:00:00,19176.93,19227.68,18975.18,19069.39,2178316065.622199,BTCUSD,-182.694971,-175.333144,-7.361826,43.72,241520.185,118014.949,-5490.287000000011,-1017489.679,13382.057
1665878400,2022-10-16 00:00:00,19068.4,19425.84,19063.74,19262.98,2531545363.3077006,BTCUSD,-173.554873,-174.97749,1.422617,46.62,267921.192,134085.564,249.9360000000452,-1017239.743,-1601.099
1665964800,2022-10-17 00:00:00,19262.98,19676.96,19152.03,19549.86,4331666395.604673,BTCUSD,-141.53098,-168.288188,26.757208,50.68,502319.759,259733.128,17146.496999999974,-1000093.246,7021.51
1666051200,2022-10-18 00:00:00,19548.48,19706.66,19091.0,19327.44,5065944973.464348,BTCUSD,-132.571053,-161.144761,28.573708,47.65,634343.154,310203.329,-13936.495999999926,-1014029.742,-16517.786
1666137600,2022-10-19 00:00:00,19327.44,19360.16,19065.97,19123.97,3575041318.449784,BTCUSD,-140.271611,-156.970131,16.69852,45.01,404370.458,196266.973,-11836.511999999988,-1025866.254,-34185.014
1666224000,2022-10-20 00:00:00,19123.35,19347.82,18900.0,19041.92,4276025723.9947824,BTCUSD,-151.251574,-155.82642,4.574846,43.95,537627.048,261819.691,-13987.665999999968,-1039853.92,-46518.456
1666310400,2022-10-21 00:00:00,19041.92,19250.0,18650.0,19164.37,5126619487.86902,BTCUSD,-148.362353,-154.333606,5.971253,45.99,581878.905,289151.867,-3575.170999999973,-1043429.091,-44007.682
1666396800,2022-10-22 00:00:00,19164.37,19257.0,19112.72,19204.35,2117395641.1269207,BTCUSD,-141.218692,-151.710624,10.491932,46.68,174055.042,88690.436,3325.8300000000163,-1040103.261,-30953.781
1666483200,2022-10-23 00:00:00,19204.29,19695.0,19070.11,19570.4,3233393909.200977,BTCUSD,-104.811907,-142.33088,37.518974,52.59,358611.542,188795.43,18979.31799999997,-1021123.943,-33023.54
1666569600,2022-10-24 00:00:00,19570.4,19601.15,19157.0,19329.72,4957159176.816838,BTCUSD,-94.293178,-132.72334,38.430161,48.76,476676.536,232513.239,-11650.05800000002,-1032774.001,-81300.546
1666656000,2022-10-25 00:00:00,19330.6,20415.87,19237.0,20080.07,6454151276.520069,BTCUSD,-25.120463,-111.202765,86.082301,58.83,777306.534,403731.355,30156.175999999978,-1002617.825,-49213.991
1666742400,2022-10-26 00:00:00,20079.02,21020.0,20050.41,20771.59,7833551674.485679,BTCUSD,84.524945,-72.057223,156.582168,65.54,841864.982,425235.003,8605.024000000092,-994012.801,-36580.162
1666828800,2022-10-27 00:00:00,20771.61,20872.21,20200.0,20295.11,6771209922.011917,BTCUSD,131.45642,-31.354494,162.810914,58.47,614910.045,296534.203,-21841.639000000083,-1015854.44,-32988.467
1666915200,2022-10-28 00:00:00,20295.11,20750.0,20000.09,20591.84,5849603405.682575,BTCUSD,190.398784,12.996162,177.402623,61.27,595538.882,297991.899,444.91599999996834,-1015409.524,-26794.828
1667001600,2022-10-29 00:00:00,20591.84,21085.0,20554.01,20809.67,5303038321.457483,BTCUSD,251.785665,60.754062,191.031603,63.23,482217.17,240831.261,-554.6479999999865,-1015964.172,-30252.881
1667088000,2022-10-30 00:00:00,20809.68,20931.21,20515.0,20627.48,3994389493.325891,BTCUSD,282.477771,105.098804,177.378967,60.47,295389.69,145513.555,-4362.580000000016,-1020326.752,-16920.809
1667174400,2022-10-31 00:00:00,20627.48,20845.92,20237.95,20490.74,6226304300.443864,BTCUSD,292.39714,142.558471,149.838669,58.41,478797.266,235335.712,-8125.842000000004,-1028452.594,-24756.743
1667260800,2022-11-01 00:00:00,20490.74,20700.0,20330.74,20483.62,5740102554.920829,BTCUSD,296.268586,173.300494,122.968092,58.3,314676.187,156085.396,-2505.3949999999604,-1030957.989,-30177.216
1667347200,2022-11-02 00:00:00,20482.81,20800.0,20048.04,20151.84,7633404092.430691,BTCUSD,269.45871,192.532137,76.926573,53.21,651535.761,324205.203,-3125.355000000098,-1034083.344,-25322.314
1667433600,2022-11-03 00:00:00,20151.84,20393.32,20031.24,20207.82,6461673165.239642,BTCUSD,249.848708,203.995451,45.853256,53.94,372121.061,185931.45,-258.1609999999637,-1034341.505,-22342.113
1667520000,2022-11-04 00:00:00,20207.12,21302.05,20180.96,21148.52,9409862204.986904,BTCUSD,306.679063,224.532174,82.146889,64.09,824515.215,421800.646,19086.07700000005,-1015255.428,2234.251
1667606400,2022-11-05 00:00:00,21148.52,21480.65,21080.65,21299.37,5240395528.908201,BTCUSD,359.742969,251.574333,108.168637,65.41,303983.372,153861.129,3738.885999999999,-1011516.542,5723.201
1667692800,2022-11-06 00:00:00,21299.37,21365.27,20886.13,20905.58,4877535058.412704,BTCUSD,365.804173,274.420301,91.383872,59.3,277148.646,132682.069,-11784.50800000003,-1023301.05,-23207.804
1667779200,2022-11-07 00:00:00,20905.58,21069.77,20384.89,20591.13,8035052131.593452,BTCUSD,341.299941,287.796229,53.503712,54.88,554408.316,268943.792,-16520.73199999996,-1039821.782,-25792.04
1667865600,2022-11-08 00:00:00,20590.67,20700.88,17166.83,18547.23,14758384309.854223,BTCUSD,155.165856,261.270154,-106.104298,36.09,2046476.313,996475.056,-53526.20100000012,-1093347.983,-67481.729
1667952000,2022-11-09 00:00:00,18545.38,18587.76,15588.0,15922.81,12737719697.394009,BTCUSD,-201.789405,168.658242,-370.447648,24.49,2065606.412,994054.311,-77497.79000000004,-1170845.773,-130991.853
1668038400,2022-11-10 00:00:00,15922.68,18199.0,15754.26,17601.15,10323294543.880354,BTCUSD,-345.270942,65.872405,-411.143347,38.17,1497093.602,762434.255,27774.90800000005,-1143070.865,-99641.774
1668124800,2022-11-11 00:00:00,17602.45,17695.0,16361.6,17070.31,6725273822.837806,BTCUSD,-496.09675,-46.521426,-449.575324,35.96,955344.602,478490.175,1635.7480000000214,-1141435.117,-101331.856
1668211200,2022-11-12 00:00:00,17069.98,17119.1,16631.39,16812.08,2827930561.00638,BTCUSD,-629.211138,-163.059368,-466.15177,34.89,304455.717,154268.458,4081.1990000000224,-1137353.918,-116229.975
1668297600,2022-11-13 00:00:00,16813.16,16954.28,16229.0,16329.85,3074280132.0535235,BTCUSD,-764.801031,-283.407701,-481.39333,32.94,349742.836,170553.271,-8636.293999999994,-1145990.212,-113216.211
1668384000,2022-11-14 00:00:00,16331.78,17190.0,15815.21,16619.46,6273920325.336827,BTCUSD,-839.213955,-394.568951,-444.645003,35.28,934392.484,470329.645,6266.805999999982,-1139723.406,-137105.581
1668470400,2022-11-15 00:00:00,16617.72,17134.69,16527.72,16900.57,4758545355.786832,BTCUSD,-865.526257,-488.760413,-376.765845,37.57,649349.458,328279.885,7210.312000000034,-1132513.094,-138500.293
1668556800,2022-11-16 00:00:00,16900.57,17015.92,16378.61,16662.76,4362538338.565324,BTCUSD,-895.24836,-570.058002,-325.190358,36.4,537241.645,266222.725,-4796.195000000065,-1137309.289,-121454.849
1668643200,2022-11-17 00:00:00,16661.61,16751.0,16410.74,16692.56,3785204632.0142207,BTCUSD,-905.95544,-637.23749,-268.71795,36.66,408989.285,205691.358,2393.4310000000405,-1134915.858,-119506.334
1668729600,2022-11-18 00:00:00,16692.56,17011.0,16546.04,16700.45,3588467560.373121,BTCUSD,-903.390497,-690.468091,-212.922406,36.74,388612.842,197146.935,5681.027999999991,-1129234.83,-113270.658
1668816000,2022-11-19 00:00:00,16699.43,16822.41,16553.53,16700.68,1747627888.1295474,BTCUSD,-891.067531,-730.587979,-160.479552,36.74,171822.915,86114.175,405.4349999999977,-1128829.395,-108502.643
1668902400,2022-11-20 00:00:00,16700.68,16753.33,16180.0,16280.23,2561165772.4957075,BTCUSD,-904.79834,-765.430051,-139.368289,34.22,327599.214,159651.534,-8296.14599999995,-1137125.541,-108672.947
1668988800,2022-11-21 00:00:00,16279.5,16319.0,15476.0,15781.29,5188798317.004153,BTCUSD,-945.046486,-801.353338,-143.693148,31.46,790219.365,387859.776,-14499.812999999966,-1151625.354,-120667.365
1669075200,2022-11-22 00:00:00,15781.29,16315.0,15616.63,16226.94,3823612603.8030014,BTCUSD,-930.259746,-827.13462,-103.125126,36.39,579333.644,298913.634,18493.62400000007,-1133131.73,-99048.386
1669161600,2022-11-23 00:00:00,16227.96,16706.0,16160.2,16603.11,4368042618.50026,BTCUSD,-878.065579,-837.320812,-40.744767,40.3,546714.91,280154.178,13593.445999999996,-1119538.284,-85196.779
1669248000,2022-11-24 00:00:00,16603.11,16812.63,16458.05,16598.95,3431724405.654768,BTCUSD,-827.49812,-835.356273,7.858153,40.27,351024.418,176391.185,1757.9519999999902,-1117780.332,-102524.904
1669334400,2022-11-25 00:00:00,16599.55,16666.0,16342.81,16522.14,3003553172.229472,BTCUSD,-784.576856,-825.20039,40.623534,39.7,306560.116,152812.182,-935.7519999999786,-1118716.084,-107199.542
1669420800,2022-11-26 00:00:00,16521.35,16701.99,16385.0,16458.57,3011990387.647429,BTCUSD,-747.079149,-809.576142,62.496993,39.19,253401.659,126629.776,-142.10700000001816,-1118858.191,-95557.141
1669507200,2022-11-27 00:00:00,16457.61,16600.0,16401.0,16428.78,2679048565.5213013,BTCUSD,-711.563291,-789.973572,78.41028,38.95,189370.345,95297.449,1224.552999999985,-1117633.638,-77811.856
1669593600,2022-11-28 00:00:00,16428.77,16487.04,15995.27,16212.91,4096398587.3573136,BTCUSD,-692.848893,-770.548636,77.699743,37.12,497137.869,247420.181,-2297.5069999999832,-1119931.145,-26583.162
1669680000,2022-11-29 00:00:00,16212.18,16548.71,16100.0,16442.53,4072651066.9994063,BTCUSD,-651.973636,-746.833636,94.86,40.33,391410.854,200297.135,9183.416000000028,-1110747.729,60098.044
1669766400,2022-11-30 00:00:00,16442.91,17249.0,16428.3,17163.64,5123595199.505285,BTCUSD,-554.994518,-708.465812,153.471294,49.12,620324.95,324532.119,28739.28800000006,-1082008.441,61062.424
1669852800,2022-12-01 00:00:00,17165.53,17324.0,16855.01,16977.37,3972607179.868572,BTCUSD,-487.548149,-664.28228,176.73413,47.19,411051.309,203203.47,-4644.369000000006,-1086652.81,54782.307
1669939200,2022-12-02 00:00:00,16978.0,17105.73,16787.85,17092.74,3432385161.660257,BTCUSD,-419.946144,-615.415053,195.468909,48.54,335039.215,169750.685,4462.15499999997,-1082190.655,55163.263
1670025600,2022-12-03 00:00:00,17092.13,17188.98,16858.74,16885.2,2622504252.8664527,BTCUSD,-378.751796,-568.082401,189.330605,46.25,185257.242,91150.269,-2956.703999999998,-1085147.359,60842.853
1670112000,2022-12-04 00:00:00,16885.2,17202.84,16878.25,17105.7,3040020095.051177,BTCUSD,-324.571019,-519.380125,194.809106,49.01,292090.868,153355.38,14619.891999999993,-1070527.467,69195.939
1670198400,2022-12-05 00:00:00,17106.65,17424.25,16867.0,16966.35,4015334796.6037207,BTCUSD,-289.539116,-473.411923,183.872807,47.35,519961.39,255808.742,-8343.906000000017,-1078871.373,53641.721
1670284800,2022-12-06 00:00:00,16966.35,17107.01,16906.37,17088.96,3717926010.340586,BTCUSD,-249.012023,-428.531943,179.51992,48.98,321330.613,163623.517,5916.420999999973,-1072954.952,64354.337
1670371200,2022-12-07 00:00:00,17088.96,17142.21,16678.83,16836.64,3723206794.305466,BTCUSD,-234.550374,-389.735629,155.185255,45.84,337778.925,162494.52,-12789.88500000001,-1085744.837,49171.021
1670457600,2022-12-08 00:00:00,16836.64,17299.0,16733.49,17224.1,4009427525.030412,BTCUSD,-189.638594,-349.716222,160.077628,51.04,402157.335,212725.266,23293.196999999986,-1062451.64,66783.19
1670544000,2022-12-09 00:00:00,17224.1,17360.0,17058.21,17128.56,4097973425.6973534,BTCUSD,-159.911602,-311.755298,151.843696,49.77,290231.183,145233.326,235.4689999999828,-1062216.171,66613.224
1670630400,2022-12-10 00:00:00,17128.56,17227.72,17092.0,17127.49,2411933258.8486,BTCUSD,-134.884226,-276.381084,141.496858,49.75,141895.207,72264.377,2633.5469999999914,-1059582.624,77542.917
1670716800,2022-12-11 00:00:00,17127.49,17270.99,17071.0,17085.05,2663686104.082561,BTCUSD,-117.124268,-244.52972,127.405453,49.12,171004.111,84191.709,-2620.693,-1062203.317,89422.037
1670803200,2022-12-12 00:00:00,17085.05,17241.89,16871.85,17209.83,3844787581.481925,BTCUSD,-91.921061,-214.007989,122.086928,51.08,335856.258,169725.38,3594.502000000037,-1058608.815,74522.915
1670889600,2022-12-13 00:00:00,17208.93,18000.0,17080.14,17774.7,4983896040.378995,BTCUSD,-26.066571,-176.419705,150.353134,58.81,596851.291,312688.716,28526.14100000006,-1030082.674,89455.61
1670976000,2022-12-14 00:00:00,17775.82,18387.95,17660.94,17803.15,4779915721.484458,BTCUSD,28.095399,-135.516684,163.612083,59.16,627511.699,320955.657,14399.61499999999,-1015683.059,102097.273
1671062400,2022-12-15 00:00:00,17804.01,17854.82,17275.51,17356.34,3923378677.833748,BTCUSD,34.566851,-101.499977,136.066828,51.73,437284.037,207475.11,-22333.81700000004,-1038016.876,80699.208
1671148800,2022-12-16 00:00:00,17356.96,17531.73,16527.32,16632.12,4308933187.65654,BTCUSD,-18.529382,-84.905858,66.376476,42.42,622150.245,300805.629,-20538.986999999965,-1058555.863,60302.328
1671235200,2022-12-17 00:00:00,16631.5,16796.82,16579.85,16776.52,2417851422.2131248,BTCUSD,-48.398746,-77.604436,29.20569,44.56,248465.273,127451.595,6437.917000000016,-1052117.946,65515.692
1671321600,2022-12-18 00:00:00,16777.54,16863.26,16663.07,16738.21,1884666030.099238,BTCUSD,-74.305185,-76.944586,2.639401,44.1,185898.213,95900.13,5902.0470000000205,-1046215.899,73715.246
1671408000,2022-12-19 00:00:00,16739.0,16815.99,16256.3,16438.88,2981094033.013813,BTCUSD,-117.633646,-85.082398,-32.551248,40.51,344728.552,165589.71,-13549.13200000004,-1059765.031,50982.698
1671494400,2022-12-20 00:00:00,16438.88,17061.27,16397.2,16895.56,4176995653.545711,BTCUSD,-113.809579,-90.827834,-22.981745,47.52,476171.098,244941.416,13711.733999999997,-1046053.297,35955.144
1671580800,2022-12-21 00:00:00,16896.15,16925.0,16723.0,16824.67,2638528723.736041,BTCUSD,-115.171582,-95.696583,-19.474998,46.6,227752.335,112775.443,-2201.448999999993,-1048254.746,38398.064
1671667200,2022-12-22 00:00:00,16824.68,16868.52,16559.85,16821.43,2949612072.0493026,BTCUSD,-115.184643,-99.594195,-15.590448,46.56,306610.961,152999.217,-612.5270000000019,-1048867.273,33323.382
1671753600,2022-12-23 00:00:00,16821.9,16955.14,16731.13,16778.5,2720021933.978926,BTCUSD,-117.306846,-103.136725,-14.170121,45.94,264553.42,134466.878,4380.33600000001,-1044486.937,40660.422
1671840000,2022-12-24 00:00:00,16778.52,16869.99,16776.62,16836.12,1686757294.9926343,BTCUSD,-113.036244,-105.116629,-7.919614,46.96,82410.79,41552.085,693.3800000000047,-1043793.557,26733.91
1671926400,2022-12-25 00:00:00,16835.73,16857.96,16721.0,16832.11,2108857873.1916704,BTCUSD,-108.722054,-105.837714,-2.88434,46.89,144075.843,71656.287,-763.2690000000002,-1044556.826,34314.547
1672012800,2022-12-26 00:00:00,16832.11,16944.52,16791.0,16919.39,2099037538.631794,BTCUSD,-97.140485,-104.098268,6.957783,48.6,148128.699,76793.753,5458.807000000001,-1039098.019,33856.933
1672099200,2022-12-27 00:00:00,16919.39,16972.83,16592.37,16706.36,2918379509.5314097,BTCUSD,-103.953439,-104.069302,0.115863,44.81,262828.564,127575.521,-7677.522000000026,-1046775.541,38969.296
1672185600,2022-12-28 00:00:00,16706.06,16785.19,16465.33,16547.31,3210894236.8123903,BTCUSD,-120.794318,-107.414306,-13.380013,42.17,344649.858,169600.703,-5448.45199999999,-1052223.993,10227.647
1672272000,2022-12-29 00:00:00,16547.32,16664.41,16488.91,16633.47,2671665748.0816226,BTCUSD,-125.739003,-111.079245,-14.659758,44.09,208591.531,106311.864,4032.197000000015,-1048191.796,14024.375
1672358400,2022-12-30 00:00:00,16633.47,16677.35,16333.0,16607.48,2726831056.725026,BTCUSD,-130.253397,-114.914076,-15.339322,43.62,295630.49,145078.787,-5472.915999999968,-1053664.712,5917.912
1672444800,2022-12-31 00:00:00,16607.48,16644.09,16470.0,16542.4,1897047504.918897,BTCUSD,-137.497514,-119.430763,-18.066751,42.4,134462.156,65822.96,-2816.235999999976,-1056480.948,5722.369
1672531200,2023-01-01 00:00:00,16541.77,16628.0,16499.01,16616.75,1604793789.6772127,BTCUSD,-135.675126,-122.679636,-12.99549,44.32,105502.965,52617.509,-267.9470000000001,-1056748.895,1859.92
1672617600,2023-01-02 00:00:00,16617.17,16799.23,16548.7,16672.87,2034683215.2678783,BTCUSD,-128.224365,-123.788582,-4.435783,45.79,215161.176,108472.125,1783.0739999999932,-1054965.821,-24883.147
1672704000,2023-01-03 00:00:00,16672.78,16778.4,16605.28,16675.18,2662765916.3256683,BTCUSD,-120.741354,-123.179136,2.437782,45.85,203070.205,100250.318,-2569.5689999999886,-1057535.39,-41852.331
1672790400,2023-01-04 00:00:00,16675.65,16991.87,16652.66,16850.36,3709833209.8453646,BTCUSD,-99.528154,-118.44894,18.920786,50.57,349747.838,177753.125,5758.412000000011,-1051776.978,-13760.102
1672876800,2023-01-05 00:00:00,16850.36,16879.82,16753.0,16831.85,2751080253.8177333,BTCUSD,-83.250482,-111.409248,28.158766,50.07,176369.347,87831.439,-706.4690000000119,-1052483.447,6072.416
1672963200,2023-01-06 00:00:00,16831.85,17041.0,16679.0,16950.65,3490305009.6881223,BTCUSD,-60.071674,-101.141734,41.070059,53.24,316973.629,160309.587,3645.544999999984,-1048837.902,3280.044
1673049600,2023-01-07 00:00:00,16950.31,16981.91,16908.0,16943.57,1770201710.2089734,BTCUSD,-41.791848,-89.271757,47.479908,53.03,77973.105,39351.115,729.125,-1048108.777,-1892.878
1673136000,2023-01-08 00:00:00,16943.83,17176.99,16911.0,17127.83,2291925699.958545,BTCUSD,-12.294984,-73.876402,61.581418,57.83,157717.318,83397.144,9076.97,-1039031.807,20733.224
1673222400,2023-01-09 00:00:00,17127.83,17398.8,17104.66,17178.26,4590284350.546168,BTCUSD,14.978115,-56.105499,71.083614,59.06,400277.809,200363.146,448.48300000000745,-1038583.324,7469.973
1673308800,2023-01-10 00:00:00,17179.04,17499.0,17146.34,17440.66,3829247653.731105,BTCUSD,57.107431,-33.462913,90.570343,64.82,297320.371,152579.704,7839.037000000011,-1030744.287,17510.459
1673395200,2023-01-11 00:00:00,17440.64,18000.0,17315.6,17943.26,4586965947.26355,BTCUSD,129.55738,-0.858854,130.416234,72.74,386277.106,201937.656,17598.205999999947,-1013146.081,35721.192
1673481600,2023-01-12 00:00:00,17943.26,19117.04,17892.05,18846.62,8348431207.846009,BTCUSD,256.906629,50.694242,206.212386,81.01,1040334.76,534948.464,29562.168000000063,-983583.913,60903.024
1673568000,2023-01-13 00:00:00,18846.62,20000.0,18714.12,19930.01,7061633461.444735,BTCUSD,440.178244,128.591043,311.587201,86.36,806807.832,415740.616,24673.399999999907,-958910.513,84883.044
1673654400,2023-01-14 00:00:00,19930.01,21258.0,19888.05,20954.92,8183071567.046188,BTCUSD,660.510042,234.974843,425.5352,89.4,1010666.683,511124.909,11583.13500000001,-947327.378,97229.448
1673740800,2023-01-15 00:00:00,20952.76,21050.74,20551.01,20871.5,3710526606.1389647,BTCUSD,818.952904,351.770455,467.182449,87.69,428486.559,212910.07,-2666.4189999999944,-949993.797,89104.222
1673827200,2023-01-16 00:00:00,20872.99,21474.05,20611.48,21185.65,6168654053.042638,BTCUSD,958.816651,473.179694,485.636957,88.57,666148.201,333915.315,1682.4290000000035,-948311.368,98464.173
1673913600,2023-01-17 00:00:00,21185.65,21647.45,20841.31,21134.81,5840585769.490093,BTCUSD,1053.414212,589.226598,464.187614,87.47,547390.593,275473.368,3556.14300000004,-944755.225,107468.768
1674000000,2023-01-18 00:00:00,21132.29,21650.0,20407.15,20677.47,7399719195.246726,BTCUSD,1079.041427,687.189564,391.851863,78.08,813785.517,405610.78,-2563.9569999999367,-947319.182,100872.614
1674086400,2023-01-19 00:00:00,20677.47,21192.0,20659.19,21071.59,5243024330.011201,BTCUSD,1118.262733,773.404198,344.858535,80.07,374733.617,189723.812,4714.006999999983,-942605.175,111059.537
1674172800,2023-01-20 00:00:00,21071.59,22755.93,20861.28,22667.21,7256172889.710531,BTCUSD,1263.533867,871.430132,392.103736,85.71,723645.2,378591.737,33538.27400000009,-909066.901,147414.047
1674259200,2023-01-21 00:00:00,22666.0,23371.8,22422.0,22783.55,7938935168.532013,BTCUSD,1372.231721,971.590449,400.641271,86.02,764681.1,381737.848,-1205.4039999999804,-910272.305,146476.59
1674345600,2023-01-22 00:00:00,22783.35,23078.71,22292.37,22707.88,5775552321.54412,BTCUSD,1435.719535,1064.416266,371.303268,84.73,482529.811,237240.175,-8049.46100000001,-918321.766,136644.055
1674432000,2023-01-23 00:00:00,22706.02,23180.0,22500.0,22916.45,6704191295.97568,BTCUSD,1485.737286,1148.68047,337.056816,85.38,525802.84,262293.92,-1215.0,-919536.766,137998.624
1674518400,2023-01-24 00:00:00,22917.81,23162.2,22462.93,22632.89,6721432962.573842,BTCUSD,1485.373333,1216.019043,269.35429,80.37,505615.816,244865.087,-15885.641999999993,-935422.408,116354.57
1674604800,2023-01-25 00:00:00,22631.94,23816.73,22300.0,23060.94,7875590359.115837,BTCUSD,1502.307292,1273.276693,229.030599,82.08,692786.607,348568.69,4350.773000000045,-931071.635,121411.812
1674691200,2023-01-26 00:00:00,23060.42,23282.47,22850.01,23009.65,6664592468.337928,BTCUSD,1494.362818,1317.493918,176.8689,81.17,427760.786,210791.528,-6177.73000000004,-937249.365,111588.537
1674777600,2023-01-27 00:00:00,23009.65,23500.0,22534.88,23074.16,6461707755.053915,BTCUSD,1476.254836,1349.246102,127.008735,81.44,509920.307,253654.606,-2611.094999999972,-939860.46,108248.317
1674864000,2023-01-28 00:00:00,23074.16,23189.0,22878.46,23022.6,3408985411.316586,BTCUSD,1441.131205,1367.623122,73.508083,80.42,186400.943,93351.471,301.9990000000107,-939558.461,99473.346
1674950400,2023-01-29 00:00:00,23021.4,23960.54,22967.76,23742.3,6941922954.136406,BTCUSD,1454.601509,1385.0188,69.58271,83.54,562028.231,289228.274,16428.316999999923,-923130.144,115453.18
1675036800,2023-01-30 00:00:00,23743.37,23800.51,22500.0,22826.15,7020727239.059652,BTCUSD,1375.49532,1383.114104,-7.618784,68.55,572537.407,272331.712,-27873.983000000007,-951004.127,79740.16
1675123200,2023-01-31 00:00:00,22827.38,23320.0,22714.77,23125.13,6083858924.538485,BTCUSD,1321.692633,1370.82981,-49.137177,70.42,403726.966,203885.894,4044.8219999999856,-946959.305,66186.776
1675209600,2023-02-01 00:00:00,23125.13,23812.66,22760.23,23732.66,7212542002.325099,BTCUSD,1312.941437,1359.252135,-46.310698,73.82,571429.711,287213.19,2996.6689999999944,-943962.636,39621.277
1675296000,2023-02-02 00:00:00,23731.41,24255.0,23363.27,23488.94,8673696845.80511,BTCUSD,1271.680741,1341.737856,-70.057116,70.33,615740.338,304399.567,-6941.204000000027,-950903.84,8006.673
1675382400,2023-02-03 00:00:00,23489.33,23715.7,23204.62,23431.9,7806490899.914181,BTCUSD,1220.311696,1317.452624,-97.140928,69.5,470831.438,232037.85,-6755.738000000012,-957659.578,-10332.2
1675468800,2023-02-04 00:00:00,23431.9,23587.78,23253.96,23326.84,3886777607.7960505,BTCUSD,1157.777754,1285.51765,-127.739897,67.91,197118.393,97925.022,-1268.3490000000163,-958927.927,-8934.13
1675555200,2023-02-05 00:00:00,23327.66,23433.33,22743.0,22932.91,4842463016.833934,BTCUSD,1064.16526,1241.247172,-177.081912,62.18,356665.034,168478.328,-19708.377999999968,-978636.305,-30324.937
1675641600,2023-02-06 00:00:00,22932.91,23158.25,22628.13,22762.52,6076050768.117039,BTCUSD,965.102534,1186.018244,-220.915711,59.83,417160.143,205648.867,-5862.408999999985,-984498.714,-39743.489
1675728000,2023-02-07 00:00:00,22762.52,23350.25,22745.78,23240.46,7085929136.45685,BTCUSD,914.617235,1131.738043,-217.120807,63.95,447273.494,227838.755,8404.016000000003,-976094.698,-28775.516
1675814400,2023-02-08 00:00:00,23242.42,23452.0,22665.85,22963.0,6457585647.820655,BTCUSD,842.506677,1073.891769,-231.385093,60.1,383465.481,188193.359,-7078.763000000035,-983173.461,-40568.286
1675900800,2023-02-09 00:00:00,22961.85,23011.39,21688.0,21796.35,9052973327.19716,BTCUSD,683.342488,995.781913,-312.439425,47.22,732295.35,352383.973,-27527.40399999998,-1010700.865,-101633.964
1675987200,2023-02-10 00:00:00,21797.83,21938.16,21451.0,21625.19,7369456394.906654,BTCUSD,537.200032,904.065537,-366.865505,45.67,439986.497,218401.918,-3182.660999999964,-1013883.526,-103611.221
1676073600,2023-02-11 00:00:00,21625.19,21906.32,21599.78,21862.55,3842000897.79758,BTCUSD,435.513721,810.355174,-374.841453,48.2,189249.667,97140.493,5031.319000000018,-1008852.207,-90530.441
1676160000,2023-02-12 00:00:00,21862.02,22090.0,21630.0,21783.54,4469822441.4372015,BTCUSD,344.579047,717.199948,-372.620902,47.41,276787.093,137801.412,-1184.2689999999711,-1010036.476,-90499.71
1676246400,2023-02-13 00:00:00,21782.37,21894.99,21351.07,21773.97,6404813758.2696295,BTCUSD,268.643686,627.488696,-358.84501,47.31,511595.693,254937.184,-1721.3250000000116,-1011757.801,-76335.393
1676332800,2023-02-14 00:00:00,21774.63,22319.08,21532.77,22199.84,7938385476.792083,BTCUSD,240.061239,550.003205,-309.941965,52.21,598791.509,301714.763,4638.016999999993,-1007119.784,-76048.149
1676419200,2023-02-15 00:00:00,22199.84,24380.0,22047.28,24324.05,8604133693.663172,BTCUSD,384.384493,516.879462,-132.494969,68.13,824676.471,438095.939,51515.40700000001,-955604.377,-18355.012
1676505600,2023-02-16 00:00:00,24322.87,25250.0,23505.25,23517.72,11074988148.779009,BTCUSD,428.755196,499.254609,-70.499413,59.97,959463.159,476025.725,-7411.709000000032,-963016.086,-23155.626
1676592000,2023-02-17 00:00:00,23517.72,25021.11,23339.37,24569.97,11968532252.057327,BTCUSD,542.57264,507.918215,34.654424,65.74,922717.148,466655.784,10594.419999999924,-952421.666,-12863.205
1676678400,2023-02-18 00:00:00,24568.24,24877.0,24430.0,24631.95,5339920389.516133,BTCUSD,630.50696,532.435964,98.070996,66.05,261555.556,130552.462,-450.63200000001234,-952872.298,-29742.154
1676764800,2023-02-19 00:00:00,24632.05,25192.0,24192.57,24271.76,7408745406.624342,BTCUSD,663.483,558.645371,104.837629,62.5,543506.628,263715.507,-16075.61400000006,-968947.912,-17943.785
1676851200,2023-02-20 00:00:00,24272.51,25121.23,23840.83,24842.2,8561226688.07291,BTCUSD,727.263055,592.368908,134.894147,65.65,646401.072,325756.247,5111.421999999904,-963836.49,-16877.185
1676937600,2023-02-21 00:00:00,24843.89,25250.0,24148.34,24452.16,9280992344.428871,BTCUSD,737.830983,621.461323,116.36966,61.83,729290.575,357778.843,-13732.888999999966,-977569.379,-33606.743
1677024000,2023-02-22 00:00:00,24450.67,24476.05,23574.69,24182.21,9101745945.990707,BTCUSD,716.167895,640.402637,75.765258,59.26,730414.101,352155.899,-26102.30300000008,-1003671.682,-52767.842
1677110400,2023-02-23 00:00:00,24182.21,24599.59,23608.0,23940.2,9596083721.512953,BTCUSD,671.728292,646.667768,25.060524,56.98,751339.414,369788.469,-11762.476000000024,-1015434.158,-57774.58
1677196800,2023-02-24 00:00:00,23940.2,24132.35,22841.19,23185.29,8087524100.39044,BTCUSD,569.035176,631.14125,-62.106074,50.44,731577.942,350601.005,-30375.93200000003,-1045810.09,-86882.163
1677283200,2023-02-25 00:00:00,23184.04,23219.13,22722.0,23157.07,4406286300.272117,BTCUSD,479.841706,600.881341,-121.039635,50.21,310795.648,151634.042,-7527.564000000013,-1053337.654,-74701.349
1677369600,2023-02-26 00:00:00,23157.07,23689.99,23059.18,23554.85,4716158181.22559,BTCUSD,436.224239,567.949921,-131.725682,53.46,371395.056,189099.315,6803.574000000022,-1046534.08,-62035.366
1677456000,2023-02-27 00:00:00,23554.85,23897.99,23106.77,23492.09,6659785788.329373,BTCUSD,392.073298,532.774596,-140.701298,52.87,576754.966,286691.878,-3371.2099999999627,-1049905.29,-73810.592
1677542400,2023-02-28 00:00:00,23492.09,23600.0,23020.97,23141.57,6172930936.037335,BTCUSD,325.052323,491.230141,-166.177818,49.6,456919.838,221073.577,-14772.684000000008,-1064677.974,-81504.513
1677628800,2023-03-01 00:00:00,23141.57,24000.0,23020.03,23628.97,7441571085.495408,BTCUSD,307.719624,454.528038,-146.808414,53.87,617250.311,314962.841,12675.371000000045,-1052002.603,-41301.738
1677715200,2023-03-02 00:00:00,23629.76,23796.93,23195.9,23465.32,5603770010.239548,BTCUSD,277.578397,419.13811,-141.559713,52.27,419256.601,206750.719,-5755.1630000000005,-1057757.766,-43874.24
1677801600,2023-03-03 00:00:00,23465.32,23476.95,21971.13,22354.34,7167184765.7436495,BTCUSD,162.175004,367.745489,-205.570485,42.94,608518.137,283462.569,-41592.99899999995,-1099350.765,-90498.558
1677888000,2023-03-04 00:00:00,22354.34,22410.0,22157.08,22346.57,2706422995.680256,BTCUSD,69.291263,308.054644,-238.763381,42.88,175309.211,88103.197,897.18299999999,-1098453.582,-88417.106
1677974400,2023-03-05 00:00:00,22346.57,22662.09,22189.22,22430.24,3473011455.187952,BTCUSD,2.403987,246.924512,-244.520525,43.75,282261.745,143873.702,5485.658999999985,-1092967.923,-81210.122
1678060800,2023-03-06 00:00:00,22430.24,22602.19,22258.0,22410.0,4569102169.18569,BTCUSD,-51.642557,187.211098,-238.853655,43.58,298976.397,147055.495,-4865.407000000007,-1097833.33,-90713.546
1678147200,2023-03-07 00:00:00,22409.41,22557.91,21927.0,22197.96,6517594938.246053,BTCUSD,-110.313068,127.706265,-238.019333,41.71,548494.099,270677.072,-7139.9550000000745,-1104973.285,-149368.908
1678233600,2023-03-08 00:00:00,22198.56,22287.0,21580.0,21705.44,6641171704.242421,BTCUSD,-194.312208,63.302571,-257.614778,37.66,547867.967,263516.807,-20834.353000000003,-1125807.638,-162791.552
1678320000,2023-03-09 00:00:00,21704.37,21834.99,20042.72,20362.22,9403028764.707771,BTCUSD,-365.060569,-22.370057,-342.690512,29.3,951903.36,451515.553,-48872.25399999996,-1174679.892,-222258.226
1678406400,2023-03-10 00:00:00,20362.21,20367.78,19549.09,20150.69,12344992788.912497,BTCUSD,-511.551728,-120.206391,-391.345337,28.24,1238135.265,613446.983,-11241.298999999884,-1185921.191,-233048.893
1678492800,2023-03-11 00:00:00,20150.69,20686.51,19765.03,20455.73,8651590672.468525,BTCUSD,-596.16068,-215.397249,-380.763431,32.07,753479.558,385590.707,17701.85600000003,-1168219.335,-199271.423
1678579200,2023-03-12 00:00:00,20455.73,22150.0,20270.6,21997.11,8982418413.80114,BTCUSD,-532.696802,-278.85716,-253.839642,47.34,881522.402,462807.905,44093.40800000005,-1124125.927,-160289.437
1678665600,2023-03-13 00:00:00,21998.05,24500.0,21813.88,24113.48,15824996078.60564,BTCUSD,-308.076536,-284.701035,-23.375501,60.48,1534982.176,792707.751,50433.32600000012,-1073692.601,-96123.222
1678752000,2023-03-14 00:00:00,24112.27,26386.87,23976.42,24670.41,17465307097.88407,BTCUSD,-84.153688,-244.591565,160.437877,63.09,1572562.635,787298.568,2034.500999999931,-1071658.1,-67986.418
1678838400,2023-03-15 00:00:00,24670.41,25196.97,23896.95,24285.66,14291005743.897852,BTCUSD,61.551149,-183.363023,244.914172,60.14,1102056.429,550068.277,-1919.875,-1073577.975,-58143.817
1678924800,2023-03-16 00:00:00,24285.66,25167.4,24123.0,24998.78,10847330151.941004,BTCUSD,231.892988,-100.31182,332.204809,63.54,735446.946,368306.41,1165.8739999999525,-1072412.101,-26602.011
1679011200,2023-03-17 00:00:00,24998.78,27756.84,24890.0,27395.13,16476681071.24338,BTCUSD,553.870862,30.524716,523.346146,72.16,1341159.064,692742.466,44325.86800000002,-1028086.233,25251.421
1679097600,2023-03-18 00:00:00,27395.13,27724.85,26578.0,26907.49,10135945069.642628,BTCUSD,760.920754,176.603924,584.31683,68.61,740232.316,362122.498,-15987.319999999949,-1044073.553,2460.527
1679184000,2023-03-19 00:00:00,26907.49,28390.1,26827.22,27972.87,10264707987.594164,BTCUSD,999.455447,341.174228,658.281219,71.86,759367.078,385924.863,12482.648000000045,-1031590.905,18314.385
1679270400,2023-03-20 00:00:00,27972.87,28472.0,27124.47,27717.01,13300424536.51492,BTCUSD,1154.541312,503.847645,650.693667,69.99,937223.448,463901.53,-9420.38799999992,-1041011.293,23666.681
1679356800,2023-03-21 00:00:00,27717.01,28438.55,27303.1,28105.47,11760492716.33759,BTCUSD,1293.878428,661.853802,632.024627,71.22,685487.714,341214.282,-3059.150000000024,-1044070.443,7932.16
1679443200,2023-03-22 00:00:00,28107.81,28868.05,26601.8,27250.97,6272099822.449624,BTCUSD,1320.135389,793.510119,526.62527,64.91,1080393.27,536538.588,-7316.094000000041,-1051386.537,6371.229
1679529600,2023-03-23 00:00:00,27250.97,28750.0,27105.0,28295.41,3591123573.1149583,BTCUSD,1408.979955,916.604086,492.375868,68.57,808174.047,411445.582,14717.11699999997,-1036669.42,62681.345
1679616000,2023-03-24 00:00:00,28295.42,28374.3,27000.0,27454.47,2403443392.0273013,BTCUSD,1395.447236,1012.372716,383.07452,62.88,696075.37,338210.882,-19653.60600000003,-1056323.026,42130.556
1679702400,2023-03-25 00:00:00,27454.46,27787.33,27156.09,27462.95,1397227639.2141378,BTCUSD,1369.618614,1083.821896,285.796718,62.92,335674.055,166700.041,-2273.972999999998,-1058596.999,34370.924
1679788800,2023-03-26 00:00:00,27462.96,28194.4,27417.76,27968.05,1380973402.9961205,BTCUSD,1374.067202,1141.870957,232.196245,64.94,399756.985,202591.082,5425.179000000004,-1053171.82,44661.51
1679875200,2023-03-27 00:00:00,27968.05,28023.86,26508.14,27124.91,2407130888.034605,BTCUSD,1294.634646,1172.423695,122.210951,59.14,642434.822,309890.679,-22653.46400000004,-1075825.284,29148.001
1679961600,2023-03-28 00:00:00,27124.9,27520.0,26631.78,27261.07,2124533606.765556,BTCUSD,1228.509257,1183.640807,44.86845,59.76,585080.772,292760.916,441.0600000000559,-1075384.224,50423.414
1680048000,2023-03-29 00:00:00,27261.06,28650.0,27240.1,28348.6,2519887866.2111588,BTCUSD,1249.45604,1196.803854,52.652187,64.44,655852.971,336722.192,17591.412999999942,-1057792.811,116887.081
1680134400,2023-03-30 00:00:00,28348.6,29184.68,27686.0,28028.53,2808471938.6424427,BTCUSD,1226.095873,1202.662258,23.433616,62.15,770966.1,381217.0,-8532.099999999977,-1066324.911,119596.28
1680220800,2023-03-31 00:00:00,28028.53,28656.69,27511.71,28465.36,2203253311.777351,BTCUSD,1228.667983,1207.863403,20.80458,64.03,611557.29,307763.883,3970.475999999908,-1062354.435,105864.9
1680307200,2023-04-01 00:00:00,28465.36,28819.71,28220.27,28452.73,860804237.452269,BTCUSD,1215.673733,1209.425469,6.248264,63.93,256487.222,127870.841,-745.5400000000081,-1063099.975,61025.952
1680393600,2023-04-02 00:00:00,28452.74,28530.0,27856.43,28171.87,1053600933.0676804,BTCUSD,1169.234435,1201.387262,-32.152827,61.65,316658.67,153621.035,-9416.599999999977,-1072516.575,1176.026
1680480000,2023-04-03 00:00:00,28171.87,28500.99,27200.24,27800.0,2214361048.7823668,BTCUSD,1089.860917,1179.081993,-89.221076,58.67,741665.563,362467.885,-16729.792999999947,-1089246.368,-17588.268
1680566400,2023-04-04 00:00:00,27800.0,28444.44,27662.79,28165.47,1397141464.875036,BTCUSD,1044.407922,1152.147179,-107.739256,60.68,432370.612,217893.823,3417.033999999985,-1085829.334,-12251.359
1680652800,2023-04-05 00:00:00,28165.47,28775.0,27805.1,28170.01,1721098539.0660567,BTCUSD,997.256683,1121.16908,-123.912397,60.71,543712.838,271962.292,211.74600000004284,-1085617.588,-13205.487
1680739200,2023-04-06 00:00:00,28170.01,28182.05,27711.0,28033.82,1122713087.5561826,BTCUSD,938.08592,1084.552448,-146.466528,59.46,355916.782,173330.31,-9256.162000000011,-1094873.75,-66787.517
1680825600,2023-04-07 00:00:00,28033.83,28100.0,27766.94,27906.33,691323748.9286413,BTCUSD,870.86648,1041.815254,-170.948774,58.25,219250.178,107602.684,-4044.810000000027,-1098918.56,-54845.007
1680912000,2023-04-08 00:00:00,27906.34,28154.99,27859.02,27938.38,545324518.6860753,BTCUSD,810.833968,995.618997,-184.785029,58.48,159129.56,79060.895,-1007.7699999999896,-1099926.33,-68335.425
1680998400,2023-04-09 00:00:00,27938.38,28530.0,27800.0,28323.76,913915923.6951956,BTCUSD,785.302239,953.555645,-168.253406,61.23,305861.88,156920.895,7979.909999999974,-1091946.42,-50935.127
1681084800,2023-04-10 00:00:00,28323.76,29770.0,28170.0,29637.34,1955300943.1708305,BTCUSD,861.136443,935.071805,-73.935362,68.81,580061.925,307108.653,34155.380999999936,-1057791.039,-13720.596
1681171200,2023-04-11 00:00:00,29637.35,30550.0,29590.0,30200.42,2046078278.0821176,BTCUSD,955.655247,939.188493,16.466754,71.4,628978.491,320948.789,12919.08699999994,-1044871.952,6514.585
1681257600,2023-04-12 00:00:00,30200.43,30486.0,29637.4,29888.07,1863497606.1415305,BTCUSD,993.900974,950.13099,43.769985,68.03,563668.43,274095.011,-15478.408000000054,-1060350.36,-23680.94
1681344000,2023-04-13 00:00:00,29888.07,30595.0,29854.59,30373.84,1571091101.1299672,BTCUSD,1051.289952,970.362782,80.92717,70.37,436182.494,221110.303,6038.112000000023,-1054312.248,2010.778
1681430400,2023-04-14 00:00:00,30373.84,31000.0,29966.0,30466.93,2323267494.38023,BTCUSD,1091.698296,994.629885,97.068412,70.81,615391.615,305214.369,-4962.876999999979,-1059275.125,-678.126
1681516800,2023-04-15 00:00:00,30466.93,30595.6,30202.0,30295.09,772211097.614016,BTCUSD,1097.208216,1015.145551,82.062665,68.78,180234.082,88235.857,-3762.367999999988,-1063037.493,-9865.673
1681603200,2023-04-16 00:00:00,30295.1,30549.99,30120.0,30304.65,801322926.1525651,BTCUSD,1089.783927,1030.073226,59.710701,68.83,210226.019,104891.341,-443.33699999999953,-1063480.83,12344.454
1681689600,2023-04-17 00:00:00,30304.66,30316.06,29240.65,29430.27,1675287761.4330356,BTCUSD,1001.796876,1024.417956,-22.62108,58.87,455518.548,216409.834,-22698.880000000005,-1086179.71,-10795.486
1681776000,2023-04-18 00:00:00,29430.27,30485.0,29096.78,30380.01,1861001491.9786973,BTCUSD,997.207399,1018.975845,-21.768446,64.82,533189.27,268618.874,4048.478000000003,-1082131.232,-24338.421
1681862400,2023-04-19 00:00:00,30380.01,30413.53,28520.0,28797.1,2541283888.3034472,BTCUSD,855.975445,986.375765,-130.40032,51.45,643866.11,304917.003,-34032.103999999934,-1116163.336,-49838.425
1681948800,2023-04-20 00:00:00,28797.1,29088.3,28010.0,28243.65,2198854031.424746,BTCUSD,691.419066,927.384425,-235.965359,47.74,639179.286,312317.655,-14543.975999999908,-1130707.312,-68352.877
1682035200,2023-04-21 00:00:00,28243.65,28374.02,27125.0,27262.84,2164667611.9354606,BTCUSD,476.372454,837.182031,-360.809577,41.97,687832.833,335401.125,-17030.582999999984,-1147737.895,-84637.92
1682121600,2023-04-22 00:00:00,27262.84,27882.72,27140.35,27816.85,989379475.3218232,BTCUSD,346.654426,739.07651,-392.422084,45.95,345549.021,176885.971,8222.920999999973,-1139514.974,-66998.399
1682208000,2023-04-23 00:00:00,27816.85,27816.85,27311.25,27590.6,959389698.7572552,BTCUSD,223.024581,635.866124,-412.841543,44.6,332082.355,162384.617,-7313.120999999985,-1146828.095,-57581.727
1682294400,2023-04-24 00:00:00,27590.59,28000.0,26942.82,27510.93,1458406515.6404212,BTCUSD,117.26656,532.146211,-414.879652,44.11,581268.268,286930.069,-7408.130000000005,-1154236.225,-68406.891
1682380800,2023-04-25 00:00:00,27510.93,28399.99,27192.0,28300.79,1446329375.242731,BTCUSD,96.080115,444.932992,-348.852877,49.97,508254.515,262433.053,16611.591000000015,-1137624.634,-52007.046
1682467200,2023-04-26 00:00:00,28300.8,30036.0,27235.0,28415.29,3719701461.909163,BTCUSD,87.520021,373.450398,-285.930377,50.78,1284924.668,646460.662,7996.655999999959,-1129627.978,-34754.228
1682553600,2023-04-27 00:00:00,28415.29,29890.0,28378.86,29472.77,2784859692.36462,BTCUSD,164.173395,331.594997,-167.421602,57.57,952584.739,482300.814,12016.889000000085,-1117611.089,-18692.529
1682640000,2023-04-28 00:00:00,29472.77,29599.54,28891.0,29311.7,1590683771.668198,BTCUSD,209.509646,307.177927,-97.668281,56.3,508350.155,251881.846,-4586.463000000047,-1122197.552,-22271.222
1682726400,2023-04-29 00:00:00,29311.69,29448.88,29031.0,29230.45,599466910.0466621,BTCUSD,236.160445,292.974431,-56.813985,55.63,218013.244,106970.978,-4071.288000000001,-1126268.84,-34322.42
1682812800,2023-04-30 00:00:00,29230.45,29969.39,29079.59,29233.21,1172155267.8761897,BTCUSD,254.569585,285.293461,-30.723877,55.65,417798.846,209537.432,1276.0179999999818,-1124992.822,-67201.783
1682899200,2023-05-01 00:00:00,29233.2,29337.34,27666.95,28068.26,1828221138.95444,BTCUSD,173.161138,262.866997,-89.705859,46.47,624974.488,299961.517,-25051.454000000027,-1150044.276,-105172.324
1682985600,2023-05-02 00:00:00,28068.26,28879.88,27872.0,28669.86,1441733922.0116444,BTCUSD,155.397128,241.373023,-85.975895,50.97,513546.269,261246.324,8946.379000000015,-1141097.897,-80747.537
1683072000,2023-05-03 00:00:00,28669.85,29266.66,28113.69,29026.16,1845961218.843244,BTCUSD,168.131341,226.724686,-58.593346,53.46,676466.23,342465.824,8465.418000000063,-1132632.479,-78320.231
1683158400,2023-05-04 00:00:00,29026.16,29379.83,28663.64,28838.16,1233816136.1606576,BTCUSD,161.19511,213.618771,-52.423661,51.96,426425.584,210626.637,-5172.309999999998,-1137804.789,-78529.664
1683244800,2023-05-05 00:00:00,28838.16,29677.0,28800.0,29505.61,1709786814.901134,BTCUSD,207.167635,212.328544,-5.160909,56.62,578485.177,295386.667,12288.157000000008,-1125516.632,-62479.139
1683331200,2023-05-06 00:00:00,29505.6,29820.0,28300.0,28848.2,1429517892.780502,BTCUSD,188.382148,207.539265,-19.157117,51.34,475628.901,230364.328,-14900.244999999995,-1140416.877,-76936.047
1683417600,2023-05-07 00:00:00,28848.19,29138.29,28395.23,28430.1,865838535.326382,BTCUSD,138.164661,193.664344,-55.499683,48.25,308410.643,150881.809,-6647.024999999965,-1147063.902,-60884.192
1683504000,2023-05-08 00:00:00,28430.09,28631.01,27262.0,27668.79,1903052694.6684127,BTCUSD,36.514669,162.234409,-125.71974,43.17,658188.777,317479.47,-23229.837000000058,-1170293.739,-88162.507
1683590400,2023-05-09 00:00:00,27668.8,27818.0,27353.0,27628.27,1106923908.3058467,BTCUSD,-46.774125,120.432702,-167.206827,42.91,367664.686,184389.401,1114.1160000000382,-1169179.623,-53016.287
1683676800,2023-05-10 00:00:00,27628.28,28331.42,26777.0,27598.75,1971173412.435502,BTCUSD,-113.850712,73.576019,-187.426731,42.71,722502.676,357840.011,-6822.65399999998,-1176002.277,-45294.965
1683763200,2023-05-11 00:00:00,27598.74,27630.14,26702.05,26968.62,1295799109.011004,BTCUSD,-215.372929,15.78623,-231.159159,38.55,538822.363,263065.114,-12692.13500000001,-1188694.412,-40956.517
1683849600,2023-05-12 00:00:00,26968.61,27091.12,25811.46,26795.01,1777052127.731093,BTCUSD,-306.307967,-48.63261,-257.675357,37.47,615645.508,300548.409,-14548.69000000006,-1203243.102,-63728.128
1683936000,2023-05-13 00:00:00,26795.01,27045.45,26692.03,26775.28,612062852.0866882,BTCUSD,-375.63658,-114.033404,-261.603177,37.34,242694.929,122878.742,3062.554999999993,-1200180.547,-53352.452
1684022400,2023-05-14 00:00:00,26775.27,27200.0,26560.53,26917.62,580801698.0002693,BTCUSD,-414.318354,-174.090394,-240.22796,38.97,247579.427,126373.637,5167.847000000009,-1195012.7,-40776.475
1684108800,2023-05-15 00:00:00,26917.61,27663.59,26726.0,27162.14,1104633264.131574,BTCUSD,-420.397141,-223.351743,-197.045398,41.76,450263.076,225840.552,1418.0279999999912,-1193594.672,-55970.038
1684195200,2023-05-16 00:00:00,27162.15,27296.89,26852.11,27033.84,900273404.6010331,BTCUSD,-430.603631,-264.802121,-165.80151,40.71,373172.951,183965.66,-5241.630999999994,-1198836.303,-69208.325
1684281600,2023-05-17 00:00:00,27033.85,27500.0,26544.71,27405.61,1159714527.6352637,BTCUSD,-404.036138,-292.648924,-111.387214,45.03,490065.218,247031.532,3997.84600000002,-1194838.457,-77227.368
1684368000,2023-05-18 00:00:00,27405.62,27485.33,26361.2,26821.28,1330745572.6946373,BTCUSD,-425.22997,-319.165133,-106.064837,40.08,544971.979,265355.239,-14261.501000000047,-1209099.958,-86902.406
1684454400,2023-05-19 00:00:00,26821.28,27183.6,26630.0,26880.26,772864757.1633048,BTCUSD,-432.283941,-341.788895,-90.495046,40.79,324097.956,160983.349,-2131.2580000000307,-1211231.216,-84962.376
1684540800,2023-05-20 00:00:00,26880.26,27150.0,26825.11,27102.43,389225653.7451669,BTCUSD,-415.161281,-356.463372,-58.697909,43.49,137515.354,71584.598,5653.842000000004,-1205577.374,-80584.552
1684627200,2023-05-21 00:00:00,27102.42,27277.55,26666.03,26747.78,575213570.2794422,BTCUSD,-425.306077,-370.231913,-55.074164,40.33,238776.425,114149.339,-10477.746999999974,-1216055.121,-66010.845
1684713600,2023-05-22 00:00:00,26747.78,27099.89,26538.21,26849.27,709594996.7242744,BTCUSD,-420.311418,-380.247814,-40.063604,41.64,328030.52,166204.584,4378.6479999999865,-1211676.473,-70578.576
1684800000,2023-05-23 00:00:00,26849.28,27495.83,26798.11,27219.61,1054565781.6023751,BTCUSD,-382.065557,-380.611363,-1.454195,46.27,369176.618,188440.253,7703.887999999977,-1203972.585,-71340.106
1684886400,2023-05-24 00:00:00,27219.61,27219.61,26080.5,26329.01,1442636235.4543552,BTCUSD,-418.791843,-388.247459,-30.544384,38.38,535191.677,254297.783,-26596.11100000004,-1230568.696,-92763.907
1684972800,2023-05-25 00:00:00,26329.0,26631.98,25871.89,26473.79,984117789.7017612,BTCUSD,-431.24404,-396.846775,-34.397265,40.17,394535.225,198963.797,3392.369000000006,-1227176.327,-101659.695
1685059200,2023-05-26 00:00:00,26473.8,26932.16,26327.24,26705.92,932817724.59401,BTCUSD,-417.56808,-400.991036,-16.577044,43.02,324475.546,164118.278,3761.010000000009,-1223415.317,-82998.44
1685145600,2023-05-27 00:00:00,26705.93,26895.0,26551.0,26854.27,403337263.0344908,BTCUSD,-390.260497,-398.844928,8.584431,44.83,163681.935,83391.193,3100.451000000001,-1220314.866,-73250.964
1685232000,2023-05-28 00:00:00,26854.28,28261.32,26764.36,28065.0,1205762341.9704952,BTCUSD,-267.835805,-372.643103,104.807299,56.87,440115.394,234226.791,28338.188000000024,-1191976.678,-21682.939
1685318400,2023-05-29 00:00:00,28065.01,28447.14,27524.6,27736.4,1182678581.6346693,BTCUSD,-195.079868,-337.130456,142.050588,53.46,411290.549,203499.742,-4291.065000000002,-1196267.743,-27088.12
1685404800,2023-05-30 00:00:00,27736.39,28038.59,27554.0,27694.4,908653906.0072744,BTCUSD,-139.204649,-297.545295,158.340646,53.02,334379.313,163458.305,-7462.703000000038,-1203730.446,-27728.169
1685491200,2023-05-31 00:00:00,27694.39,27835.51,26839.01,27210.35,1265952178.7798684,BTCUSD,-132.455065,-264.527249,132.072184,48.13,471381.89,226645.195,-18091.5,-1221821.946,-33127.534
1685577600,2023-06-01 00:00:00,27210.36,27350.0,26605.05,26817.93,1055132509.8658342,BTCUSD,-156.96163,-243.014125,86.052495,44.54,404787.572,198133.029,-8521.513999999966,-1230343.46,-27100.358
1685664000,2023-06-02 00:00:00,26817.93,27300.0,26505.0,27242.59,983857061.640842,BTCUSD,-140.497182,-222.510736,82.013555,48.97,391110.093,194556.455,-1997.183000000019,-1232340.643,-32160.096
1685750400,2023-06-03 00:00:00,27242.59,27333.29,26914.93,27069.22,450588672.4704081,BTCUSD,-139.826664,-205.973922,66.147258,47.31,182464.1,89636.349,-3191.402000000002,-1235532.045,-40519.345
1685836800,2023-06-04 00:00:00,27069.22,27455.02,26951.0,27115.21,523747237.4389696,BTCUSD,-134.039145,-191.586966,57.547822,47.82,218271.544,111312.095,4352.646000000008,-1231179.399,-37584.727
1685923200,2023-06-05 00:00:00,27115.2,27129.33,25388.0,25728.2,1722665798.0920303,BTCUSD,-238.621924,-200.993958,-37.627966,36.45,700502.548,327803.659,-44895.22999999998,-1276074.629,-77238.326
1686009600,2023-06-06 00:00:00,25728.2,27355.33,25351.02,27230.08,1797636024.0812123,BTCUSD,-198.03257,-200.40168,2.36911,50.24,731445.649,379390.882,27336.11499999999,-1248738.514,-53900.057
1686096000,2023-06-07 00:00:00,27230.07,27391.77,26125.01,26339.34,1589291467.5372329,BTCUSD,-235.031195,-207.327583,-27.703612,44.13,660044.537,323613.299,-12817.939000000011,-1261556.453,-52456.495
1686182400,2023-06-08 00:00:00,26339.34,26810.0,26210.0,26498.61,823023638.236875,BTCUSD,-248.635004,-215.589068,-33.045937,45.41,333104.839,166478.53,-147.77899999998044,-1261704.232,-50473.016
1686268800,2023-06-09 00:00:00,26498.62,26783.33,26269.91,26477.81,741158215.0539023,BTCUSD,-258.119072,-224.095068,-34.024003,45.26,283719.198,141906.325,93.45200000004844,-1261610.78,-56033.406
1686355200,2023-06-10 00:00:00,26477.8,26533.87,25358.0,25841.21,1673795235.4008925,BTCUSD,-313.390987,-241.954252,-71.436735,40.93,608917.569,294120.11,-20677.34900000005,-1282288.129,-66233.008
1686441600,2023-06-11 00:00:00,25841.22,26206.88,25634.7,25925.55,776111471.8669971,BTCUSD,-346.395809,-262.842563,-83.553246,41.72,279365.563,139779.833,194.1030000000028,-1282094.026,-70417.553
1686528000,2023-06-12 00:00:00,25925.54,26106.48,25602.11,25905.19,773303698.8633221,BTCUSD,-369.930917,-284.260234,-85.670683,41.58,298900.468,149288.623,-323.22200000000885,-1282417.248,-78444.663
1686614400,2023-06-13 00:00:00,25905.2,26433.21,25712.57,25934.25,1068985236.5126554,BTCUSD,-381.836191,-303.775425,-78.060765,41.89,434536.754,218491.456,2446.157999999996,-1279971.09,-49402.394
1686700800,2023-06-14 00:00:00,25934.24,26098.0,24820.56,25128.6,1152808416.919793,BTCUSD,-451.080651,-333.236471,-117.84418,36.13,464681.602,221420.452,-21840.69800000004,-1301811.788,-74635.461
1686787200,2023-06-15 00:00:00,25128.6,25759.01,24800.0,25598.49,1224436974.8502872,BTCUSD,-462.707386,-359.130654,-103.576732,41.21,473971.375,237713.113,1454.8510000000242,-1300356.937,-76941.62
1686873600,2023-06-16 00:00:00,25598.49,26518.0,25175.56,26345.0,1335158158.639614,BTCUSD,-406.992977,-368.703118,-38.289859,48.24,533144.956,274629.941,16114.925999999978,-1284242.011,-63927.145
1686960000,2023-06-17 00:00:00,26345.01,26839.99,26181.0,26516.99,738491809.8811625,BTCUSD,-344.98399,-363.959293,18.975302,49.74,305738.396,156475.286,7212.175999999978,-1277029.835,-85053.157
1687046400,2023-06-18 00:00:00,26516.99,26700.0,26255.85,26339.97,571013013.8553362,BTCUSD,-306.591263,-352.485687,45.894424,48.2,241977.484,119732.659,-2512.165999999997,-1279542.001,-83274.258
1687132800,2023-06-19 00:00:00,26339.98,27068.09,26256.61,26844.35,954193987.2948112,BTCUSD,-232.782132,-328.544976,95.762844,52.69,400533.758,203794.841,7055.923999999999,-1272486.077,-68755.631
1687219200,2023-06-20 00:00:00,26844.35,28402.74,26652.0,28307.99,1912797983.531005,BTCUSD,-55.54407,-273.944795,218.400724,62.79,758176.297,395772.351,33368.40500000003,-1239117.672,-17295.726
1687305600,2023-06-21 00:00:00,28308.0,30800.0,28257.99,29993.89,3210301129.3662906,BTCUSD,218.438389,-175.468158,393.906547,70.57,1123474.427,581214.692,38954.95700000017,-1200162.715,30180.745
1687392000,2023-06-22 00:00:00,29993.89,30500.0,29525.61,29884.92,1775822103.7632556,BTCUSD,421.914921,-55.991542,477.906463,69.56,561051.742,277243.344,-6565.054000000004,-1206727.769,25612.874
1687478400,2023-06-23 00:00:00,29884.92,31431.94,29800.0,30688.5,2265077496.195469,BTCUSD,640.628957,83.332558,557.296399,72.68,699073.071,356076.567,13080.062999999966,-1193647.706,41884.339
1687564800,2023-06-24 00:00:00,30688.51,30800.0,30250.0,30527.43,933244397.704002,BTCUSD,791.836604,225.033367,566.803237,71.11,279539.288,137317.493,-4904.302000000025,-1198552.008,32627.391
1687651200,2023-06-25 00:00:00,30527.44,31046.01,30277.49,30462.66,926316644.4167664,BTCUSD,896.113517,359.249397,536.86412,70.45,301533.154,149888.559,-1756.0359999999637,-1200308.044,75766.585
1687737600,2023-06-26 00:00:00,30462.67,30666.0,29930.0,30267.99,1367837657.5451825,BTCUSD,952.070603,477.813638,474.256965,68.39,415099.356,203410.601,-8278.154000000039,-1208586.198,40152.316
1687824000,2023-06-27 00:00:00,30267.99,30994.97,30226.17,30692.44,1306206257.0193572,BTCUSD,1018.921076,586.035126,432.88595,70.42,406073.348,203324.1,574.8520000000135,-1208011.346,53545.107
1687910400,2023-06-28 00:00:00,30692.44,30709.74,29858.8,30077.41,1224103637.6132562,BTCUSD,1010.622944,670.952689,339.670255,64.02,416656.434,201233.626,-14189.18200000003,-1222200.528,39503.704
1687996800,2023-06-29 00:00:00,30077.4,30843.98,30049.98,30447.31,1107940389.9242406,BTCUSD,1022.112181,741.184588,280.927593,66.02,382072.846,193794.917,5516.987999999954,-1216683.54,44927.24
1688083200,2023-06-30 00:00:00,30447.31,31282.0,29500.0,30472.0,2726355505.5063505,BTCUSD,1021.43529,797.234728,224.200562,66.15,809331.305,399225.344,-10880.617000000086,-1227564.157,54723.972
1688169600,2023-07-01 00:00:00,30471.99,30661.6,30320.57,30585.9,533859338.1325383,BTCUSD,1018.350715,841.457926,176.892789,66.81,135520.246,67492.25,-535.7460000000137,-1228099.903,53994.123
1688256000,2023-07-02 00:00:00,30585.9,30791.0,30155.0,30617.03,711031423.4334425,BTCUSD,1006.812193,874.528779,132.283414,67.0,231866.188,114887.432,-2091.323999999993,-1230191.227,52226.021
1688342400,2023-07-03 00:00:00,30617.02,31380.0,30570.27,31156.2,1352635339.5043936,BTCUSD,1029.309109,905.484845,123.824264,70.16,370293.236,190651.257,11009.27800000005,-1219181.949,60789.141
1688428800,2023-07-04 00:00:00,31156.2,31350.69,30620.0,30766.51,1028794008.5245212,BTCUSD,1004.118498,925.211576,78.906923,65.29,300832.26,146764.589,-7303.081999999995,-1226485.031,75326.757
1688515200,2023-07-05 00:00:00,30766.52,30878.07,30200.0,30504.81,1013694790.31705,BTCUSD,952.062966,930.581854,21.481112,62.18,294896.578,142172.294,-10551.98999999999,-1237037.021,63319.916
1688601600,2023-07-06 00:00:00,30504.8,31500.0,29850.45,29895.43,2181763648.99527,BTCUSD,851.817486,914.82898,-63.011494,55.53,721267.219,352481.399,-16304.42100000009,-1253341.442,30900.569
1688688000,2023-07-07 00:00:00,29895.42,30449.0,29701.02,30344.7,1027461795.2332093,BTCUSD,799.409461,891.745076,-92.335615,59.01,337801.654,167599.954,-2601.7459999999846,-1255943.188,21086.647
1688774400,2023-07-08 00:00:00,30344.7,30386.81,30044.47,30284.63,395759717.5724279,BTCUSD,744.447054,862.285472,-117.838418,58.35,138734.493,69726.478,718.4630000000179,-1255224.725,24317.276
1688860800,2023-07-09 00:00:00,30284.63,30445.52,30061.12,30160.71,465781514.2589476,BTCUSD,683.016256,826.431629,-143.415373,56.94,162296.263,78952.884,-4390.494999999995,-1259615.22,12870.857
1688947200,2023-07-10 00:00:00,30160.71,31045.78,29950.0,30411.57,1254289037.7420728,BTCUSD,647.114676,790.568238,-143.453562,59.09,429115.537,215576.274,2037.0109999999984,-1257578.209,-18460.537
1689033600,2023-07-11 00:00:00,30411.57,30813.63,30300.0,30622.1,868966244.2412691,BTCUSD,628.406548,758.1359,-129.729352,60.86,298904.747,149847.078,789.4090000000433,-1256788.8,-56626.085
1689120000,2023-07-12 00:00:00,30622.1,30983.25,30210.0,30380.0,1166497472.4331727,BTCUSD,587.275034,723.963727,-136.688693,57.77,425058.257,210415.824,-4226.608999999997,-1261015.409,-54287.64
1689206400,2023-07-13 00:00:00,30380.0,31804.2,30251.0,31454.23,2194927210.224416,BTCUSD,634.050456,705.981073,-71.930616,66.02,696023.51,357741.915,19460.31999999995,-1241555.089,-47907.383
1689292800,2023-07-14 00:00:00,31454.23,31630.0,29900.0,30312.01,1869443273.7476244,BTCUSD,572.354956,679.255849,-106.900893,53.95,538692.246,255020.318,-28651.610000000044,-1270206.699,-71654.691
1689379200,2023-07-15 00:00:00,30312.0,30390.9,30200.0,30289.52,427921094.3021783,BTCUSD,515.701388,646.544957,-130.843569,53.74,111622.474,53712.592,-4197.290000000008,-1274403.989,-74095.945
1689465600,2023-07-16 00:00:00,30289.52,30441.46,30064.29,30231.99,477189328.0072937,BTCUSD,460.848463,609.405658,-148.557195,53.17,173805.94,84384.358,-5037.2240000000165,-1279441.213,-70855.015
1689552000,2023-07-17 00:00:00,30232.0,30336.96,29659.2,30138.0,929647644.243343,BTCUSD,405.122912,568.549109,-163.426197,52.21,344113.427,166025.109,-12063.209000000032,-1291504.422,-83493.076
1689638400,2023-07-18 00:00:00,30138.01,30239.78,29512.0,29859.13,897157095.477411,BTCUSD,334.600468,521.759381,-187.158913,49.34,337396.417,163290.524,-10815.369000000006,-1302319.791,-80119.263
1689724800,2023-07-19 00:00:00,29859.14,30189.09,29761.96,29909.21,769254865.285115,BTCUSD,279.529715,473.313448,-193.783733,49.87,298418.854,147856.002,-2706.8499999999767,-1305026.641,-88343.101
1689811200,2023-07-20 00:00:00,29909.21,30417.46,29570.96,29800.0,1125950643.7116497,BTCUSD,224.485682,423.547895,-199.062213,48.67,410263.764,200648.876,-8966.012000000046,-1313992.653,-86428.496
1689897600,2023-07-21 00:00:00,29800.0,30061.7,29726.34,29901.72,713123417.7612139,BTCUSD,186.916189,376.221553,-189.305365,49.88,221145.074,108699.528,-3746.017999999982,-1317738.671,-89638.768
1689984000,2023-07-22 00:00:00,29901.72,29999.0,29625.1,29794.0,437785700.3396102,BTCUSD,146.758253,330.328893,-183.57064,48.57,143375.956,70822.324,-1731.308000000019,-1319469.979,-89278.752
1690070400,2023-07-23 00:00:00,29793.99,30350.0,29730.0,30083.75,548940321.0915866,BTCUSD,136.736985,291.610512,-154.873527,52.2,224713.846,117355.884,9997.92200000002,-1309472.057,-90290.108
1690156800,2023-07-24 00:00:00,30083.75,30099.58,28861.9,29176.5,1162562413.8190155,BTCUSD,54.954088,244.279227,-189.325139,42.17,434182.417,208034.404,-18113.609,-1327585.666,-101100.635
1690243200,2023-07-25 00:00:00,29176.5,29376.0,29047.65,29228.91,629531351.1145664,BTCUSD,-5.566234,194.310135,-199.876368,42.85,196438.618,100298.496,4158.374000000011,-1323427.292,-86390.271
1690329600,2023-07-26 00:00:00,29228.91,29690.0,29096.94,29351.96,995569172.1396836,BTCUSD,-43.103053,146.827497,-189.93055,44.51,318527.582,160070.531,1613.4799999999814,-1321813.812,-68472.37
1690416000,2023-07-27 00:00:00,29351.95,29567.49,29083.85,29222.78,659594157.3443576,BTCUSD,-82.325996,100.996799,-183.322795,43.1,223376.534,111542.753,-291.02800000002026,-1322104.84,-66161.652
1690502400,2023-07-28 00:00:00,29222.78,29542.22,29123.12,29314.14,702705076.837866,BTCUSD,-104.830057,59.831427,-164.661485,44.44,221299.867,112240.463,3181.0590000000084,-1318923.781,-63699.056
1690588800,2023-07-29 00:00:00,29314.14,29406.92,29256.18,29352.9,318276733.8766431,BTCUSD,-118.174834,24.230175,-142.405009,45.03,87100.719,44071.975,1043.2309999999998,-1317880.55,-58265.33
1690675200,2023-07-30 00:00:00,29352.9,29449.0,29033.24,29281.09,459830379.6509824,BTCUSD,-133.011854,-7.218231,-125.793624,44.1,169901.253,83278.757,-3343.7390000000014,-1321224.289,-63646.08
1690761600,2023-07-31 00:00:00,29281.09,29530.0,29101.8,29232.25,663025204.2072345,BTCUSD,-147.016564,-35.177897,-111.838667,43.43,230381.722,115578.265,774.80799999999,-1320449.481,-63660.681
1690848000,2023-08-01 00:00:00,29232.26,29739.25,28585.7,29705.99,1299160215.077924,BTCUSD,-118.522288,-51.846775,-66.675512,51.11,442328.643,221882.504,1436.3649999999907,-1319013.116,-57997.707
1690934400,2023-08-02 00:00:00,29705.99,30047.5,28927.5,29186.01,1419729744.649752,BTCUSD,-136.326917,-68.742804,-67.584113,44.04,491725.492,238648.722,-14428.04800000001,-1333441.164,-91886.075
1691020800,2023-08-03 00:00:00,29186.0,29433.33,28968.0,29193.64,773302705.4947629,BTCUSD,-148.114169,-84.617077,-63.497092,44.17,251967.942,123472.495,-5022.952000000019,-1338464.116,-68257.417
1691107200,2023-08-04 00:00:00,29193.65,29333.08,28807.54,29113.99,686643453.3930904,BTCUSD,-162.015131,-100.096688,-61.918443,43.11,229395.673,111254.721,-6886.231,-1345350.347,-70946.358
1691193600,2023-08-05 00:00:00,29114.0,29152.23,28978.64,29072.13,338478560.12182474,BTCUSD,-174.39913,-114.957176,-59.441954,42.53,82508.624,40766.797,-975.0299999999988,-1346325.377,-66884.164
1691280000,2023-08-06 00:00:00,29072.13,29205.09,28991.88,29088.42,383209498.87775046,BTCUSD,-180.814753,-128.128691,-52.686061,42.85,103094.44,51472.485,-149.47000000000116,-1346474.847,-54970.425
1691366400,2023-08-07 00:00:00,29088.43,29276.78,28701.03,29211.06,899492595.6812717,BTCUSD,-173.997423,-137.302438,-36.694985,45.32,297752.439,148860.265,-31.9089999999851,-1346506.756,-44186.965
1691452800,2023-08-08 00:00:00,29211.06,30244.0,29146.45,29770.42,1352934531.6659672,BTCUSD,-122.052022,-134.252355,12.200332,54.89,459269.801,240202.606,21135.411000000026,-1325371.345,-20344.704
1691539200,2023-08-09 00:00:00,29770.41,30160.0,29376.67,29581.99,1130396850.0974116,BTCUSD,-94.994606,-126.400805,31.406199,51.62,362009.701,178555.799,-4898.103000000003,-1330269.448,-16276.795
1691625600,2023-08-10 00:00:00,29581.99,29738.0,29320.2,29455.75,692863472.0877249,BTCUSD,-82.783643,-117.677373,34.893729,49.48,234546.038,115230.163,-4085.712,-1334355.16,-16616.489
1691712000,2023-08-11 00:00:00,29455.76,29564.52,29252.45,29426.03,607176051.3015367,BTCUSD,-74.644073,-109.070713,34.42664,48.97,179044.008,88423.189,-2197.6300000000047,-1336552.79,-17082.811
1691798400,2023-08-12 00:00:00,29426.02,29481.35,29381.56,29430.17,263949405.54340288,BTCUSD,-67.086015,-100.673773,33.587758,49.05,56238.035,28814.601,1391.166999999994,-1335161.623,-25689.566
1691884800,2023-08-13 00:00:00,29430.18,29474.65,29272.32,29303.84,326264625.2296824,BTCUSD,-70.477554,-94.634529,24.156976,46.67,84190.505,40100.62,-3989.265,-1339150.888,-11565.222
1691971200,2023-08-14 00:00:00,29303.85,29695.32,29102.45,29430.93,924613476.681799,BTCUSD,-62.193345,-88.146292,25.952947,49.33,295035.383,147796.69,557.9970000000321,-1338592.891,-15165.599
1692057600,2023-08-15 00:00:00,29430.92,29499.26,29059.6,29200.0,806683957.3100157,BTCUSD,-73.415879,-85.20021,11.784331,44.94,191289.959,92794.87,-5700.219000000012,-1344293.11,-22479.298
1692144000,2023-08-16 00:00:00,29200.01,29259.85,28723.08,28730.51,959870747.0063144,BTCUSD,-118.824008,-91.924969,-26.899039,37.61,272023.138,129400.59,-13221.957999999984,-1357515.068,-35410.228
1692230400,2023-08-17 00:00:00,28730.51,28783.48,25166.0,26623.41,2755821274.340605,BTCUSD,-321.133807,-137.766737,-183.36707,21.03,868508.22,404833.686,-58840.848,-1416355.916,-97432.135
1692316800,2023-08-18 00:00:00,26623.41,26832.6,25619.0,26054.0,1834219523.699404,BTCUSD,-521.402011,-214.493792,-306.908219,18.64,522375.316,254129.696,-14115.924,-1430471.84,-112591.29
1692403200,2023-08-19 00:00:00,26054.0,26281.0,25801.09,26100.01,680623880.8247553,BTCUSD,-668.695082,-305.33405,-363.361032,19.43,202219.153,97242.835,-7733.482999999978,-1438205.323,-116981.034
1692489600,2023-08-20 00:00:00,26100.01,26299.0,25971.05,26189.99,497880752.23011583,BTCUSD,-769.297288,-398.126697,-371.17059,21.06,141089.85,69192.184,-2705.482000000018,-1440910.805,-120461.324
1692576000,2023-08-21 00:00:00,26190.0,26258.42,25812.0,26126.92,788205156.3215923,BTCUSD,-844.380984,-487.377555,-357.003429,20.75,232505.265,113423.308,-5658.649000000005,-1446569.454,-127556.338
1692662400,2023-08-22 00:00:00,26126.92,26139.42,25300.0,26056.0,886782344.160293,BTCUSD,-899.242103,-569.750464,-329.491638,20.37,313113.576,154599.135,-3915.3059999999823,-1450484.76,-117043.596
1692748800,2023-08-23 00:00:00,26055.99,26819.27,25812.82,26432.72,1156326251.922411,BTCUSD,-901.924949,-636.185361,-265.739588,27.76,412969.028,209031.027,5093.026000000013,-1445391.734,-106927.618
1692835200,2023-08-24 00:00:00,26432.71,26577.87,25864.0,26180.05,792966965.8982657,BTCUSD,-913.904559,-691.729201,-222.175358,26.02,286753.337,142054.02,-2645.2970000000205,-1448037.031,-102686.684
1692921600,2023-08-25 00:00:00,26180.05,26314.05,25777.15,26060.01,722611079.1898074,BTCUSD,-922.451267,-737.873614,-184.577653,25.21,274830.494,136225.91,-2378.673999999999,-1450415.705,-104090.328
1693008000,2023-08-26 00:00:00,26060.0,26125.77,25985.92,26017.37,261041530.4758038,BTCUSD,-922.036622,-774.706216,-147.330406,24.91,63925.862,31589.486,-746.8899999999994,-1451162.595,-104687.748
1693094400,2023-08-27 00:00:00,26017.38,26182.23,25966.11,26101.77,315548363.0193776,BTCUSD,-904.471454,-800.659263,-103.812191,26.75,86505.398,43815.989,1126.5800000000015,-1450036.015,-103529.259
1693180800,2023-08-28 00:00:00,26101.78,26253.99,25864.5,26120.0,591008939.17657,BTCUSD,-878.947958,-816.317002,-62.630956,27.16,219992.051,109259.071,-1473.9090000000142,-1451509.924,-126138.579
1693267200,2023-08-29 00:00:00,26120.0,28142.85,25922.0,27716.34,2023326050.758479,BTCUSD,-721.591055,-797.371813,75.780758,52.52,700233.946,359112.466,17990.986000000034,-1433518.938,-103249.49
1693353600,2023-08-30 00:00:00,27716.34,27768.57,27017.24,27299.99,969086451.1625257,BTCUSD,-623.295577,-762.556566,139.260988,47.84,315313.916,153659.355,-7995.206000000006,-1441514.144,-107158.984
1693440000,2023-08-31 00:00:00,27299.99,27587.51,25655.01,25940.78,1360373186.0116708,BTCUSD,-647.607376,-739.566728,91.959352,36.43,502906.277,242515.16,-17875.956999999995,-1459390.101,-122837.311
1693526400,2023-09-01 00:00:00,25940.77,26156.0,25333.75,25805.05,1059444591.7097492,BTCUSD,-670.102405,-725.673863,55.571458,35.52,361184.924,180488.71,-207.50400000001537,-1459597.605,-124435.982
1693612800,2023-09-02 00:00:00,25805.04,25987.5,25752.47,25869.51,419812969.94685984,BTCUSD,-674.948112,-715.528713,40.580601,36.34,107642.864,53671.502,-299.8600000000006,-1459897.465,-120746.577
1693699200,2023-09-03 00:00:00,25869.52,26135.0,25800.0,25971.21,453100690.1021077,BTCUSD,-662.94007,-705.010984,42.070915,37.67,133016.832,66887.107,757.3820000000123,-1459140.083,-120547.192
1693785600,2023-09-04 00:00:00,25971.21,26108.02,25631.21,25826.02,563532890.5699993,BTCUSD,-657.559295,-695.520646,37.961352,36.49,173147.873,84103.786,-4940.301000000007,-1464080.384,-119787.274
1693872000,2023-09-05 00:00:00,25826.03,25915.49,25562.62,25792.1,548893707.6002005,BTCUSD,-648.555904,-686.127698,37.571794,36.21,186639.945,93238.333,-163.27900000000955,-1464243.663,-106728.595
1693958400,2023-09-06 00:00:00,25792.11,26040.0,25372.51,25759.95,700763180.8011677,BTCUSD,-636.675687,-676.237296,39.561609,35.92,251122.66,124310.307,-2502.046000000002,-1466745.709,-50389.793
1694044800,2023-09-07 00:00:00,25759.95,26443.14,25615.38,26255.0,718923008.9071183,BTCUSD,-580.621093,-657.114055,76.492962,43.35,257349.902,132934.158,8518.41399999999,-1458227.295,-27755.455
1694131200,2023-09-08 00:00:00,26255.0,26445.5,25647.26,25910.5,754184537.1096923,BTCUSD,-557.568393,-637.204923,79.63653,39.89,249269.761,121841.513,-5586.734999999986,-1463814.03,-25608.707
1694217600,2023-09-09 00:00:00,25910.5,25945.09,25796.64,25901.61,284109473.8075783,BTCUSD,-533.862279,-616.536394,82.674115,39.8,67909.81,34217.008,524.2060000000056,-1463289.824,-22379.019
1694304000,2023-09-10 00:00:00,25901.6,26033.66,25570.57,25841.61,483577459.20553446,BTCUSD,-513.991537,-596.027423,82.035886,39.17,162972.413,81967.899,963.3850000000092,-1462326.439,-15756.985
1694390400,2023-09-11 00:00:00,25841.6,25900.69,24901.0,25162.52,1057371884.6697066,BTCUSD,-546.73826,-586.16959,39.43133,32.82,427216.374,208470.984,-10274.406000000015,-1472600.845,-22116.085
1694476800,2023-09-12 00:00:00,25162.53,26567.0,25131.48,25840.1,1464393036.9616623,BTCUSD,-512.111923,-571.358057,59.246134,42.78,592049.678,305085.164,18120.650000000023,-1454480.195,-9088.461
1694563200,2023-09-13 00:00:00,25840.1,26405.22,25764.17,26222.0,825437881.4687591,BTCUSD,-448.682036,-546.822853,98.140816,47.5,335252.718,171304.942,7357.166000000026,-1447123.029,914.002
1694649600,2023-09-14 00:00:00,26222.0,26860.49,26126.77,26522.73,1015267319.7730228,BTCUSD,-369.883213,-511.434925,141.551712,50.94,380666.471,191608.892,2551.312999999965,-1444571.716,5843.989
1694736000,2023-09-15 00:00:00,26522.73,26888.0,26224.0,26600.0,695203258.0004445,BTCUSD,-297.767061,-468.701352,170.934291,51.81,251656.77,128322.454,4988.138000000006,-1439583.578,11579.017
1694822400,2023-09-16 00:00:00,26599.99,26777.0,26445.0,26559.67,370889866.4592735,BTCUSD,-241.089654,-423.179012,182.089359,51.3,140482.465,66039.01,-8404.445000000007,-1447988.023,2047.992
1694908800,2023-09-17 00:00:00,26559.67,26623.25,26399.0,26527.51,344703727.5601071,BTCUSD,-196.502287,-377.843667,181.34138,50.86,114239.394,53324.583,-7590.228000000003,-1455578.251,-4068.327
1694995200,2023-09-18 00:00:00,26527.5,27409.0,26377.35,26762.51,1158780347.6253047,BTCUSD,-140.583384,-330.391611,189.808227,53.92,472539.032,240451.011,8362.98999999999,-1447215.261,-13696.323
1695081600,2023-09-19 00:00:00,26762.5,27483.57,26667.79,27210.26,981539255.55962,BTCUSD,-59.452239,-276.203736,216.751497,59.13,433511.747,216474.712,-562.3229999999749,-1447777.584,-6263.44
1695168000,2023-09-20 00:00:00,27210.25,27388.63,26800.0,27125.0,927206075.9626272,BTCUSD,-2.011801,-221.365349,219.353548,57.79,348921.447,173398.437,-2124.572999999975,-1449902.157,9487.944
1695254400,2023-09-21 00:00:00,27125.01,27159.6,26377.7,26568.08,920768143.3513128,BTCUSD,-1.412349,-177.374749,175.9624,49.84,317992.869,156286.801,-5419.266999999993,-1455321.424,4276.181
1695340800,2023-09-22 00:00:00,26568.08,26743.38,26468.77,26580.14,484331618.9485319,BTCUSD,0.035454,-141.892708,141.928162,50.0,173534.648,85262.371,-3009.905999999988,-1458331.33,1566.135
1695427200,2023-09-23 00:00:00,26580.14,26632.81,26509.0,26575.96,250873957.3886738,BTCUSD,0.835921,-113.346983,114.182904,49.94,57836.484,27762.124,-2312.235999999997,-1460643.566,-1503.483
1695513600,2023-09-24 00:00:00,26575.97,26738.54,26122.08,26248.38,416368301.3736848,BTCUSD,-24.678197,-95.613225,70.935029,45.38,146632.773,70597.939,-5436.8949999999895,-1466080.461,-2000.077
1695600000,2023-09-25 00:00:00,26248.39,26446.15,25990.46,26304.81,688252596.3809944,BTCUSD,-39.885118,-84.467604,44.582486,46.29,268385.836,136047.296,3708.755999999994,-1462371.705,1871.958
1695686400,2023-09-26 00:00:00,26304.8,26397.46,26088.34,26221.67,485217905.0421048,BTCUSD,-57.977093,-79.169502,21.192409,45.09,180491.169,92050.691,3610.213000000018,-1458761.492,7984.217
1695772800,2023-09-27 00:00:00,26221.68,26850.0,26112.06,26372.99,918797815.048481,BTCUSD,-59.419898,-75.219581,15.799683,47.74,353002.84,178232.953,3463.065999999992,-1455298.426,2928.869
1695859200,2023-09-28 00:00:00,26373.0,27308.48,26342.4,27021.39,1193420040.1309185,BTCUSD,-8.148934,-61.805452,53.656517,57.23,429587.858,220056.731,10525.603999999992,-1444772.822,19041.208
1695945600,2023-09-29 00:00:00,27021.39,27244.89,26665.16,26906.96,767827314.931909,BTCUSD,22.98517,-44.847327,67.832498,55.32,277397.643,137424.353,-2548.9369999999763,-1447321.759,15968.065
1696032000,2023-09-30 00:00:00,26906.96,27094.99,26886.31,26962.56,345406056.6806953,BTCUSD,51.551376,-25.567587,77.118962,56.09,92317.154,46816.901,1316.648000000001,-1446005.111,16321.328
1696118400,2023-10-01 00:00:00,26962.57,28065.51,26954.09,27992.57,674657121.9944204,BTCUSD,155.510866,10.648104,144.862762,67.29,240382.946,128236.139,16089.331999999997,-1429915.779,42685.066
1696204800,2023-10-02 00:00:00,27992.58,28580.0,27281.44,27494.51,1600944483.4902065,BTCUSD,195.457123,47.609908,147.847215,59.4,593277.72,295044.931,-3187.8580000000075,-1433103.637,21376.558
1696291200,2023-10-03 00:00:00,27494.51,27676.52,27160.5,27426.46,794301815.4265021,BTCUSD,219.098126,81.907551,137.190575,58.39,283077.899,140083.881,-2910.136999999988,-1436013.774,11109.255
1696377600,2023-10-04 00:00:00,27426.45,27839.72,27202.0,27778.57,820421385.2557852,BTCUSD,263.211982,118.168437,145.043545,61.98,280784.322,142924.232,5064.141999999993,-1430949.632,13622.084
1696464000,2023-10-05 00:00:00,27778.57,28120.39,27352.0,27410.39,849415594.0472504,BTCUSD,265.404069,147.615564,117.788505,56.49,370190.087,183067.126,-4055.835000000021,-1435005.467,4578.111
1696550400,2023-10-06 00:00:00,27410.39,28295.0,27175.94,27931.09,1052864393.8176136,BTCUSD,305.63429,179.219309,126.414981,61.66,438445.904,224431.299,10416.694000000018,-1424588.773,23399.25
1696636800,2023-10-07 00:00:00,27931.1,28029.67,27842.08,27956.67,372820279.5231431,BTCUSD,335.711252,210.517698,125.193554,61.9,117049.145,57424.596,-2199.9530000000086,-1426788.726,28789.525
1696723200,2023-10-08 00:00:00,27956.67,28095.14,27687.5,27917.05,549839951.4800811,BTCUSD,352.289484,238.872055,113.417429,61.27,178380.307,88788.113,-804.0810000000056,-1427592.807,19622.454
1696809600,2023-10-09 00:00:00,27917.06,27987.93,27260.0,27590.12,870014634.3621609,BTCUSD,335.183547,258.134353,77.049193,56.12,314316.581,154566.795,-5182.99099999998,-1432775.798,15001.786
1696896000,2023-10-10 00:00:00,27590.12,27735.0,27298.0,27390.12,626258724.2775784,BTCUSD,302.007288,266.90894,35.098347,53.18,239779.496,117705.794,-4367.908000000025,-1437143.706,12758.451
1696982400,2023-10-11 00:00:00,27390.12,27477.39,26538.66,26875.52,1007065585.9346406,BTCUSD,231.522101,259.831572,-28.309471,46.43,388186.571,186764.342,-14657.886999999988,-1451801.593,3519.831
1697068800,2023-10-12 00:00:00,26875.52,26947.04,26555.0,26759.63,626909068.3868717,BTCUSD,164.41545,240.748348,-76.332898,45.04,220279.04,108281.012,-3717.0160000000033,-1455518.609,2812.721
1697155200,2023-10-13 00:00:00,26759.63,27130.0,26685.0,26862.0,647553796.3580662,BTCUSD,118.131601,216.224998,-98.093398,46.56,243222.154,120801.824,-1618.506000000023,-1457137.115,3506.451
1697241600,2023-10-14 00:00:00,26862.0,26989.58,26789.0,26852.48,280059019.0534013,BTCUSD,79.763667,188.932732,-109.169065,46.43,82164.781,40634.451,-895.8790000000008,-1458032.994,8047.467
1697328000,2023-10-15 00:00:00,26852.48,27293.33,26808.25,27154.15,412673965.3439348,BTCUSD,72.859175,165.718021,-92.858846,51.04,160000.462,84768.5,9536.538,-1448496.456,13875.249
1697414400,2023-10-16 00:00:00,27154.14,30000.0,27112.66,28500.78,2210785548.236096,BTCUSD,174.042845,167.382986,6.659859,65.36,823003.782,423876.937,24750.091999999942,-1423746.364,35015.128
1697500800,2023-10-17 00:00:00,28500.77,28613.65,28069.32,28395.91,1090741746.4830873,BTCUSD,242.968708,182.50013,60.468578,63.8,314189.758,154668.336,-4853.085999999952,-1428599.45,26698.976
1697587200,2023-10-18 00:00:00,28395.91,28982.36,28142.87,28320.0,914773525.152758,BTCUSD,288.146079,203.62932,84.51676,62.63,297176.628,149433.375,1690.121999999974,-1426909.328,17863.494
1697673600,2023-10-19 00:00:00,28320.0,28916.89,28100.66,28713.71,1023984017.0322788,BTCUSD,351.664805,233.236417,118.428389,66.1,333673.207,166642.583,-388.04099999996834,-1427297.369,20024.39
1697760000,2023-10-20 00:00:00,28713.71,30207.55,28578.29,29669.04,1753411192.5510907,BTCUSD,473.631274,281.315388,192.315886,72.72,551005.327,286339.629,21673.930999999982,-1405623.438,40381.673
1697846400,2023-10-21 00:00:00,29669.05,30379.99,29464.77,29909.8,821964508.4353629,BTCUSD,582.997467,341.651804,241.345663,74.09,258195.956,133151.029,8106.102000000013,-1397517.336,32398.443
1697932800,2023-10-22 00:00:00,29909.8,30248.0,29640.0,29992.46,683854827.8969324,BTCUSD,668.633345,407.048112,261.585233,74.56,198602.758,98711.081,-1180.5959999999905,-1398697.932,34405.705
1698019200,2023-10-23 00:00:00,29992.46,34741.91,29883.6,33069.99,2941620022.865188,BTCUSD,973.608197,520.360129,453.248068,85.32,987741.536,514370.855,41000.174,-1357697.758,78316.016
1698105600,2023-10-24 00:00:00,33069.99,35280.0,32832.34,33922.73,3933194868.1611967,BTCUSD,1269.478202,670.183744,599.294458,86.96,921993.063,463292.225,4591.386999999988,-1353106.371,77843.261
1698192000,2023-10-25 00:00:00,33922.73,35132.85,33679.05,34496.05,1888210825.6063828,BTCUSD,1532.553126,842.65762,689.895506,87.94,465367.144,233671.848,1976.5520000000247,-1351129.819,83875.648
1698278400,2023-10-26 00:00:00,34496.05,34824.13,33751.0,34151.66,1363077907.10912,BTCUSD,1693.728259,1012.871748,680.856511,83.87,339552.964,165392.541,-8767.881999999983,-1359897.701,64691.072
1698364800,2023-10-27 00:00:00,34151.66,34245.0,33390.95,33892.02,1096889423.419842,BTCUSD,1779.991303,1166.295659,613.695644,80.83,278052.978,133928.514,-10195.950000000012,-1370093.651,56695.075
1698451200,2023-10-28 00:00:00,33892.01,34493.33,33860.0,34081.0,575936523.347353,BTCUSD,1842.366836,1301.509894,540.856941,81.36,138314.932,69561.154,807.3759999999893,-1369286.275,58306.532
1698537600,2023-10-29 00:00:00,34081.01,34750.11,33930.0,34525.89,711652985.1790963,BTCUSD,1905.730722,1422.35406,483.376662,82.58,175897.55,88952.02,2006.49000000002,-1367279.785,65496.013
1698624000,2023-10-30 00:00:00,34525.88,34856.0,34062.84,34474.73,1159771907.642105,BTCUSD,1929.575924,1523.798433,405.777491,81.92,281841.348,137520.137,-6801.074000000022,-1374080.859,63062.847
1698710400,2023-10-31 00:00:00,34474.74,34720.49,34025.0,34639.77,1125442444.4884882,BTCUSD,1939.434177,1606.925582,332.508596,82.41,272450.567,137432.937,2415.30700000003,-1371665.552,80136.041
1698796800,2023-11-01 00:00:00,34639.78,35582.0,34097.39,35421.43,1856348820.4794536,BTCUSD,1987.41071,1683.022607,304.388102,84.55,469214.787,235433.671,1652.554999999993,-1370012.997,85505.612
1698883200,2023-11-02 00:00:00,35421.43,35984.99,34300.0,34941.59,1686141698.092171,BTCUSD,1964.072771,1739.23264,224.840131,78.25,410221.727,195704.868,-18811.99100000004,-1388824.988,68312.127
1698969600,2023-11-03 00:00:00,34941.58,34946.5,34120.0,34716.78,1347962831.5658624,BTCUSD,1905.471905,1772.480493,132.991412,75.42,306048.199,149201.899,-7644.401000000013,-1396469.389,61563.605
1699056000,2023-11-04 00:00:00,34716.78,35255.0,34585.18,35062.07,639958598.4198353,BTCUSD,1865.389267,1791.062248,74.327019,76.81,140746.874,73473.65,6200.425999999978,-1390268.963,58227.493
1699142400,2023-11-05 00:00:00,35062.06,35380.0,34448.0,35011.88,859350974.0014893,BTCUSD,1808.723732,1794.594545,14.129188,76.14,231363.339,114206.6,-2950.138999999996,-1393219.102,30527.262
1699228800,2023-11-06 00:00:00,35011.89,35276.33,34725.9,35046.09,782427702.2653205,BTCUSD,1746.444425,1784.964521,-38.520096,76.29,202227.215,100743.041,-741.1330000000016,-1393960.235,34639.215
1699315200,2023-11-07 00:00:00,35046.09,35888.0,34523.06,35399.12,1358031361.1978528,BTCUSD,1705.909533,1769.153523,-63.24399,77.86,343525.95,171377.818,-770.314000000013,-1394730.549,32178.779
1699401600,2023-11-08 00:00:00,35399.13,36106.0,35100.0,35624.72,1185492160.4927278,BTCUSD,1672.707443,1749.864307,-77.156864,78.83,334779.449,167858.729,938.0089999999618,-1393792.54,33504.829
1699488000,2023-11-09 00:00:00,35624.72,37972.24,35534.05,36701.09,3033417922.782681,BTCUSD,1713.49649,1742.590744,-29.094254,82.71,778877.937,397604.298,16330.658999999983,-1377461.881,28161.557
1699574400,2023-11-10 00:00:00,36701.1,37526.0,36324.71,37301.63,1605069174.5241032,BTCUSD,1773.83302,1748.839199,24.993821,84.42,299373.892,145926.285,-7521.321999999986,-1384983.203,12534.133
1699660800,2023-11-11 00:00:00,37301.63,37408.26,36666.93,37130.0,851924612.7339427,BTCUSD,1787.199327,1756.511225,30.688102,81.92,159239.284,77724.269,-3790.7460000000137,-1388773.949,9923.983
1699747200,2023-11-12 00:00:00,37129.99,37222.22,36731.1,37064.13,655570813.1382711,BTCUSD,1772.049974,1759.618974,12.430999,80.93,118890.045,59200.216,-489.6129999999976,-1389263.562,-31565.804
1699833600,2023-11-13 00:00:00,37064.13,37417.99,36333.0,36462.93,1208037462.3041444,BTCUSD,1692.027546,1746.100689,-54.073143,72.33,257075.648,124933.697,-7208.253999999986,-1396471.816,-43365.445
1699920000,2023-11-14 00:00:00,36462.93,36744.0,34800.0,35551.19,1639130785.08681,BTCUSD,1537.318151,1704.344181,-167.02603,61.64,397265.8,188122.019,-21021.761999999988,-1417493.578,-66363.759
1700006400,2023-11-15 00:00:00,35551.2,37980.0,35360.0,37858.2,1963249656.5094736,BTCUSD,1582.622777,1679.9999,-97.377123,72.66,423818.57,218179.036,12539.50199999998,-1404954.076,-45056.375
1700092800,2023-11-16 00:00:00,37858.2,37929.54,35500.0,36163.51,1744503339.0151725,BTCUSD,1464.893321,1636.978584,-172.085263,59.2,434444.366,209563.839,-15316.687999999966,-1420270.764,-50177.113
1700179200,2023-11-17 00:00:00,36163.51,36800.0,35861.1,36613.92,1391225051.1923273,BTCUSD,1391.891345,1587.961137,-196.069792,61.26,319943.051,158800.677,-2341.6969999999856,-1422612.461,-53326.186
1700265600,2023-11-18 00:00:00,36613.91,36845.49,36178.58,36568.1,624434069.5256634,BTCUSD,1315.178898,1533.404689,-218.225791,60.92,121720.922,59945.203,-1830.5160000000035,-1424442.977,-57163.192
1700352000,2023-11-19 00:00:00,36568.11,37500.0,36384.02,37359.86,781531839.4371592,BTCUSD,1303.249102,1487.373572,-184.124469,64.54,154713.007,81103.115,7493.222999999998,-1416949.754,-42868.895
1700438400,2023-11-20 00:00:00,37359.85,37750.0,36677.0,37448.78,1343722642.386475,BTCUSD,1286.143887,1447.127635,-160.983747,64.93,310504.037,151546.418,-7411.201000000001,-1424360.955,-52695.403
1700524800,2023-11-21 00:00:00,37448.79,37649.44,35735.0,35741.65,1756747495.981855,BTCUSD,1121.904145,1382.082937,-260.178792,52.83,450731.16,214766.382,-21198.39599999995,-1445559.351,-75546.354
1700611200,2023-11-22 00:00:00,35741.65,37861.1,35632.01,37408.34,1657141022.427348,BTCUSD,1113.396379,1328.345625,-214.949246,60.56,338189.618,173920.996,9652.37400000001,-1435906.977,-47081.989
1700697600,2023-11-23 00:00:00,37408.35,37653.44,36870.0,37294.28,888826648.8541473,BTCUSD,1084.94367,1279.665234,-194.721564,59.84,185369.931,92092.564,-1184.8030000000144,-1437091.78,-40622.391
1700784000,2023-11-24 00:00:00,37294.27,38414.0,37251.51,37713.57,1688715728.079148,BTCUSD,1083.735266,1240.47924,-156.743975,61.65,351031.723,176394.591,1757.4589999999737,-1435334.321,-45065.358
1700870400,2023-11-25 00:00:00,37713.57,37888.0,37591.1,37780.67,430165251.7609749,BTCUSD,1075.790958,1207.541584,-131.750626,61.94,82589.329,40804.412,-980.5050000000048,-1436314.826,-43095.724
1700956800,2023-11-26 00:00:00,37780.67,37814.63,37150.0,37447.43,797321193.5893991,BTCUSD,1030.723811,1172.178029,-141.454219,59.49,173758.644,83650.862,-6456.920000000013,-1442771.746,-48811.511
1701043200,2023-11-27 00:00:00,37447.42,37569.23,36707.0,37242.7,1112557435.2767923,BTCUSD,967.336914,1131.209806,-163.872892,57.97,266112.699,129505.027,-7102.645000000019,-1449874.391,-55143.842
1701129600,2023-11-28 00:00:00,37242.7,38377.0,36868.41,37818.87,1414360251.6823456,BTCUSD,952.613312,1095.490507,-142.877195,60.99,318426.327,161183.178,3940.029000000039,-1445934.362,-52141.822
1701216000,2023-11-29 00:00:00,37818.88,38450.0,37570.0,37854.64,1252586505.66259,BTCUSD,933.075182,1063.007442,-129.93226,61.18,261631.881,131208.813,785.7449999999953,-1445148.617,-67686.736
1701302400,2023-11-30 00:00:00,37854.65,38145.85,37500.0,37723.96,934491058.960814,BTCUSD,896.70958,1029.74787,-133.03829,60.05,191188.871,94614.923,-1959.0250000000235,-1447107.642,-62124.439
1701388800,2023-12-01 00:00:00,37723.97,38999.0,37615.86,38682.52,1669750777.6239817,BTCUSD,934.465423,1010.69138,-76.225958,65.13,342361.994,175399.909,8437.824000000022,-1438669.818,-49895.869
1701475200,2023-12-02 00:00:00,38682.51,39717.14,38641.61,39450.35,1043421976.7660652,BTCUSD,1014.648429,1011.48279,3.165639,68.58,213210.311,111247.354,9284.397000000026,-1429385.421,-40121.859
1701561600,2023-12-03 00:00:00,39450.35,40250.0,39274.86,39972.26,1059860641.0494444,BTCUSD,1107.540774,1030.694387,76.846387,70.7,221917.905,113115.685,4313.4649999999965,-1425071.956,-28600.14
1701648000,2023-12-04 00:00:00,39972.26,42420.0,39972.26,41991.1,3285736844.1408806,BTCUSD,1328.745194,1090.304548,238.440646,77.13,602492.859,309653.48,16814.100999999908,-1408257.855,9235.723
1701734400,2023-12-05 00:00:00,41991.1,44488.0,41414.0,44073.32,2890205389.4901266,BTCUSD,1653.014126,1202.846464,450.167662,81.62,575038.041,293613.701,12189.361000000034,-1396068.494,8885.582
1701820800,2023-12-06 00:00:00,44073.82,44297.21,43335.28,43762.69,2256979505.594805,BTCUSD,1863.453612,1334.967893,528.485719,79.12,383957.738,189313.948,-5329.842000000004,-1401398.336,18872.428
1701907200,2023-12-07 00:00:00,43762.69,44047.33,42821.1,43273.14,2046945851.8836448,BTCUSD,1968.039493,1461.582213,506.45728,75.23,346421.958,167869.668,-10682.621999999974,-1412080.958,10531.503
1701993600,2023-12-08 00:00:00,43273.15,44700.0,43081.1,44170.99,1875581755.4469104,BTCUSD,2099.17556,1589.100883,510.074677,77.42,281880.593,141987.204,2093.8150000000023,-1409987.143,14455.834
1702080000,2023-12-09 00:00:00,44171.0,44358.02,43584.51,43713.6,1096487106.564834,BTCUSD,2141.508312,1699.582368,441.925943,73.83,189339.656,91986.898,-5365.859999999986,-1415353.003,1596.751
1702166400,2023-12-10 00:00:00,43713.59,44049.0,43563.0,43789.51,830485162.5569534,BTCUSD,2156.325843,1790.931063,365.39478,74.05,144548.259,71693.869,-1160.5209999999788,-1416513.524,7847.431
1702252800,2023-12-11 00:00:00,43789.5,43804.5,40222.0,41253.4,3205540835.5114336,BTCUSD,1941.050738,1820.954998,120.095739,57.14,620753.439,298564.648,-23624.14300000004,-1440137.667,5421.684
1702339200,2023-12-12 00:00:00,41253.41,42104.12,40680.0,41492.39,1773961284.3375635,BTCUSD,1769.332398,1810.630478,-41.29808,58.11,356541.118,178480.429,419.7399999999907,-1439717.927,-3810.95
1702425600,2023-12-13 00:00:00,41492.38,43475.2,40555.0,42869.03,1919703389.4848804,BTCUSD,1724.449342,1793.394251,-68.944909,63.27,396710.296,198023.379,-663.5380000000005,-1440381.465,-3289.685
1702512000,2023-12-14 00:00:00,42869.03,43420.0,41400.0,43022.26,1798740625.30166,BTCUSD,1681.856185,1771.086638,-89.230453,63.8,361628.325,179049.547,-3529.231000000029,-1443910.696,-8576.375
1702598400,2023-12-15 00:00:00,43022.26,43080.81,41666.0,41940.3,1416898938.5099788,BTCUSD,1543.008827,1725.471076,-182.462249,57.45,257177.013,125660.846,-5855.320999999996,-1449766.017,-13451.191
1702684800,2023-12-16 00:00:00,41940.29,42724.43,41605.0,42278.03,1020469627.8857332,BTCUSD,1443.582562,1669.093373,-225.510811,58.83,160549.459,79904.113,-741.2330000000075,-1450507.25,-7735.504
1702771200,2023-12-17 00:00:00,42278.02,42424.07,41252.0,41374.65,1161963642.9627964,BTCUSD,1277.168907,1590.70848,-313.539573,53.8,224722.851,108887.464,-6947.922999999981,-1457455.173,-7580.782
1702857600,2023-12-18 00:00:00,41374.64,42757.81,40542.93,42657.8,1936003306.0825727,BTCUSD,1234.592751,1519.485334,-284.892583,59.14,375385.675,188893.603,2401.531000000017,-1455053.642,-9119.28
1702944000,2023-12-19 00:00:00,42657.8,43497.0,41811.1,42275.99,1747830242.4615936,BTCUSD,1156.708153,1446.929898,-290.221745,57.03,315311.844,157288.146,-735.5519999999669,-1455789.194,-10640.577
1703030400,2023-12-20 00:00:00,42275.99,44283.0,42206.0,43668.93,2115813869.7796192,BTCUSD,1193.623317,1396.268582,-202.645264,62.31,377008.923,192098.077,7187.230999999971,-1448601.963,-1494.321
1703116800,2023-12-21 00:00:00,43668.92,44242.35,43286.72,43861.8,1514529919.1877797,BTCUSD,1224.328551,1361.880576,-137.552024,62.99,276922.155,137520.09,-1881.975000000035,-1450483.938,-11814.12
1703203200,2023-12-22 00:00:00,43861.79,44398.26,43412.54,43969.04,1436074497.5128598,BTCUSD,1242.987654,1338.101991,-95.114337,63.39,238341.933,117622.666,-3096.600999999995,-1453580.539,-24195.118
1703289600,2023-12-23 00:00:00,43969.04,43988.68,43291.1,43702.16,722943825.3332176,BTCUSD,1222.151935,1314.91198,-92.760045,61.63,120792.199,58914.808,-2962.5829999999987,-1456543.122,-31471.166
1703376000,2023-12-24 00:00:00,43702.15,43946.0,42500.0,42991.5,1093460634.889423,BTCUSD,1135.209171,1278.971418,-143.762248,57.08,179967.251,85895.372,-8176.506999999983,-1464719.629,-56461.774
1703462400,2023-12-25 00:00:00,42991.5,43802.32,42720.43,43576.13,1172053386.5109816,BTCUSD,1100.791914,1243.335517,-142.543603,59.71,184210.274,94560.236,4910.198000000004,-1459809.431,-63740.937
1703548800,2023-12-26 00:00:00,43576.12,43592.68,41637.6,42508.93,1746333612.3049452,BTCUSD,976.149427,1189.898299,-213.748873,53.28,295583.678,138762.82,-18058.038,-1477867.469,-76469.133
1703635200,2023-12-27 00:00:00,42508.93,43677.0,42098.69,43428.85,1554082990.052276,BTCUSD,940.754777,1140.069595,-199.314817,57.53,251351.538,126804.896,2258.2539999999863,-1475609.215,-63528.257
1703721600,2023-12-28 00:00:00,43428.86,43787.57,42241.79,42563.76,1508408742.378081,BTCUSD,833.293046,1078.714285,-245.421239,52.68,257515.182,126847.513,-3820.155999999988,-1479429.371,-69442.228
1703808000,2023-12-29 00:00:00,42563.76,43111.0,41300.0,42066.95,1803086285.2465773,BTCUSD,699.971599,1002.965748,-302.994149,50.07,337421.865,162512.91,-12396.044999999984,-1491825.416,-76472.413
1703894400,2023-12-30 00:00:00,42066.94,42612.32,41520.3,42140.28,964875790.984935,BTCUSD,593.390275,921.050653,-327.660378,50.46,183890.67,91329.738,-1231.1940000000177,-1493056.61,-76543.086
1703980800,2023-12-31 00:00:00,42140.29,42899.0,41965.84,42283.58,1001519241.5559052,BTCUSD,514.555446,839.751612,-325.196166,51.26,173508.289,85439.891,-2628.5069999999832,-1495685.117,-55547.45
1704067200,2024-01-01 00:00:00,42283.58,44184.1,42180.77,44179.55,1169995682.0280013,BTCUSD,598.171856,791.435661,-193.263804,60.39,206424.144,107259.562,8094.98000000001,-1487590.137,-47872.21
1704153600,2024-01-02 00:00:00,44179.55,45879.63,44148.34,44946.91,2944331821.823076,BTCUSD,718.080419,776.764612,-58.684193,63.38,459798.523,226772.856,-6252.810999999987,-1493842.948,-53461.483
1704240000,2024-01-03 00:00:00,44946.91,45500.0,40750.0,42845.23,3507104563.744232,BTCUSD,636.187237,748.649137,-112.4619,51.84,595855.225,285738.095,-24379.03500000004,-1518221.983,-74311.287
1704326400,2024-01-04 00:00:00,42845.23,44729.58,42613.77,44151.1,2095095359.4936347,BTCUSD,668.947881,732.708886,-63.761005,57.07,333923.098,167326.171,729.244000000006,-1517492.739,-67726.722
1704412800,2024-01-05 00:00:00,44151.1,44357.46,42450.0,44145.11,2100953924.3687155,BTCUSD,686.513879,723.469885,-36.956005,57.04,374967.791,186384.897,-2197.997000000032,-1519690.736,-69183.486
1704499200,2024-01-06 00:00:00,44145.12,44214.42,43397.05,43968.32,781212883.4916061,BTCUSD,678.349988,714.445905,-36.095917,56.08,138542.797,69273.603,4.409000000014203,-1519686.327,-62231.154
1704585600,2024-01-07 00:00:00,43968.32,44480.59,43572.09,43929.02,1014635096.1241482,BTCUSD,661.08825,703.774374,-42.686124,55.86,180710.714,89031.035,-2648.644,-1522334.971,-67281.329
1704672000,2024-01-08 00:00:00,43929.01,47248.99,43175.0,46951.04,3298772150.681508,BTCUSD,881.103147,739.240129,141.863018,66.83,495087.983,252368.827,9649.670999999971,-1512685.3,-56896.106
1704758400,2024-01-09 00:00:00,46951.04,47972.0,44748.67,46110.0,3251442072.8083963,BTCUSD,976.34692,786.661487,189.685433,62.2,513362.773,255356.407,-2649.958999999973,-1515335.259,-66733.296
1704844800,2024-01-10 00:00:00,46110.0,47695.93,44300.36,46653.99,4123809481.712767,BTCUSD,1083.236862,845.976562,237.2603,63.94,668657.474,328241.395,-12174.684000000008,-1527509.943,-77026.005
1704931200,2024-01-11 00:00:00,46654.0,48969.48,45606.06,46339.16,4105139605.028302,BTCUSD,1129.52332,902.685914,226.837407,62.16,596698.379,294954.12,-6790.138999999967,-1534300.082,-80719.543
1705017600,2024-01-12 00:00:00,46339.16,46515.53,41500.0,42782.73,3827483735.576057,BTCUSD,869.211761,895.991083,-26.779322,46.4,575943.258,274714.473,-26514.312000000034,-1560814.394,-104271.272
1705104000,2024-01-13 00:00:00,42782.74,43257.0,42436.12,42847.99,1547370611.5531662,BTCUSD,660.564337,848.905734,-188.341397,46.66,207737.326,102338.255,-3060.815999999992,-1563875.21,-99155.581
1705190400,2024-01-14 00:00:00,42847.99,43079.0,41720.0,41732.35,1202212782.257693,BTCUSD,400.569411,759.238469,-358.669058,42.74,181096.968,86225.908,-8645.152000000002,-1572520.362,-112710.931
1705276800,2024-01-15 00:00:00,41732.35,43400.43,41718.05,42511.1,1718982911.1081028,BTCUSD,254.427296,658.276235,-403.848939,46.15,240059.141,121327.115,2595.089000000007,-1569925.273,-92057.804
1705363200,2024-01-16 00:00:00,42511.1,43578.01,42050.0,43137.95,1931947150.0590703,BTCUSD,187.03416,564.02782,-376.99366,48.78,287207.233,142496.835,-2213.563000000024,-1572138.836,-96529.621
1705449600,2024-01-17 00:00:00,43137.94,43198.0,42200.69,42776.1,1419888430.9228892,BTCUSD,103.2363,471.869516,-368.633216,47.34,209396.081,104380.6,-634.880999999994,-1572773.717,-93344.346
1705536000,2024-01-18 00:00:00,42776.09,42930.0,40683.28,41327.5,1839426541.2635791,BTCUSD,-79.151612,361.66529,-440.816902,41.99,335080.756,159993.343,-15094.070000000009,-1587867.787,-96042.371
1705622400,2024-01-19 00:00:00,41327.51,42196.86,40280.0,41659.03,1993846466.538752,BTCUSD,-194.699273,250.392378,-445.091651,43.56,345941.73,173561.662,1181.594000000041,-1586686.193,-93629.583
1705708800,2024-01-20 00:00:00,41659.03,41872.56,41456.3,41696.04,662768008.1509343,BTCUSD,-280.056908,144.302521,-424.359428,43.75,95866.062,47395.27,-1075.5220000000118,-1587761.715,-92076.598
1705795200,2024-01-21 00:00:00,41696.05,41881.39,41500.98,41580.33,489151571.0309043,BTCUSD,-352.971443,44.847728,-397.819171,43.27,67035.552,33267.189,-501.1739999999991,-1588262.889,-100672.752
1705881600,2024-01-22 00:00:00,41580.32,41689.65,39431.58,39568.02,2247452153.7954326,BTCUSD,-566.601903,-77.442198,-489.159705,35.98,459024.106,221559.288,-15905.530000000028,-1604168.419,-110325.471
1705968000,2024-01-23 00:00:00,39568.02,40176.74,38555.0,39897.6,2275851990.6468267,BTCUSD,-701.227911,-202.199341,-499.02857,37.83,414373.386,206872.825,-627.7359999999753,-1604796.155,-86574.172
1706054400,2024-01-24 00:00:00,39897.59,40555.0,39484.19,40084.88,1569704923.8307493,BTCUSD,-783.773212,-318.514115,-465.259097,38.91,272754.171,137526.518,2298.865000000049,-1602497.29,-85004.551
1706140800,2024-01-25 00:00:00,40084.89,40300.24,39550.0,39961.09,1238813296.1526136,BTCUSD,-849.388554,-424.689003,-424.699551,38.43,203728.679,101721.426,-285.8269999999902,-1602783.117,-83092.381
1706227200,2024-01-26 00:00:00,39961.09,42246.82,39822.52,41823.51,1951700659.289807,BTCUSD,-742.547826,-488.260768,-254.287059,48.6,355418.478,183407.862,11397.245999999985,-1591385.871,-71699.544
1706313600,2024-01-27 00:00:00,41823.51,42200.0,41394.34,42120.63,678418702.3509445,BTCUSD,-626.67674,-515.943962,-110.732778,50.01,118437.114,58359.399,-1718.3160000000062,-1593104.187,-70769.216
1706400000,2024-01-28 00:00:00,42120.63,42842.68,41620.81,42031.06,1154365891.668259,BTCUSD,-535.89812,-519.934794,-15.963326,49.57,205736.453,102732.529,-271.3950000000186,-1593375.582,-80690.282
1706486400,2024-01-29 00:00:00,42031.05,43333.0,41804.88,43302.7,1343462280.3618684,BTCUSD,-357.226801,-487.393195,130.166394,55.59,249502.11,126814.07,4126.030000000028,-1589249.552,-73914.293
1706572800,2024-01-30 00:00:00,43302.71,43882.36,42683.99,42941.1,1633251085.6713595,BTCUSD,-242.016772,-438.31791,196.301138,53.63,257582.784,127240.221,-3102.342000000004,-1592351.894,-64841.951
1706659200,2024-01-31 00:00:00,42941.1,43745.11,42276.84,42580.0,1711665577.0530825,BTCUSD,-177.800177,-386.214364,208.414187,51.67,313069.11,156366.219,-336.6719999999623,-1592688.566,-58388.484
1706745600,2024-02-01 00:00:00,42580.0,43285.13,41884.28,43082.94,1497121440.644002,BTCUSD,-85.341247,-326.03974,240.698493,54.18,274321.107,137388.932,456.7569999999832,-1592231.809,-31417.415
1706832000,2024-02-02 00:00:00,43082.95,43488.0,42546.79,43200.0,1277919437.2905612,BTCUSD,-2.591245,-261.350041,258.758796,54.77,205767.574,102857.802,-51.97000000000117,-1592283.779,-28408.569
1706918400,2024-02-03 00:00:00,43199.99,43380.01,42880.0,43011.09,518775350.03360087,BTCUSD,47.201164,-199.6398,246.840964,53.58,89735.22,43576.701,-2581.818,-1594865.597,-22345.235
1707004800,2024-02-04 00:00:00,43011.1,43119.04,42222.0,42582.88,730999557.7083682,BTCUSD,51.515203,-149.4088,200.924003,50.86,127421.548,61808.732,-3804.083999999988,-1598669.681,-28744.408
1707091200,2024-02-05 00:00:00,42582.88,43569.76,42258.1,42708.7,1262620640.5407171,BTCUSD,64.345004,-106.658039,171.003043,51.64,240655.549,120655.29,655.0309999999881,-1598014.65,-25875.814
1707177600,2024-02-06 00:00:00,42708.7,43399.98,42574.0,43098.95,1061049582.6002768,BTCUSD,104.79462,-64.367507,169.162127,54.06,196157.643,97614.641,-928.3610000000044,-1598943.011,-26169.294
1707264000,2024-02-07 00:00:00,43098.96,44396.5,42788.0,44349.6,1496013692.382922,BTCUSD,235.058625,-4.482281,239.540906,60.83,252057.708,130579.297,9100.886,-1589842.125,-1974.338
1707350400,2024-02-08 00:00:00,44349.6,45614.3,44331.1,45288.65,2042912128.1517663,BTCUSD,409.348559,78.283887,331.064672,65.0,299738.288,150413.123,1087.9579999999842,-1588754.167,-2067.974
1707436800,2024-02-09 00:00:00,45288.66,48200.0,45242.12,47132.77,3453043306.420976,BTCUSD,688.344849,200.29608,488.048769,71.43,519919.419,266454.921,12990.422999999952,-1575763.744,11997.971
1707523200,2024-02-10 00:00:00,47132.78,48170.0,46800.0,47751.09,1176079377.6922762,BTCUSD,948.411972,349.919258,598.492714,73.21,179626.604,91198.273,2769.94200000001,-1572993.802,15269.087
1707609600,2024-02-11 00:00:00,47751.08,48592.66,47557.16,48299.99,1443314885.7714052,BTCUSD,1185.147046,516.964816,668.182231,74.71,209951.626,105168.316,385.0060000000231,-1572608.796,31559.623
1707696000,2024-02-12 00:00:00,48300.0,50334.82,47710.01,49917.27,2898220863.0181804,BTCUSD,1486.131084,710.798069,775.333015,78.54,450895.202,229461.763,8028.324000000022,-1564580.472,40215.683
1707782400,2024-02-13 00:00:00,49917.28,50368.61,48300.95,49699.59,2745025370.067447,BTCUSD,1687.644036,906.167263,781.476773,76.85,382348.085,187369.079,-7609.927000000025,-1572190.399,30306.891
1707868800,2024-02-14 00:00:00,49699.6,52043.71,49225.01,51795.17,2919604456.723313,BTCUSD,1993.460918,1123.625994,869.834924,81.07,395191.791,202339.246,9486.701,-1562703.698,40079.419
1707955200,2024-02-15 00:00:00,51795.17,52816.62,51314.0,51880.0,2802825737.9920154,BTCUSD,2217.110601,1342.322915,874.787686,81.21,392724.603,194206.651,-4311.300999999978,-1567014.999,24370.872
1708041600,2024-02-16 00:00:00,51880.01,52572.08,51566.0,52124.11,1965003863.9713345,BTCUSD,2386.541657,1551.166663,835.374993,81.66,259819.793,129912.166,4.538999999989756,-1567010.46,26093.727
1708128000,2024-02-17 00:00:00,52124.1,52162.82,50625.0,51642.64,1319908544.9790893,BTCUSD,2453.681866,1731.669704,722.012162,77.73,222342.005,110404.236,-1533.5329999999958,-1568543.993,24831.589
1708214400,2024-02-18 00:00:00,51642.64,52377.0,51163.28,52137.67,1139209588.4334626,BTCUSD,2517.811981,1888.898159,628.913822,78.86,166636.426,82558.355,-1519.716000000015,-1570063.709,19185.843
1708300800,2024-02-19 00:00:00,52137.68,52488.77,51677.0,51774.73,1539600521.6007729,BTCUSD,2510.41088,2013.200704,497.210177,75.83,196387.978,97120.2,-2147.5780000000086,-1572211.287,20140.607
1708387200,2024-02-20 00:00:00,51774.74,52985.0,50760.37,52258.82,2574874999.3787174,BTCUSD,2514.620492,2113.484661,401.135831,77.09,388913.064,191609.587,-5693.890000000014,-1577905.177,14783.389
1708473600,2024-02-21 00:00:00,52258.82,52366.8,50625.0,51849.39,2210278288.725095,BTCUSD,2456.600895,2182.107908,274.492987,73.59,308127.301,151274.425,-5578.451000000001,-1583483.628,8748.181
1708560000,2024-02-22 00:00:00,51849.38,52065.78,50940.78,51288.42,1820949707.158534,BTCUSD,2338.39875,2213.366076,125.032673,68.96,244144.647,120428.135,-3288.377000000008,-1586772.005,5511.774
1708646400,2024-02-23 00:00:00,51288.42,51548.54,50521.0,50744.15,1559143576.8296163,BTCUSD,2175.724263,2205.837714,-30.113451,64.71,215474.562,103486.305,-8501.95200000002,-1595273.957,-408.36
1708732800,2024-02-24 00:00:00,50744.15,51698.0,50585.0,51568.22,847793393.571868,BTCUSD,2089.215941,2182.513359,-93.297418,67.93,104944.457,53616.22,2287.9830000000075,-1592985.974,5683.707
1708819200,2024-02-25 00:00:00,51568.21,51958.55,51279.8,51728.85,966951114.4504628,BTCUSD,2010.443826,2148.099453,-137.655626,68.54,122177.26,61208.274,239.2880000000005,-1592746.686,5267.964
1708905600,2024-02-26 00:00:00,51728.85,54910.0,50901.44,54476.47,2710403072.980595,BTCUSD,2145.000103,2147.479583,-2.479479,76.63,393466.231,204557.843,15649.454999999958,-1577097.231,21845.78
1708992000,2024-02-27 00:00:00,54476.48,57588.15,54450.13,57037.34,3795949115.224932,BTCUSD,2430.263168,2204.0363,226.226868,81.43,511475.535,261279.379,11083.222999999998,-1566014.008,23828.117
1709078400,2024-02-28 00:00:00,57037.35,64000.0,56691.85,62432.1,7162581994.48574,BTCUSD,3056.415789,2374.512198,681.903592,87.33,1010118.442,512372.977,14627.511999999988,-1551386.496,37367.671
1709164800,2024-02-29 00:00:00,62432.11,63676.35,60364.7,61130.98,4872212871.27608,BTCUSD,3408.367208,2581.2832,827.084008,80.67,584713.883,288332.344,-8049.195000000065,-1559435.691,16328.053
1709251200,2024-03-01 00:00:00,61130.99,63114.23,60777.0,62387.9,2956537377.9660296,BTCUSD,3745.537952,2814.13415,931.403801,82.09,299231.827,149192.047,-847.7330000000075,-1560283.424,12710.378
1709337600,2024-03-02 00:00:00,62387.9,62433.19,61561.12,61987.28,1582566973.834093,BTCUSD,3935.060581,3038.319436,896.741144,80.07,159283.629,78157.054,-2969.520999999979,-1563252.945,9355.851
1709424000,2024-03-03 00:00:00,61987.28,63231.88,61320.0,63113.97,1804536272.9443457,BTCUSD,4128.58138,3256.371825,872.209555,81.45,200312.503,100689.426,1066.3490000000163,-1562186.596,2393.876
1709510400,2024-03-04 00:00:00,63113.97,68499.0,62300.0,68245.71,5568877537.081252,BTCUSD,4642.520452,3533.60155,1108.918902,86.16,632882.144,315954.494,-973.155999999959,-1563159.752,9030.647
1709596800,2024-03-05 00:00:00,68245.71,69000.0,59005.0,63724.01,8674526591.28714,BTCUSD,4631.567641,3753.194768,878.372872,69.44,1053025.132,506125.171,-40774.79000000004,-1603934.542,-41230.844
1709683200,2024-03-06 00:00:00,63724.01,67641.1,62779.14,66074.04,5197743036.597276,BTCUSD,4757.671761,3954.090167,803.581594,72.43,534011.813,264966.526,-4078.760999999941,-1608013.303,-40998.304
1709769600,2024-03-07 00:00:00,66074.04,67980.0,65551.0,66823.17,3548088039.273608,BTCUSD,4862.012462,4135.674626,726.337836,73.33,296092.788,147654.75,-783.2880000000005,-1608796.591,-41786.131
1709856000,2024-03-08 00:00:00,66823.18,69990.0,66082.66,68124.19,5044395324.399055,BTCUSD,4992.138396,4306.96738,685.171016,74.86,459387.207,231568.743,3750.278999999981,-1605046.312,-36502.319
1709942400,2024-03-09 00:00:00,68124.2,68541.1,67861.1,68313.27,1355964036.909299,BTCUSD,5052.281753,4456.030255,596.251498,75.08,94899.005,45581.279,-3736.447,-1608782.759,-38719.05
1710028800,2024-03-10 00:00:00,68313.28,69887.61,68094.75,68955.88,2659307501.094578,BTCUSD,5093.089093,4583.442022,509.64707,75.87,233596.523,116161.406,-1273.7109999999811,-1610056.47,-37845.183
1710115200,2024-03-11 00:00:00,68955.88,72800.0,67024.96,72078.1,5352704377.618805,BTCUSD,5316.085736,4729.970765,586.114971,79.29,474396.897,238156.809,1916.72100000002,-1608139.749,-30234.572
1710201600,2024-03-12 00:00:00,72078.1,73000.0,68620.82,71452.01,4909667978.559338,BTCUSD,5380.271532,4860.030918,520.240613,76.93,472072.331,231739.524,-8593.282999999996,-1616733.032,-33249.404
1710288000,2024-03-13 00:00:00,71452.0,73650.25,71333.31,73072.41,3829764501.253793,BTCUSD,5498.50859,4987.726453,510.782137,78.7,288446.338,144767.213,1088.0879999999888,-1615644.944,-28872.939
1710374400,2024-03-14 00:00:00,73072.4,73777.0,68555.0,71388.94,5132189849.096632,BTCUSD,5394.189493,5069.019061,325.170432,72.5,513901.237,252641.121,-8618.994999999995,-1624263.939,-28989.982
1710460800,2024-03-15 00:00:00,71388.94,72419.71,65600.0,69499.85,7065279917.872112,BTCUSD,5100.289123,5075.273073,25.01605,66.2,705810.685,343300.728,-19209.22900000005,-1643473.168,-50487.194
1710547200,2024-03-16 00:00:00,69499.84,70043.0,64780.0,65300.63,3788544202.884856,BTCUSD,4476.921834,4955.602825,-478.680991,54.8,333426.129,158811.135,-15803.858999999997,-1659277.027,-66530.341
1710633600,2024-03-17 00:00:00,65300.64,68904.4,64533.0,68393.48,3322963634.2425127,BTCUSD,4184.232685,4801.328797,-617.096113,60.23,314890.309,157746.931,603.5530000000144,-1658673.474,-81576.243
1710720000,2024-03-18 00:00:00,68393.47,68956.0,66565.2,67609.99,3768277912.418919,BTCUSD,3844.733633,4610.009764,-765.276131,58.32,317885.916,157518.056,-2849.804000000004,-1661523.278,-95509.27
1710806400,2024-03-19 00:00:00,67610.0,68124.11,61555.0,61937.4,6484805948.535393,BTCUSD,3082.415418,4304.490895,-1222.075477,46.75,700466.795,341387.21,-17692.375,-1679215.653,-127829.157
1710892800,2024-03-20 00:00:00,61937.41,68100.0,60775.0,67840.51,5769770052.062583,BTCUSD,2920.933677,4027.779452,-1106.845774,56.43,637362.465,322745.423,8128.381000000052,-1671087.272,-111651.581
1710979200,2024-03-21 00:00:00,67840.51,68240.47,64529.01,65501.27,3551223142.964417,BTCUSD,2574.523611,3737.128283,-1162.604673,52.37,347218.385,170701.466,-5815.453000000038,-1676902.725,-116619.301
1711065600,2024-03-22 00:00:00,65501.28,66649.62,62260.0,63796.64,3310481978.107645,BTCUSD,2137.798532,3417.262333,-1279.463801,49.57,401149.333,193242.858,-14663.61699999997,-1691566.342,-128313.397
1711152000,2024-03-23 00:00:00,63796.64,65999.0,63000.0,63990.01,1706152172.6316135,BTCUSD,1786.698159,3091.149498,-1304.451339,49.89,239124.0,118901.006,-1321.988000000012,-1692888.33,-130701.734
1711238400,2024-03-24 00:00:00,63990.02,67628.69,63772.29,67209.99,2059312948.648688,BTCUSD,1748.122788,2822.544156,-1074.421368,55.12,244179.435,127453.119,10726.803000000014,-1682161.527,-119001.775
1711324800,2024-03-25 00:00:00,67210.0,71150.0,66385.06,69880.01,3679964073.811213,BTCUSD,1910.971341,2640.229593,-729.258253,58.94,395156.191,200494.861,5833.531000000017,-1676327.996,-72393.454
1711411200,2024-03-26 00:00:00,69880.0,71561.1,69280.0,69988.0,2738537345.33588,BTCUSD,2025.396374,2517.262949,-491.866576,59.1,307861.116,153843.837,-173.4419999999809,-1676501.438,-68488.135
1711497600,2024-03-27 00:00:00,69987.99,71769.54,68359.18,69469.99,3426458581.943344,BTCUSD,2050.641441,2423.938648,-373.297207,57.99,407286.574,201365.779,-4555.016000000003,-1681056.454,-72259.863
1711584000,2024-03-28 00:00:00,69469.99,71552.06,68903.62,70780.6,2500571208.002628,BTCUSD,2151.601292,2369.471176,-217.869885,60.03,241970.822,121611.482,1252.1420000000217,-1679804.312,-74758.0
1711670400,2024-03-29 00:00:00,70780.6,70916.16,69009.0,69850.54,1779608477.3224535,BTCUSD,2131.988396,2321.97462,-189.986224,57.88,187970.841,90312.609,-7345.622999999992,-1687149.935,-78367.176
1711756800,2024-03-30 00:00:00,69850.53,70321.1,69540.0,69582.18,954555919.6855744,BTCUSD,2070.918369,2271.76337,-200.845001,57.24,91126.75,44861.628,-1403.494000000006,-1688553.429,-78496.959
1711843200,2024-03-31 00:00:00,69582.17,71366.0,69562.99,71280.01,1367523707.2612453,BTCUSD,2134.910702,2244.392836,-109.482135,60.23,132458.79,68649.954,4841.117999999988,-1683712.311,-75572.562
1711929600,2024-04-01 00:00:00,71280.0,71288.23,68062.86,69649.8,2876486469.465523,BTCUSD,2030.672436,2201.648756,-170.97632,56.17,282812.126,137263.312,-8285.501999999979,-1691997.813,-75264.781
1712016000,2024-04-02 00:00:00,69649.81,69674.23,64550.0,65463.99,4750030717.922425,BTCUSD,1591.951944,2079.709394,-487.75745,47.36,499041.572,237161.633,-24718.305999999982,-1716716.119,-101071.175
1712102400,2024-04-03 00:00:00,65463.99,66903.63,64493.07,65963.28,2630556596.1359286,BTCUSD,1269.912562,1917.750028,-647.837466,48.4,275041.23,136386.786,-2267.657999999996,-1718983.777,-94719.838
1712188800,2024-04-04 00:00:00,65963.27,69309.91,65064.52,68487.79,2795469450.572386,BTCUSD,1204.51598,1775.103218,-570.587238,53.41,326385.338,165264.515,4143.692000000039,-1714840.085,-71366.917
1712275200,2024-04-05 00:00:00,68487.8,68756.67,65952.56,67820.62,2555458935.2360086,BTCUSD,1086.331125,1637.348799,-551.017674,51.98,313547.293,155082.742,-3381.8090000000084,-1718221.894,-58944.867
1712361600,2024-04-06 00:00:00,67820.63,69692.0,67447.83,68896.0,1373131967.764819,BTCUSD,1067.141611,1523.307362,-456.165751,54.12,127343.726,64920.835,2497.944000000003,-1715723.95,-57050.476
1712448000,2024-04-07 00:00:00,68896.0,70326.29,68824.0,69360.39,1496213373.1855776,BTCUSD,1076.991289,1434.044147,-357.052858,55.05,171783.436,87513.442,3243.448000000004,-1712480.502,-50957.224
1712534400,2024-04-08 00:00:00,69360.38,72797.99,69043.24,71620.0,3270853309.6629424,BTCUSD,1252.688658,1397.773049,-145.084392,59.38,297237.449,152755.361,8273.272999999986,-1704207.229,-24991.576
1712620800,2024-04-09 00:00:00,71620.0,71758.19,68210.0,69146.0,2749007421.6421075,BTCUSD,1178.711511,1353.960742,-175.24923,53.33,334059.403,160558.807,-12941.78899999999,-1717149.018,-46061.746
1712707200,2024-04-10 00:00:00,69146.0,71172.08,67518.0,70631.08,2901564970.815804,BTCUSD,1225.787519,1328.326097,-102.538578,56.21,337774.756,167241.536,-3291.6840000000084,-1720440.702,-43537.977
1712793600,2024-04-11 00:00:00,70631.08,71305.89,69567.21,70006.23,2247473274.6162577,BTCUSD,1198.855759,1302.43203,-103.57627,54.68,256194.153,127153.925,-1886.302999999985,-1722327.005,-30760.663
1712880000,2024-04-12 00:00:00,70006.22,71227.46,65086.86,67116.52,3843551585.321274,BTCUSD,933.575027,1228.660629,-295.085602,48.15,415528.149,199599.598,-16328.95299999998,-1738655.958,-45767.628
1712966400,2024-04-13 00:00:00,67116.52,67929.0,60660.57,63924.51,4614468627.809045,BTCUSD,460.461689,1075.020841,-614.559152,42.16,515005.203,245812.903,-23379.397,-1762035.355,-79873.828
1713052800,2024-04-14 00:00:00,63924.52,65840.0,62134.0,65661.84,3946124834.6970353,BTCUSD,223.131846,904.643042,-681.511196,46.09,395770.133,196030.06,-3710.012999999977,-1765745.368,-89417.372
1713139200,2024-04-15 00:00:00,65661.85,66867.07,62274.4,63419.99,3398072231.561224,BTCUSD,-144.190188,694.876396,-839.066584,42.11,381532.225,186902.326,-7727.572999999975,-1773472.941,-96971.503
1713225600,2024-04-16 00:00:00,63419.99,64365.0,61600.0,63793.39,3355338198.446913,BTCUSD,-400.548019,475.791513,-876.339532,42.99,405931.439,202402.987,-1125.4650000000256,-1774598.406,-93541.952
1713312000,2024-04-17 00:00:00,63793.4,64499.0,59678.16,61277.37,3128625247.473853,BTCUSD,-797.54167,221.124877,-1018.666546,38.71,444032.992,217665.156,-8702.680000000051,-1783301.086,-103496.774
1713398400,2024-04-18 00:00:00,61277.38,64117.09,60803.35,63470.08,2726741448.886802,BTCUSD,-924.57075,-8.014249,-916.556501,43.95,363302.394,182854.996,2407.5980000000563,-1780893.488,-93743.553
1713484800,2024-04-19 00:00:00,63470.09,65450.0,59600.01,63818.01,4419893235.183288,BTCUSD,-985.80344,-203.572087,-782.231353,44.76,574264.058,287739.633,1215.2079999999842,-1779678.28,-91124.851
1713571200,2024-04-20 00:00:00,63818.01,65419.0,63090.07,64940.59,1486949581.439479,BTCUSD,-932.993001,-349.45627,-583.536731,47.39,197142.262,99413.059,1683.8559999999998,-1777994.424,-94282.113
1713657600,2024-04-21 00:00:00,64940.58,65695.56,64237.5,64941.15,1254396628.1531763,BTCUSD,-880.94023,-455.753062,-425.187168,47.39,160533.948,80394.915,255.88199999998324,-1777738.542,-85740.729
1713744000,2024-04-22 00:00:00,64941.15,67232.35,64500.0,66819.32,2071690434.976552,BTCUSD,-680.293413,-500.661132,-179.63228,51.84,246268.411,125262.792,4257.17300000001,-1773481.369,-56765.25
1713830400,2024-04-23 00:00:00,66819.32,67183.01,65765.81,66414.0,1502139968.7198815,BTCUSD,-547.672078,-510.063321,-37.608757,50.84,178665.564,87654.874,-3355.8160000000207,-1776837.185,-57853.408
1713916800,2024-04-24 00:00:00,66414.0,67070.43,63606.06,64289.59,2195714861.657656,BTCUSD,-606.9938,-529.449417,-77.544383,45.85,280545.061,135426.134,-9692.793000000003,-1786529.978,-71689.893
1714003200,2024-04-25 00:00:00,64289.58,65297.94,62794.0,64498.34,2007704069.2622728,BTCUSD,-629.901204,-549.539774,-80.361429,46.41,275211.062,135809.911,-3591.2399999999907,-1790121.218,-71899.324
1714089600,2024-04-26 00:00:00,64498.33,64820.01,63297.48,63770.01,1736631357.3537388,BTCUSD,-698.770637,-579.385947,-119.38469,44.68,202149.813,101321.07,492.3270000000193,-1789628.891,-73904.941
1714176000,2024-04-27 00:00:00,63770.0,63923.41,62391.24,63461.98,1320337707.787116,BTCUSD,-769.337165,-617.376191,-151.960975,43.94,167349.109,81226.942,-4895.225000000006,-1794524.116,-82043.614
1714262400,2024-04-28 00:00:00,63461.98,64370.0,62781.0,63118.62,1078450016.4732296,BTCUSD,-843.247498,-662.550452,-180.697046,43.08,126056.151,61663.9,-2728.350999999995,-1797252.467,-93045.238
1714348800,2024-04-29 00:00:00,63118.62,64228.35,61765.53,63866.0,1765038324.6837213,BTCUSD,-831.924739,-696.425309,-135.499429,45.58,228411.163,113518.04,-1375.0830000000133,-1798627.55,-81478.532
1714435200,2024-04-30 00:00:00,63866.0,64734.0,59191.6,60672.0,3372142467.4322524,BTCUSD,-1068.36503,-770.813253,-297.551776,37.91,408747.703,198449.988,-11847.726999999955,-1810475.277,-90034.575
1714521600,2024-05-01 00:00:00,60672.01,60841.63,56552.82,58364.97,4705572361.7402,BTCUSD,-1425.471754,-901.744953,-523.7268,33.52,564108.4,274396.59,-15315.219999999972,-1825790.497,-103463.492
1714608000,2024-05-02 00:00:00,58364.97,59625.0,56911.84,59060.61,2778840305.0505786,BTCUSD,-1633.518882,-1048.099739,-585.419143,35.93,299229.302,149750.249,271.1959999999963,-1825519.301,-86863.343
1714694400,2024-05-03 00:00:00,59060.6,63333.0,58811.32,62882.01,2658193708.347904,BTCUSD,-1473.062143,-1133.09222,-339.969923,47.24,353606.459,181671.801,9737.14300000004,-1815782.158,-53746.803
1714780800,2024-05-04 00:00:00,62882.01,64540.0,62541.03,63892.04,1547468697.8765795,BTCUSD,-1249.988947,-1156.471565,-93.517382,49.76,205205.199,104727.239,4249.27900000001,-1811532.879,-45787.511
1714867200,2024-05-05 00:00:00,63892.03,64646.0,62822.17,64012.0,1182572239.5306184,BTCUSD,-1051.402153,-1135.457683,84.05553,50.06,185495.653,94388.436,3281.219000000012,-1808251.66,-34778.719
1714953600,2024-05-06 00:00:00,64012.0,65500.0,62700.0,63165.19,2218131198.466132,BTCUSD,-951.384213,-1098.642989,147.258776,47.85,305110.067,151440.965,-2228.136999999988,-1810479.797,-35881.391
1715040000,2024-05-07 00:00:00,63165.18,64422.41,62261.0,62312.08,1624531631.592377,BTCUSD,-930.234953,-1064.961382,134.726429,45.66,238974.646,116629.628,-5715.390000000014,-1816195.187,-32894.101
1715126400,2024-05-08 00:00:00,62312.07,63020.22,60888.0,61193.03,1623561041.1255188,BTCUSD,-992.332998,-1050.435705,58.102707,42.89,241651.579,118665.049,-4321.481,-1820516.668,-39623.18
1715212800,2024-05-09 00:00:00,61193.03,63429.03,60630.0,63074.01,1895849912.773476,BTCUSD,-879.626987,-1016.273961,136.646974,48.55,242451.302,123009.137,3566.972000000009,-1816949.696,-37271.416
1715299200,2024-05-10 00:00:00,63074.0,63469.13,60187.12,60799.99,2255550468.413852,BTCUSD,-962.703623,-1005.559894,42.856271,43.0,307214.96,146348.191,-14518.578000000038,-1831468.274,-53473.85
1715385600,2024-05-11 00:00:00,60799.99,61515.0,60487.09,60825.99,814928013.4573288,BTCUSD,-1014.747099,-1007.397335,-7.349765,43.08,113294.787,56345.489,-603.8089999999938,-1832072.083,-54333.541
1715472000,2024-05-12 00:00:00,60825.99,61888.0,60610.0,61483.99,781041632.4623835,BTCUSD,-991.467805,-1004.211429,12.743624,45.18,104043.897,52092.612,141.32700000000477,-1831930.756,-58449.387
1715558400,2024-05-13 00:00:00,61484.0,63450.0,60749.21,62940.08,2041896626.6108148,BTCUSD,-845.774936,-972.52413,126.749195,49.61,261927.073,133130.471,4333.868999999977,-1827596.887,-50759.702
1715644800,2024-05-14 00:00:00,62940.09,63118.36,61142.77,61577.49,1800171876.1676655,BTCUSD,-830.686278,-944.15656,113.470282,45.87,244345.274,119397.236,-5550.801999999996,-1833147.689,-46617.711
1715731200,2024-05-15 00:00:00,61577.49,66444.16,61319.47,66206.5,2794259631.8910465,BTCUSD,-440.132415,-843.351731,403.219316,57.56,365031.68,190499.939,15968.198000000031,-1817179.491,-27058.273
1715817600,2024-05-16 00:00:00,66206.51,66752.01,64602.77,65235.21,2045507646.8293848,BTCUSD,-206.60899,-716.003183,509.394192,54.88,242455.324,118301.874,-5851.576000000001,-1823031.067,-33402.176
1715904000,2024-05-17 00:00:00,65235.21,67451.2,65106.38,67024.0,1745971822.3447456,BTCUSD,121.400975,-548.522351,669.923326,58.69,227063.919,115163.56,3263.201000000001,-1819767.866,-25243.75
1715990400,2024-05-18 00:00:00,67024.0,67400.01,66600.0,66915.2,967145944.6835316,BTCUSD,368.32615,-365.152651,733.478801,58.37,96931.548,47301.883,-2327.781999999992,-1822095.648,-24843.181
1716076800,2024-05-19 00:00:00,66915.2,67700.0,65857.25,66274.01,1204989222.8768685,BTCUSD,506.439536,-190.834214,697.27375,56.4,148170.35,72802.783,-2564.784000000014,-1824660.432,-26032.882
1716163200,2024-05-20 00:00:00,66274.0,71515.56,66060.31,71446.62,3485474763.752294,BTCUSD,1021.506496,51.633928,969.872568,66.28,366028.078,191363.961,16699.84400000004,-1807960.588,2514.689
1716249600,2024-05-21 00:00:00,71446.62,71979.0,69162.94,70148.34,3509345769.233608,BTCUSD,1309.841391,303.275421,1006.56597,62.45,263674.327,128039.197,-7595.93299999999,-1815556.521,10233.976
1716336000,2024-05-22 00:00:00,70148.34,70666.0,68842.19,69166.62,1931700812.3032143,BTCUSD,1442.503985,531.121134,911.382851,59.65,194160.494,96781.219,-598.0560000000114,-1816154.577,9364.724
1716422400,2024-05-23 00:00:00,69166.62,70096.12,66312.16,67969.65,2766790260.7886024,BTCUSD,1434.518337,711.800574,722.717763,56.33,300093.622,147663.348,-4766.925999999978,-1820921.503,-5139.345
1716508800,2024-05-24 00:00:00,67969.66,69250.0,66600.12,68549.99,1906438696.7156007,BTCUSD,1458.208916,861.082243,597.126674,57.56,186681.082,92018.938,-2643.2060000000056,-1823564.709,-12031.83
1716595200,2024-05-25 00:00:00,68549.99,69610.0,68500.0,69290.57,837339788.9838961,BTCUSD,1519.229753,992.711745,526.518008,59.15,85113.605,43907.678,2701.751000000004,-1820862.958,-12611.298
1716681600,2024-05-26 00:00:00,69290.56,69562.23,68128.01,68507.67,818914878.9908898,BTCUSD,1487.27138,1091.623672,395.647708,56.73,84069.824,40228.585,-3612.653999999995,-1824475.612,-13995.815
1716768000,2024-05-27 00:00:00,68507.67,70687.56,68250.0,69436.43,1604722197.8374028,BTCUSD,1519.372924,1177.173522,342.199402,58.88,170291.356,86676.392,3061.4280000000144,-1821414.184,-5218.997
1716854400,2024-05-28 00:00:00,69436.43,69591.81,67277.91,68398.39,2224860225.799223,BTCUSD,1444.402305,1230.619279,213.783026,55.56,227838.44,109660.98,-8516.48000000001,-1829930.664,-9413.996
1716940800,2024-05-29 00:00:00,68398.4,68935.68,67124.65,67652.42,1573095221.6483984,BTCUSD,1309.696638,1246.434751,63.261887,53.25,158236.599,77869.59,-2497.4189999999944,-1832428.083,-15478.387
1717027200,2024-05-30 00:00:00,67652.41,69500.0,67128.0,68352.17,1945001081.5215864,BTCUSD,1245.053204,1246.158441,-1.105237,55.14,194573.899,98357.395,2140.891000000004,-1830287.192,1181.082
1717113600,2024-05-31 00:00:00,68352.17,69044.1,66670.0,67540.01,1812659052.2496767,BTCUSD,1115.430307,1220.012814,-104.582508,52.48,195751.752,95439.941,-4871.869999999995,-1835159.062,-3086.979
1717200000,2024-06-01 00:00:00,67540.01,67900.0,67428.44,67766.85,598305207.9932046,BTCUSD,1019.257948,1179.861841,-160.603893,53.16,50943.058,24992.383,-958.291999999994,-1836117.354,-4186.598
1717286400,2024-06-02 00:00:00,67766.84,68460.0,67257.47,67765.63,1046827665.3829312,BTCUSD,932.196436,1130.32876,-198.132324,53.16,102194.718,51581.936,969.1540000000095,-1835148.2,-7551.313
1717372800,2024-06-03 00:00:00,67765.62,70288.0,67612.48,68809.9,2047757076.226836,BTCUSD,936.666119,1091.596232,-154.930113,56.47,227676.93,116794.704,5912.478000000003,-1829235.722,3911.967
1717459200,2024-06-04 00:00:00,68809.89,71063.45,68567.32,70537.84,2069902136.99324,BTCUSD,1067.335116,1086.744009,-19.408892,61.35,216100.016,109761.715,3423.4139999999898,-1825812.308,-8632.817
1717545600,2024-06-05 00:00:00,70537.83,71758.0,70383.66,71108.0,2040073765.86764,BTCUSD,1203.030598,1110.001326,93.029271,62.83,203992.034,101350.188,-1291.658000000025,-1827103.966,-4072.899
1717632000,2024-06-06 00:00:00,71108.0,71700.0,70117.64,70799.06,1551467659.1542966,BTCUSD,1270.990185,1142.199098,128.791086,61.46,158483.564,77057.29,-4368.984000000026,-1831472.95,-11705.084
1717718400,2024-06-07 00:00:00,70799.06,71997.02,68420.0,69355.6,2507250591.3329782,BTCUSD,1194.60285,1152.679849,41.923002,55.37,299412.37,146009.568,-7393.233999999997,-1838866.184,-16770.536
1717804800,2024-06-08 00:00:00,69355.6,69582.2,69168.02,69310.46,678267390.5310388,BTCUSD,1117.540604,1145.652,-28.111395,55.18,65739.857,31722.67,-2294.517000000007,-1841160.701,-16500.269
1717891200,2024-06-09 00:00:00,69310.46,69857.14,69130.24,69648.14,687344656.0725566,BTCUSD,1071.366131,1130.794826,-59.428695,56.35,68024.1,34212.091,400.0819999999949,-1840760.619,-32800.031
1717977600,2024-06-10 00:00:00,69648.15,70195.94,69172.29,69540.0,1192466549.969123,BTCUSD,1014.353696,1107.5066,-93.152904,55.85,127381.604,63460.847,-459.9100000000035,-1841220.529,-25664.008
1718064000,2024-06-11 00:00:00,69540.0,69590.01,66051.0,67314.24,2793799020.4691243,BTCUSD,780.572744,1042.119829,-261.547085,46.63,311984.942,147314.548,-17355.84599999996,-1858576.375,-42421.798
1718150400,2024-06-12 00:00:00,67314.23,69999.0,66905.0,68263.99,2550285139.184372,BTCUSD,664.279145,966.551692,-302.272547,50.4,329918.46,165298.555,678.6499999999651,-1857897.725,-36976.222
1718236800,2024-06-13 00:00:00,68263.98,68449.3,66251.78,66773.01,1958897960.917292,BTCUSD,446.657219,862.572797,-415.915578,45.03,248355.461,122545.812,-3263.8369999999995,-1861161.562,-37596.853
1718323200,2024-06-14 00:00:00,66773.01,67370.24,65078.0,66043.99,1884451554.428285,BTCUSD,212.910158,732.64027,-519.730112,42.64,239411.231,115459.583,-8492.065000000002,-1869653.627,-48790.669
1718409600,2024-06-15 00:00:00,66043.99,66478.48,65857.1,66228.25,758175888.0283372,BTCUSD,42.047473,594.52171,-552.474238,43.46,72423.755,35963.018,-497.7190000000119,-1870151.346,-45675.734
1718496000,2024-06-16 00:00:00,66228.25,66998.7,66034.5,66676.87,624653672.6138575,BTCUSD,-56.511127,464.315143,-520.826269,45.49,80361.551,40709.086,1056.6209999999992,-1869094.725,-47680.541
1718582400,2024-06-17 00:00:00,66676.86,67298.81,65130.0,66504.33,1812061226.756565,BTCUSD,-146.849276,342.082259,-488.931535,44.82,248420.787,123564.357,-1292.073000000004,-1870386.798,-40456.134
1718668800,2024-06-18 00:00:00,66504.33,66588.23,64060.0,65175.32,2755141806.03109,BTCUSD,-321.971423,209.271523,-531.242946,39.95,335559.394,162733.278,-10092.837999999989,-1880479.636,-48051.553
1718755200,2024-06-19 00:00:00,65175.32,65727.54,64666.0,64974.37,1307731953.9545317,BTCUSD,-471.536395,73.109939,-544.646334,39.26,150032.669,73128.413,-3775.8429999999935,-1884255.479,-53968.287
1718841600,2024-06-20 00:00:00,64974.37,66482.94,64559.15,64869.99,1584896152.16637,BTCUSD,-591.669903,-59.846029,-531.823874,38.88,220954.676,110113.402,-727.872000000003,-1884983.351,-49824.289
1718928000,2024-06-21 00:00:00,64869.99,65066.66,63379.35,64143.56,1665541539.708616,BTCUSD,-736.997753,-195.276374,-541.721379,36.26,210109.601,100879.403,-8350.794999999984,-1893334.146,-57216.792
1719014400,2024-06-22 00:00:00,64143.56,64546.81,63943.82,64262.01,470027247.3402083,BTCUSD,-833.010766,-322.823253,-510.187514,37.01,53855.862,26068.831,-1718.2000000000044,-1895052.346,-59904.146
1719100800,2024-06-23 00:00:00,64262.01,64521.0,63178.32,63210.01,526848525.0029452,BTCUSD,-982.661865,-454.790975,-527.87089,33.29,72052.293,34220.414,-3611.465000000011,-1898663.811,-69428.089
1719187200,2024-06-24 00:00:00,63210.01,63369.8,58402.0,60293.3,3180853460.924751,BTCUSD,-1321.383474,-628.109475,-693.273999,25.6,445903.184,210050.156,-25802.872000000032,-1924466.683,-98654.375
1719273600,2024-06-25 00:00:00,60293.3,62420.0,60257.06,61806.01,1914901308.84587,BTCUSD,-1451.033128,-792.694205,-658.338922,34.1,264647.317,131574.228,-1498.860999999975,-1925965.544,-98861.578
1719360000,2024-06-26 00:00:00,61806.01,62487.81,60712.0,60864.99,1381716993.355492,BTCUSD,-1611.141624,-956.383689,-654.757935,31.68,170601.18,85546.81,492.4400000000023,-1925473.104,-94000.154
1719446400,2024-06-27 00:00:00,60864.98,62389.22,60606.63,61706.47,1126705164.782892,BTCUSD,-1651.095556,-1095.326062,-555.769493,36.05,160172.482,80692.923,1213.3640000000014,-1924259.74,-85393.556
1719532800,2024-06-28 00:00:00,61706.46,62225.31,60063.0,60427.84,1519872032.026636,BTCUSD,-1765.581564,-1229.377163,-536.204402,32.63,195508.125,96784.819,-1938.4869999999937,-1926198.227,-85037.526
1719619200,2024-06-29 00:00:00,60427.84,61224.0,60383.77,60986.68,701345872.4881144,BTCUSD,-1790.578163,-1341.617363,-448.9608,35.51,79680.289,39587.752,-504.7850000000035,-1926703.012,-85942.393
1719705600,2024-06-30 00:00:00,60986.68,63058.76,60712.21,62772.01,1070250012.5446604,BTCUSD,-1647.337456,-1402.761382,-244.576075,43.78,147777.915,76847.014,5916.112999999983,-1920786.899,-79566.37
1719792000,2024-07-01 00:00:00,62772.01,63861.76,62497.2,62899.99,1550980813.6701343,BTCUSD,-1506.129524,-1423.43501,-82.694514,44.33,193937.938,98856.63,3775.322000000015,-1917011.577,-58435.202
1719878400,2024-07-02 00:00:00,62900.0,63288.83,61806.28,62135.47,1160792332.6175597,BTCUSD,-1439.32001,-1426.61201,-12.708,41.7,163101.243,81181.232,-738.7789999999804,-1917750.356,-59852.631
1719964800,2024-07-03 00:00:00,62135.46,62285.94,59400.0,60208.58,1945901232.9066567,BTCUSD,-1524.28589,-1446.146786,-78.139103,35.92,295303.265,141296.721,-12709.823000000031,-1930460.179,-69298.617
1720051200,2024-07-04 00:00:00,60208.57,60498.19,56771.0,57050.01,3168619756.2436485,BTCUSD,-1825.449517,-1522.007332,-303.442185,28.86,445656.277,212409.431,-20837.41499999998,-1951297.594,-81643.967
1720137600,2024-07-05 00:00:00,57050.02,57546.0,53485.93,56628.79,4515040083.536514,BTCUSD,-2074.202678,-1632.446401,-441.756276,28.06,577193.595,281356.153,-14481.28899999999,-1965778.883,-95627.537
1720224000,2024-07-06 00:00:00,56628.79,58475.0,56018.0,58230.13,1235398733.4357028,BTCUSD,-2117.714896,-1729.5001,-388.214796,35.34,178580.022,93488.592,8397.162000000011,-1957381.721,-88286.996
1720310400,2024-07-07 00:00:00,58230.13,58449.46,55724.37,55857.81,1094135752.4528687,BTCUSD,-2316.917062,-1846.983493,-469.93357,30.43,210361.981,101582.63,-7196.72099999999,-1964578.442,-94191.644
1720396800,2024-07-08 00:00:00,55857.81,58236.73,54260.16,56714.62,2699942701.375511,BTCUSD,-2378.234007,-1953.233595,-425.000411,33.99,464106.957,234598.041,5089.125,-1959489.317,-79009.681
1720483200,2024-07-09 00:00:00,56714.61,58296.0,56289.45,58050.0,1592351321.655387,BTCUSD,-2292.645926,-2021.116062,-271.529864,39.22,257237.048,130489.72,3742.391999999993,-1955746.925,-71491.446
1720569600,2024-07-10 00:00:00,58050.0,59470.0,57157.79,57725.85,1452293495.6501489,BTCUSD,-2225.320838,-2061.957017,-163.363821,38.43,254248.937,126404.528,-1439.880999999994,-1957186.806,-72203.455
1720656000,2024-07-11 00:00:00,57725.85,59650.0,57050.0,57339.89,1728929618.0583844,BTCUSD,-2178.002312,-2085.166076,-92.836236,37.45,293106.959,145317.613,-2471.732999999949,-1959658.539,-66324.393
1720742400,2024-07-12 00:00:00,57339.89,58526.68,56542.47,57889.1,1360201319.0761504,BTCUSD,-2072.29723,-2082.592307,10.295077,39.79,238100.616,118452.911,-1194.7940000000235,-1960853.333,-65800.987
1720828800,2024-07-13 00:00:00,57889.09,59850.0,57756.63,59204.02,900429281.1482327,BTCUSD,-1860.970032,-2038.267852,177.29782,45.09,157884.322,82455.792,7027.262000000017,-1953826.071,-55162.26
1720915200,2024-07-14 00:00:00,59204.01,61420.69,59194.01,60797.91,1273562988.611176,BTCUSD,-1547.044734,-1940.023228,392.978494,50.74,208060.883,107363.688,6666.492999999988,-1947159.578,-22692.895
1721001600,2024-07-15 00:00:00,60797.91,64900.0,60632.3,64724.14,2435540879.028933,BTCUSD,-970.258193,-1746.070221,775.812028,61.31,352222.181,184882.612,17543.043000000005,-1929616.535,-3650.991
1721088000,2024-07-16 00:00:00,64724.06,65388.97,62373.24,65043.99,2725231969.2884507,BTCUSD,-481.787733,-1493.213724,1011.425991,62.02,375258.616,187258.135,-742.3459999999614,-1930358.881,-4885.777
1721174400,2024-07-17 00:00:00,65044.0,66128.63,63854.0,64087.99,1922412273.088209,BTCUSD,-169.854606,-1228.5419,1058.687294,58.54,276656.393,137074.592,-2507.208999999973,-1932866.09,-8606.35
1721260800,2024-07-18 00:00:00,64087.99,65133.3,63238.48,63987.92,1449872437.6497972,BTCUSD,68.490318,-969.135456,1037.625774,58.17,215648.157,106962.381,-1723.3950000000186,-1934589.485,-8391.258
1721347200,2024-07-19 00:00:00,63987.92,67386.0,63300.67,66660.0,2331517674.368659,BTCUSD,467.604656,-681.787434,1149.39209,64.58,311859.805,159849.531,7839.256999999983,-1926750.228,-47.216
1721433600,2024-07-20 00:00:00,66660.01,67598.0,66222.46,67139.96,961878801.8482212,BTCUSD,813.259655,-382.778016,1196.037671,65.6,123564.406,62262.551,960.6959999999964,-1925789.532,-5002.633
1721520000,2024-07-21 00:00:00,67139.97,68366.66,65777.0,68165.34,1465757867.9747431,BTCUSD,1156.600754,-74.902262,1231.503016,67.73,207228.372,105229.857,3231.342000000004,-1922558.19,-5546.613
1721606400,2024-07-22 00:00:00,68165.35,68474.55,66559.97,67532.01,1448418369.8467095,BTCUSD,1361.897505,212.457691,1149.439813,65.05,192991.391,94973.396,-3044.5990000000165,-1925602.789,-7852.433
1721692800,2024-07-23 00:00:00,67532.0,67750.98,65441.08,65936.01,2088544473.323508,BTCUSD,1379.906098,445.947373,933.958725,58.73,270430.68,133378.428,-3673.823999999964,-1929276.613,1183.566
1721779200,2024-07-24 00:00:00,65936.0,67102.01,65111.0,65376.0,1526490826.466997,BTCUSD,1333.616807,623.48126,710.135548,56.65,215079.421,106626.464,-1826.492999999988,-1931103.106,20194.488
1721865600,2024-07-25 00:00:00,65376.01,66175.49,63456.7,65799.95,2266419771.224864,BTCUSD,1315.971729,761.979353,553.992376,57.86,319685.441,156338.33,-7008.781000000017,-1938111.887,27666.996
1721952000,2024-07-26 00:00:00,65799.95,68200.0,65722.63,67907.99,1630839588.6966548,BTCUSD,1455.313144,900.646112,554.667033,63.37,235384.526,118481.678,1578.8299999999872,-1936533.057,20848.664
1722038400,2024-07-27 00:00:00,67908.0,69399.99,66650.0,67896.5,2162335067.023417,BTCUSD,1546.982422,1029.913374,517.069049,63.32,330982.647,167353.059,3723.47100000002,-1932809.586,31768.856
1722124800,2024-07-28 00:00:00,67896.49,68318.43,67066.66,68249.88,736755676.1377451,BTCUSD,1629.36351,1149.803401,479.560109,64.23,116913.935,57897.212,-1119.5109999999986,-1933929.097,25560.22
1722211200,2024-07-29 00:00:00,68249.88,70079.99,66428.0,66784.69,2499265962.091455,BTCUSD,1558.457599,1231.534241,326.923358,57.84,372537.818,183072.335,-6393.148000000045,-1940322.245,15424.68
1722297600,2024-07-30 00:00:00,66784.68,67000.0,65302.67,66188.0,1533270724.799421,BTCUSD,1437.545131,1272.736419,164.808712,55.42,246551.044,119602.533,-7345.978000000003,-1947668.223,9518.583
1722384000,2024-07-31 00:00:00,66188.0,66849.24,64530.0,64628.0,1489443332.5960116,BTCUSD,1201.986416,1258.586418,-56.600002,49.58,246389.446,120770.267,-4848.911999999982,-1952517.135,7141.404
1722470400,2024-08-01 00:00:00,64628.01,65659.78,62302.0,65354.02,2270877792.65868,BTCUSD,1061.650141,1219.199163,-157.549021,52.11,372654.59,179510.319,-13633.952000000048,-1966151.087,-5297.754
1722556800,2024-08-02 00:00:00,65354.02,65596.14,61230.01,61498.33,2469588785.6981573,BTCUSD,632.025081,1101.764346,-469.739265,40.49,421628.42,203752.37,-14123.679999999991,-1980274.767,-26448.696
1722643200,2024-08-03 00:00:00,61498.34,62198.22,59850.0,60697.99,1711555901.18011,BTCUSD,224.3769,926.286857,-701.909958,38.57,290469.956,141057.499,-8354.957999999984,-1988629.725,-41470.147
1722729600,2024-08-04 00:00:00,60697.99,61117.63,57122.77,58161.0,1874490041.5437355,BTCUSD,-299.94355,681.040776,-980.984325,33.19,339512.415,163061.04,-13390.334999999965,-2002020.06,-72403.525
1722816000,2024-08-05 00:00:00,58161.0,58305.59,49000.0,54018.81,8580928177.429902,BTCUSD,-1037.748875,337.282846,-1375.031721,26.66,1281982.025,628048.857,-25884.310999999987,-2027904.371,-97545.49
1722902400,2024-08-06 00:00:00,54018.82,57040.99,53950.0,56022.01,3119018848.329888,BTCUSD,-1444.175852,-19.008894,-1425.166958,33.48,435953.439,219208.73,2464.021000000008,-2025440.35,-92574.26
1722988800,2024-08-07 00:00:00,56022.0,57736.05,54558.62,55134.16,2490553853.602583,BTCUSD,-1816.969343,-378.600984,-1438.36836,32.06,377442.54,187917.695,-1607.149999999965,-2027047.5,-92458.015
1723075200,2024-08-08 00:00:00,55133.76,62745.14,54730.0,61685.99,2836312292.4318185,BTCUSD,-1565.684707,-616.017729,-949.666979,49.21,470117.508,248506.613,26895.71800000005,-2000151.782,-73401.554
1723161600,2024-08-09 00:00:00,61686.0,61744.37,59535.0,60837.99,1878350555.5122635,BTCUSD,-1418.613443,-776.536871,-642.076571,47.54,308674.339,154008.457,-657.4249999999884,-2000809.207,-75019.675
1723248000,2024-08-10 00:00:00,60837.99,61470.58,60242.0,60923.51,607372221.2460399,BTCUSD,-1280.398025,-877.309102,-403.088923,47.73,115593.354,57323.843,-945.6680000000052,-2001754.875,-79196.685
1723334400,2024-08-11 00:00:00,60923.51,61858.0,58286.73,58712.59,1152081498.1567774,BTCUSD,-1333.887849,-968.624852,-365.262998,43.3,202539.076,98529.969,-5479.138000000006,-2007234.013,-81631.224
1723420800,2024-08-12 00:00:00,58712.59,60711.09,57642.21,59346.64,2186851067.316586,BTCUSD,-1310.015342,-1036.90295,-273.112393,44.88,367126.29,183254.227,-617.835999999952,-2007851.849,-78575.236
1723507200,2024-08-13 00:00:00,59346.64,61578.1,58392.88,60587.15,1668247896.8477187,BTCUSD,-1177.424799,-1065.00732,-112.417479,47.94,255934.721,128789.781,1644.841000000015,-2006207.008,-75103.902
1723593600,2024-08-14 00:00:00,60587.16,61800.0,58433.18,58683.39,1705464263.505865,BTCUSD,-1211.992267,-1094.404309,-117.587958,43.91,295662.808,142977.365,-9708.078000000038,-2015915.086,-77803.199
1723680000,2024-08-15 00:00:00,58683.39,59849.38,56078.54,57541.06,2194915865.052229,BTCUSD,-1316.389204,-1138.801288,-177.587916,41.65,360815.946,175409.953,-9996.03999999998,-2025911.126,-89378.069
1723766400,2024-08-16 00:00:00,57541.05,59817.76,57098.62,58874.6,1614654900.3332715,BTCUSD,-1276.80083,-1166.401196,-110.399633,45.2,268756.529,135355.507,1954.485000000044,-2023956.641,-91147.055
1723852800,2024-08-17 00:00:00,58874.59,59700.0,58785.05,59491.99,457737705.7722839,BTCUSD,-1181.983376,-1169.517632,-12.465744,46.81,77085.532,39276.995,1468.4579999999987,-2022488.183,-88559.086
1723939200,2024-08-18 00:00:00,59491.99,60284.99,58408.92,58427.35,813166580.7264851,BTCUSD,-1179.154849,-1171.445076,-7.709773,44.38,149660.264,74267.606,-1125.051999999996,-2023613.235,-83290.99
1724025600,2024-08-19 00:00:00,58427.35,59617.63,57787.3,59438.5,1336287900.197634,BTCUSD,-1082.839565,-1153.723974,70.884408,47.18,214043.139,106731.684,-579.7710000000079,-2024193.006,-76524.783
1724112000,2024-08-20 00:00:00,59438.5,61400.0,58548.23,59013.8,1890620149.79102,BTCUSD,-1028.918023,-1128.762783,99.84476,46.13,287049.13,144312.524,1575.9180000000051,-2022617.088,-70099.953
1724198400,2024-08-21 00:00:00,59013.8,61820.93,58783.47,61156.03,1682529555.0960546,BTCUSD,-804.056097,-1063.821446,259.765349,51.94,270583.679,135514.303,444.9270000000252,-2022172.161,-56021.074
1724284800,2024-08-22 00:00:00,61156.03,61400.0,59724.87,60375.84,1288544247.9560175,BTCUSD,-680.95657,-987.248471,306.291901,49.84,211098.959,103810.037,-3478.8850000000093,-2025651.046,-45376.279
1724371200,2024-08-23 00:00:00,60375.83,64955.0,60342.14,64037.24,2375916932.7935486,BTCUSD,-284.673389,-846.733455,562.060065,58.38,382490.709,197465.519,12440.329000000029,-2013210.717,-24580.992
1724457600,2024-08-24 00:00:00,64037.24,64494.5,63531.0,64157.01,1015774255.1740764,BTCUSD,38.603329,-669.666098,708.269427,58.62,132741.902,66675.71,609.5180000000109,-2012601.199,-10581.139
1724544000,2024-08-25 00:00:00,64157.02,65000.0,63773.27,64220.0,789935122.9930241,BTCUSD,296.467729,-476.439332,772.907061,58.76,115546.888,58769.818,1992.7479999999923,-2010608.451,17295.92
1724630400,2024-08-26 00:00:00,64219.99,64481.0,62800.0,62834.0,1238341818.4320166,BTCUSD,384.555589,-304.240348,688.795937,54.42,195977.222,95792.83,-4391.562000000005,-2015000.013,10440.337
1724716800,2024-08-27 00:00:00,62834.0,63212.0,58034.01,59415.0,2158144642.992993,BTCUSD,176.447154,-208.102848,384.550002,45.5,339269.805,161112.925,-17043.955000000016,-2032043.968,-4996.468
1724803200,2024-08-28 00:00:00,59415.0,60234.98,57860.0,59034.9,2183054412.974087,BTCUSD,-18.932927,-170.268864,151.335937,44.62,313788.567,154108.273,-5572.021000000008,-2037615.989,-37464.207
1724889600,2024-08-29 00:00:00,59034.9,61166.99,58713.09,59359.01,1617931684.258576,BTCUSD,-145.9378,-165.402651,19.464851,45.58,233896.685,116163.951,-1568.7829999999958,-2039184.772,-38375.565
1724976000,2024-08-30 00:00:00,59359.0,59944.07,57701.1,59123.99,1680918972.4658496,BTCUSD,-262.527968,-184.827714,-77.700254,44.97,268276.469,132245.238,-3785.992999999959,-2042970.765,-41215.89
1725062400,2024-08-31 00:00:00,59123.99,59462.38,58744.0,58973.99,519849184.8690447,BTCUSD,-362.847581,-220.431688,-142.415894,44.56,68866.674,34022.557,-821.5599999999977,-2043792.325,-36558.312
1725148800,2024-09-01 00:00:00,58974.0,59076.59,57201.0,57301.86,1202176847.3910584,BTCUSD,-570.699841,-290.485318,-280.214523,40.17,222909.914,107912.495,-7084.923999999999,-2050877.249,-43025.4
1725235200,2024-09-02 00:00:00,57301.77,59425.69,57128.0,59132.13,1333092369.4465685,BTCUSD,-581.038908,-348.596036,-232.442871,46.4,201218.384,105185.507,9152.630000000005,-2041724.619,-35517.611
1725321600,2024-09-03 00:00:00,59132.12,59809.65,57415.0,57487.73,1335076815.8599248,BTCUSD,-713.694997,-421.615828,-292.079169,42.15,230196.497,112535.989,-5124.519,-2046849.138,-30934.052
1725408000,2024-09-04 00:00:00,57487.74,58519.0,55606.0,57970.9,2027630870.179676,BTCUSD,-770.951079,-491.482879,-279.468201,43.78,326983.311,162532.536,-1918.2390000000007,-2048767.377,-22856.251
1725494400,2024-09-05 00:00:00,57970.9,58327.07,55643.65,56180.0,1577770853.1007977,BTCUSD,-949.887883,-583.16388,-366.724004,39.36,294703.592,142199.828,-10303.935999999989,-2059071.313,-35114.672
1725580800,2024-09-06 00:00:00,56180.0,57008.0,52550.0,53962.97,2988914918.9243345,BTCUSD,-1256.112697,-717.753643,-538.359054,34.68,479063.113,229027.842,-21007.429000000004,-2080078.742,-57590.559
1725667200,2024-09-07 00:00:00,53962.97,54850.0,53745.54,54160.86,905693342.5898322,BTCUSD,-1465.931651,-867.389245,-598.542406,35.42,127686.594,61481.961,-4722.671999999991,-2084801.414,-61188.179
1725753600,2024-09-08 00:00:00,54160.86,55318.0,53629.01,54869.95,885743172.9184759,BTCUSD,-1557.048363,-1005.321068,-551.727295,38.12,162078.536,80094.047,-1890.441999999981,-2086691.856,-62498.85
1725840000,2024-09-09 00:00:00,54869.95,58088.0,54591.96,57042.0,1809715390.0493293,BTCUSD,-1437.423013,-1091.741457,-345.681556,45.6,313094.361,161809.297,10524.233000000007,-2076167.623,-53550.535
1725926400,2024-09-10 00:00:00,57042.01,58044.36,56386.4,57635.99,1349365460.0900571,BTCUSD,-1279.934742,-1129.380114,-150.554628,47.47,228317.676,114113.817,-90.04200000001583,-2076257.665,-54085.504
1726012800,2024-09-11 00:00:00,57635.99,57981.71,55545.19,57338.0,1875738697.378416,BTCUSD,-1165.731626,-1136.650417,-29.08121,46.61,338231.445,166536.314,-5158.816999999981,-2081416.482,-55765.436
1726099200,2024-09-12 00:00:00,57338.0,58588.0,57324.0,58132.32,1802848638.0757017,BTCUSD,-999.607002,-1109.241734,109.634732,49.27,261449.688,133061.371,4673.054000000033,-2076743.428,-63532.711
1726185600,2024-09-13 00:00:00,58132.31,60625.0,57632.62,60498.0,1760671733.5492997,BTCUSD,-669.345635,-1021.262514,351.916879,56.25,277429.492,143075.046,8720.599999999977,-2068022.828,-55421.629
1726272000,2024-09-14 00:00:00,60497.99,60610.45,59400.0,59993.03,728527024.3416963,BTCUSD,-443.248488,-905.659709,462.411221,54.52,102580.577,49816.107,-2948.3629999999976,-2070971.191,-60362.74
1726358400,2024-09-15 00:00:00,59993.02,60395.8,58691.05,59132.0,822410872.3906957,BTCUSD,-329.741738,-790.476114,460.734377,51.62,130524.206,63898.203,-2727.800000000003,-2073698.991,-58698.978
1726444800,2024-09-16 00:00:00,59132.0,59210.7,57493.3,58213.99,1543273198.7027452,BTCUSD,-310.285774,-694.438046,384.152272,48.64,250699.432,124364.721,-1969.9899999999907,-2075668.981,-43625.013
1726531200,2024-09-17 00:00:00,58213.99,61320.0,57610.01,60313.99,1983378424.775704,BTCUSD,-123.98511,-580.347459,456.362349,55.03,318442.066,162650.99,6859.91399999999,-2068809.067,-31193.078
1726617600,2024-09-18 00:00:00,60313.99,61786.24,59174.8,61759.99,2174000496.820776,BTCUSD,138.740312,-436.529905,575.270217,58.83,355729.312,178557.03,1384.7480000000214,-2067424.319,-28239.547
1726704000,2024-09-19 00:00:00,61759.98,63850.0,61555.0,62947.99,2153175931.173872,BTCUSD,437.767462,-261.670432,699.437893,61.69,302382.412,154468.425,6554.4379999999655,-2060869.881,-17899.116
1726790400,2024-09-20 00:00:00,62948.0,64133.32,62350.0,63201.05,1611195963.9908044,BTCUSD,687.246312,-71.887083,759.133395,62.3,257172.835,127396.139,-2380.5570000000007,-2063250.438,-19458.113
1726876800,2024-09-21 00:00:00,63201.05,63559.9,62758.0,63348.96,528657852.3183024,BTCUSD,886.674171,119.825168,766.849003,62.66,78248.362,39389.066,529.7700000000041,-2062720.668,-11843.419
1726963200,2024-09-22 00:00:00,63348.97,64000.0,62357.93,63578.76,897477338.3735126,BTCUSD,1051.148145,306.089763,745.058381,63.27,149129.884,75059.64,989.396000000008,-2061731.272,-20006.653
1727049600,2024-09-23 00:00:00,63578.76,64745.88,62538.75,63339.99,1531015038.3680267,BTCUSD,1148.983444,474.668499,674.314945,62.15,234343.564,116291.356,-1760.8520000000135,-2063492.124,-16642.986
1727136000,2024-09-24 00:00:00,63339.99,64688.0,62700.0,64262.7,1472720338.8562915,BTCUSD,1286.147699,636.964339,649.18336,64.74,236987.628,118461.883,-63.861999999993714,-2063555.986,-14788.609
1727222400,2024-09-25 00:00:00,64262.7,64817.99,62947.08,63152.01,1135250828.2732148,BTCUSD,1290.353566,767.642185,522.711381,59.45,184950.772,89579.443,-5791.885999999999,-2069347.872,-10276.559
1727308800,2024-09-26 00:00:00,63152.01,65839.0,62670.0,65173.99,1831204595.9448967,BTCUSD,1440.241427,902.162033,538.079394,65.05,321186.356,164114.507,7042.657999999996,-2062305.214,17773.528
1727395200,2024-09-27 00:00:00,65173.99,66498.0,64819.9,65769.95,1448852210.3602211,BTCUSD,1588.802897,1039.490206,549.312691,66.52,226404.021,115294.899,4185.777000000002,-2058119.437,26681.977
1727481600,2024-09-28 00:00:00,65769.95,66260.0,65422.23,65858.0,600118483.1222521,BTCUSD,1694.115127,1170.41519,523.699937,66.74,92773.553,45357.404,-2058.744999999996,-2060178.182,26513.674
1727568000,2024-09-29 00:00:00,65858.0,66076.12,65432.0,65602.01,547980013.7152303,BTCUSD,1736.897699,1283.711692,453.186007,65.38,88131.799,44105.125,78.45100000000093,-2060099.731,16067.892
1727654400,2024-09-30 00:00:00,65602.01,65618.8,62856.3,63327.59,1920250261.744216,BTCUSD,1569.187889,1340.806931,228.380957,54.72,296848.373,142277.859,-12292.655000000028,-2072392.386,3865.279
1727740800,2024-10-01 00:00:00,63327.6,64130.63,60164.0,60805.78,2723672081.8326254,BTCUSD,1218.738802,1316.393306,-97.654504,45.81,429817.835,202041.673,-25734.489,-2098126.875,-16710.393
1727827200,2024-10-02 00:00:00,60804.92,62390.31,60000.0,60649.28,1928377637.836784,BTCUSD,917.797337,1236.674112,-318.876775,45.31,327001.805,165312.966,3624.1269999999786,-2094502.748,-17759.32
1727913600,2024-10-03 00:00:00,60649.27,61477.19,59828.11,60752.71,1590773866.8074434,BTCUSD,679.808585,1125.301006,-445.492422,45.73,286137.212,142442.832,-1251.5480000000098,-2095754.296,-27731.468
1728000000,2024-10-04 00:00:00,60752.72,62484.85,60459.9,62086.0,1311145630.5020497,BTCUSD,591.96237,1018.633279,-426.670909,50.91,234795.836,117924.251,1052.6659999999974,-2094701.63,-23730.439
1728086400,2024-10-05 00:00:00,62086.0,62370.56,61689.26,62058.0,484588468.3419123,BTCUSD,514.15736,917.738095,-403.580735,50.81,74330.781,36354.653,-1621.4750000000058,-2096323.105,-22624.114
1728172800,2024-10-06 00:00:00,62058.01,62975.0,61798.97,62819.91,555669634.4773513,BTCUSD,508.118822,835.814241,-327.695419,53.73,96413.453,49785.603,3157.7530000000115,-2093165.352,-17496.371
1728259200,2024-10-07 00:00:00,62819.91,64478.19,62128.0,62224.0,1646315506.5791943,BTCUSD,450.060265,758.663445,-308.603181,51.17,298949.375,150408.794,1868.2129999999888,-2091297.139,-22488.072
1728345600,2024-10-08 00:00:00,62224.01,63200.0,61860.31,62160.49,1230076253.818657,BTCUSD,394.377575,685.806271,-291.428697,50.89,226276.359,113386.113,495.8669999999984,-2090801.272,-23376.953
1728432000,2024-10-09 00:00:00,62160.5,62543.75,60301.0,60636.02,1234778807.5932417,BTCUSD,224.647062,593.574429,-368.927368,44.61,217302.173,102493.086,-12316.001000000018,-2103117.273,-42247.392
1728518400,2024-10-10 00:00:00,60636.01,61321.68,58946.0,60326.39,1445604381.9363792,BTCUSD,64.407405,487.741025,-423.333619,43.44,262947.653,126668.725,-9610.20299999998,-2112727.476,-49477.038
1728604800,2024-10-11 00:00:00,60326.4,63417.56,60087.64,62540.0,1462219576.8498647,BTCUSD,114.713801,413.13558,-298.421779,52.95,263691.142,136678.025,9664.907999999996,-2103062.568,-40341.9
1728691200,2024-10-12 00:00:00,62539.99,63480.0,62487.23,63206.22,686978508.9887543,BTCUSD,205.966119,371.701688,-165.735569,55.39,102784.406,52596.644,2408.881999999998,-2100653.686,-38922.414
1728777600,2024-10-13 00:00:00,63206.23,63285.72,62050.0,62870.02,746564374.2082387,BTCUSD,248.293535,347.020057,-98.726522,53.87,129696.156,65051.714,407.2719999999972,-2100246.414,-36754.29
1728864000,2024-10-14 00:00:00,62870.02,66500.0,62457.81,66083.99,2450094472.8135448,BTCUSD,535.011556,384.618357,150.393199,64.0,338251.601,178341.255,18430.908999999985,-2081815.505,-18259.519
1728950400,2024-10-15 00:00:00,66084.0,67950.0,64800.01,67074.14,2894021862.319518,BTCUSD,832.537509,474.202187,358.335321,66.45,422005.511,212525.53,3045.548999999999,-2078769.956,-9422.084
1729036800,2024-10-16 00:00:00,67074.14,68424.0,66750.49,67620.01,2024560410.106268,BTCUSD,1099.699466,599.301643,500.397823,67.75,254153.501,129797.416,5441.331000000006,-2073328.625,-11023.411
1729123200,2024-10-17 00:00:00,67620.0,67939.4,66666.0,67421.78,1702164439.5654595,BTCUSD,1280.668983,735.575111,545.093872,66.73,220272.837,108933.392,-2406.0529999999853,-2075734.678,-17615.241
1729209600,2024-10-18 00:00:00,67421.78,69000.0,67192.36,68428.0,1959735899.8769643,BTCUSD,1488.12796,886.085681,602.04228,69.24,245301.761,124706.313,4110.864999999991,-2071623.813,-11445.631
1729296000,2024-10-19 00:00:00,68427.99,68693.26,68010.0,68378.0,559628628.9613105,BTCUSD,1629.719718,1034.812488,594.90723,68.97,68632.108,33351.493,-1929.1219999999885,-2073552.935,-13453.204
1729382400,2024-10-20 00:00:00,68377.99,69400.0,68100.0,69031.99,854082429.8105861,BTCUSD,1774.25127,1182.700245,591.551025,70.63,105939.492,55143.159,4346.826000000001,-2069206.109,3186.277
1729468800,2024-10-21 00:00:00,69032.0,69519.52,66840.67,67377.5,2130833593.5466976,BTCUSD,1735.286744,1293.217545,442.0692,61.63,253437.333,122912.479,-7612.375,-2076818.484,21308.391
1729555200,2024-10-22 00:00:00,67377.5,67836.01,66571.42,67426.0,1654285791.6605556,BTCUSD,1688.852581,1372.344552,316.508029,61.78,218518.977,106501.52,-5515.937000000005,-2082334.421,12168.327
1729641600,2024-10-23 00:00:00,67426.01,67472.83,65260.0,66668.65,1695101430.9187467,BTCUSD,1572.81097,1412.437835,160.373134,57.88,248215.058,119532.632,-9149.793999999994,-2091484.215,4270.081
1729728000,2024-10-24 00:00:00,66668.65,68850.0,66510.0,68198.28,1526736320.912938,BTCUSD,1585.993173,1447.148903,138.84427,62.97,212340.722,106868.448,1396.173999999999,-2090088.041,4613.589
1729814400,2024-10-25 00:00:00,68198.27,68771.49,65596.29,66698.33,2320667435.2932534,BTCUSD,1458.592982,1449.437719,9.155263,55.85,348511.871,167089.238,-14333.39499999996,-2104421.436,-8098.331
1729900800,2024-10-26 00:00:00,66698.32,67454.55,66439.9,67092.76,792887047.147892,BTCUSD,1373.620377,1434.27425,-60.653873,57.22,94169.992,47331.442,492.8920000000071,-2103928.544,-10763.192
1729987200,2024-10-27 00:00:00,67092.76,68332.05,66913.73,68021.7,585006148.4704809,BTCUSD,1365.496081,1420.518616,-55.022535,60.34,88468.808,45814.326,3159.8439999999973,-2100768.7,-9471.561
1730073600,2024-10-28 00:00:00,68021.69,70270.0,67618.0,69962.21,2005105729.8174448,BTCUSD,1498.368201,1436.088533,62.279668,65.93,256128.622,135854.89,15581.158000000023,-2085187.542,5613.73
1730160000,2024-10-29 00:00:00,69962.21,73620.12,69760.0,72736.42,3602465986.891757,BTCUSD,1806.69937,1510.210701,296.48867,72.01,382502.06,199025.299,15548.538,-2069639.004,33478.269
1730246400,2024-10-30 00:00:00,72736.41,72961.0,71436.0,72344.74,1941210537.2882867,BTCUSD,1996.43508,1607.455577,388.979503,70.11,227108.808,113211.086,-686.6359999999986,-2070325.64,42401.836
1730332800,2024-10-31 00:00:00,72344.75,72700.0,69685.76,70292.01,2091144977.4946847,BTCUSD,1958.586475,1677.681756,280.904719,61.01,256485.328,122732.5,-11020.328000000009,-2081345.968,21716.6
1730419200,2024-11-01 00:00:00,70292.01,71632.95,68820.14,69496.01,2677358022.00497,BTCUSD,1843.114361,1710.768277,132.346083,57.88,352591.088,170405.189,-11780.709999999965,-2093126.678,7527.008
1730505600,2024-11-02 00:00:00,69496.0,69914.37,69000.14,69374.74,731232427.6311549,BTCUSD,1721.966643,1713.00795,8.958693,57.4,79314.105,38567.431,-2179.243000000002,-2095305.921,4940.493
1730592000,2024-11-03 00:00:00,69374.74,69391.0,67478.73,68775.99,1709666206.4062023,BTCUSD,1559.663256,1682.339011,-122.675756,54.95,226477.376,110474.573,-5528.229999999981,-2100834.151,-19018.646
1730678400,2024-11-04 00:00:00,68775.99,69500.0,66835.0,67850.01,2033902307.002776,BTCUSD,1340.861191,1614.043447,-273.182256,51.32,244912.166,120605.019,-3702.127999999997,-2104536.279,-25766.323
1730764800,2024-11-05 00:00:00,67850.01,70577.91,67476.63,69372.01,2310418908.069922,BTCUSD,1275.567709,1546.3483,-270.780591,56.42,273070.87,137002.02,933.1699999999836,-2103603.109,-30274.484
1730851200,2024-11-06 00:00:00,69372.01,76400.0,69298.0,75571.99,7702283270.25801,BTCUSD,1704.460761,1577.970792,126.489969,70.15,677440.286,345735.567,14030.847999999998,-2089572.261,-13837.583
1730937600,2024-11-07 00:00:00,75571.99,76849.99,74416.0,75857.89,3391796661.971956,BTCUSD,2043.870865,1671.150807,372.720058,70.61,280675.033,139928.414,-818.2050000000163,-2090390.466,-18766.653
1731024000,2024-11-08 00:00:00,75857.89,77199.99,75555.0,76509.78,2784449097.5315185,BTCUSD,2338.501107,1804.620867,533.880241,71.68,230370.324,114282.624,-1805.076000000001,-2092195.542,-18642.607
1731110400,2024-11-09 00:00:00,76509.78,76900.0,75714.66,76677.46,1294709001.60289,BTCUSD,2556.063364,1954.909366,601.153998,71.97,117754.034,59583.942,1413.8500000000058,-2090781.692,-21575.583
1731196800,2024-11-10 00:00:00,76677.46,81500.0,76492.0,80370.01,4905441473.900737,BTCUSD,2991.95159,2162.317811,829.633779,77.34,417426.899,215382.123,13337.347000000009,-2077444.345,-625.861
1731283200,2024-11-11 00:00:00,80370.01,89530.54,80216.01,88647.99,6944268709.94272,BTCUSD,3959.714826,2521.797214,1437.917612,84.51,614141.662,316223.693,18305.72400000005,-2059138.621,23195.8
1731369600,2024-11-12 00:00:00,88648.0,89940.0,85072.0,87952.01,8540084566.279818,BTCUSD,4617.289157,2940.895603,1676.393555,82.15,639481.584,314356.606,-10768.371999999974,-2069906.993,21577.222
1731456000,2024-11-13 00:00:00,87952.0,93265.64,86127.99,90375.2,7790928962.043038,BTCUSD,5273.166948,3407.349872,1865.817077,83.84,555288.297,277133.514,-1021.2689999999712,-2070928.262,19159.779
1731542400,2024-11-14 00:00:00,90375.21,91790.0,86668.21,87325.59,5073860815.928665,BTCUSD,5483.664512,3822.6128,1661.051712,74.32,364621.68,175052.126,-14517.428000000014,-2085445.69,18975.746
1731628800,2024-11-15 00:00:00,87325.59,91850.0,87073.38,91032.07,4276238971.181429,BTCUSD,5881.76597,4234.443434,1647.322536,77.64,314431.908,157612.637,793.36599999998,-2084652.324,19276.22
1731715200,2024-11-16 00:00:00,91032.08,91779.66,90056.17,90586.92,2067958511.904848,BTCUSD,6091.129609,4605.780669,1485.34894,76.36,129023.447,63437.962,-2147.523000000001,-2086799.847,13968.853
1731801600,2024-11-17 00:00:00,90587.98,91449.99,88722.0,89855.99,2153871724.810395,BTCUSD,6127.438561,4910.112247,1217.326314,74.2,167504.792,80279.079,-6946.633999999991,-2093746.481,-8558.939
1731888000,2024-11-18 00:00:00,89855.98,92594.0,89376.9,90464.08,4239909950.6618943,BTCUSD,6134.56599,5155.002996,979.562994,74.84,333557.11,165196.218,-3164.673999999999,-2096911.155,-27272.151
1731974400,2024-11-19 00:00:00,90464.07,93905.51,90357.0,92310.79,4025108502.8496137,BTCUSD,6217.556471,5367.513691,850.042781,76.72,303532.031,154196.033,4860.034999999974,-2092051.12,-21725.48
1732060800,2024-11-20 00:00:00,92310.8,94831.97,91500.0,94286.56,3950932314.6460686,BTCUSD,6369.333442,5567.877641,801.455801,78.57,290044.227,145898.739,1753.2509999999893,-2090297.869,-8951.901
1732147200,2024-11-21 00:00:00,94286.56,98988.0,94040.0,98317.12,6722807908.325656,BTCUSD,6737.18818,5801.739749,935.448431,81.75,418383.136,213934.313,9485.48999999999,-2080812.379,12314.299
1732233600,2024-11-22 00:00:00,98317.12,99588.01,97122.11,98892.0,4555536773.363205,BTCUSD,6994.475759,6040.286951,954.188808,82.16,265774.067,130427.272,-4919.5229999999865,-2085731.902,9574.019
1732320000,2024-11-23 00:00:00,98892.0,98908.85,97136.0,97672.4,2431609866.3295145,BTCUSD,7019.055192,6236.040599,783.014593,78.18,120358.422,57833.796,-4690.830000000002,-2090422.732,10411.419
1732406400,2024-11-24 00:00:00,97672.4,98564.0,95734.77,97900.04,3034172011.9517884,BTCUSD,6976.482666,6384.129013,592.353654,78.39,173118.84,84519.177,-4080.486000000005,-2094503.218,10033.061
1732492800,2024-11-25 00:00:00,97900.05,98871.8,92600.19,93010.01,4883444806.322193,BTCUSD,6473.536184,6402.010447,71.525737,64.09,329375.021,156656.185,-16062.651000000013,-2110565.869,-6962.76
1732579200,2024-11-26 00:00:00,93010.01,94973.37,90791.1,91965.16,5370918648.818167,BTCUSD,5922.367445,6306.081847,-383.714401,61.5,344929.233,169186.591,-6556.051000000036,-2117121.92,-27549.659
1732665600,2024-11-27 00:00:00,91965.16,97208.21,91792.14,95863.11,3894358511.6175647,BTCUSD,5733.996297,6191.664737,-457.668439,66.87,237005.987,119608.298,2210.6089999999967,-2114911.311,-24520.845
1732752000,2024-11-28 00:00:00,95863.11,96564.0,94640.0,95643.98,2749861591.2596097,BTCUSD,5503.586922,6054.049174,-550.462252,66.31,154007.026,77818.663,1630.2999999999884,-2113281.011,-21085.469
1732838400,2024-11-29 00:00:00,95643.99,98619.99,95364.99,97460.0,2690451030.634288,BTCUSD,5405.215508,5924.282441,-519.066932,68.65,190520.949,96983.959,3446.969000000012,-2109834.042,-19052.35
1732924800,2024-11-30 00:00:00,97460.0,97463.95,96092.01,96407.99,1402672950.6998208,BTCUSD,5182.624965,5775.950946,-593.32598,65.8,93074.218,45055.735,-2962.7479999999923,-2112796.79,-35352.445
1733011200,2024-12-01 00:00:00,96407.99,97836.0,95693.88,97185.18,1641327626.6062205,BTCUSD,5011.167475,5622.994251,-611.826777,66.89,113222.99,56376.584,-469.8220000000001,-2113266.612,-54127.991
1733097600,2024-12-02 00:00:00,97185.17,98130.0,94395.0,95840.62,3646639621.737588,BTCUSD,4712.469013,5440.889204,-728.42019,63.13,257613.911,125164.847,-7284.217000000004,-2120550.829,-50643.836
1733184000,2024-12-03 00:00:00,95840.61,96305.52,93578.17,95849.69,3413995542.018656,BTCUSD,4425.466185,5237.8046,-812.338415,63.14,206601.98,101902.052,-2797.8760000000184,-2123348.705,-52420.443
1733270400,2024-12-04 00:00:00,95849.69,99000.0,94587.83,98587.32,4241994533.7861056,BTCUSD,4368.560194,5063.955719,-695.395524,67.46,275949.205,138709.043,1468.880999999994,-2121879.824,-36434.134
1733356800,2024-12-05 00:00:00,98587.32,104088.0,90500.0,96945.63,11048002942.149933,BTCUSD,4143.230542,4879.810683,-736.580142,62.72,580277.391,287805.322,-4666.746999999974,-2126546.571,-41894.247
1733443200,2024-12-06 00:00:00,96945.63,101898.99,95981.72,99740.84,4456641685.364444,BTCUSD,4142.453628,4732.339272,-589.885644,66.98,282369.608,138602.426,-5164.755999999994,-2131711.327,-44911.48
1733529600,2024-12-07 00:00:00,99740.84,100439.18,98844.0,99831.99,1487953846.8385458,BTCUSD,4101.908711,4606.25316,-504.344449,67.11,95858.658,46690.787,-2477.0840000000026,-2134188.411,-40441.93
1733616000,2024-12-08 00:00:00,99831.99,101351.0,98657.7,101109.59,1459576946.402151,BTCUSD,4125.314162,4510.06536,-384.751199,68.98,109755.676,54846.329,-63.01800000001094,-2134251.429,-37340.274
1733702400,2024-12-09 00:00:00,101109.6,101215.93,94150.05,97276.47,5283626995.705648,BTCUSD,3790.863684,4366.225025,-575.361341,58.27,326973.59,154603.214,-17767.16200000001,-2152018.591,-59967.471
1733788800,2024-12-10 00:00:00,97276.48,98270.0,94256.54,96593.0,4988660195.092429,BTCUSD,3431.107284,4179.201477,-748.094193,56.58,291490.744,145065.327,-1360.0900000000256,-2153378.681,-63080.812
1733875200,2024-12-11 00:00:00,96593.0,101888.0,95658.24,101125.0,3745703763.01845,BTCUSD,3471.672985,4037.695779,-566.022793,64.02,221807.705,114251.792,6695.879000000015,-2146682.802,-65870.423
1733961600,2024-12-12 00:00:00,101125.0,102540.0,99311.64,100004.29,2949462583.8661704,BTCUSD,3374.490637,3905.05475,-530.564113,61.23,215219.075,108312.625,1406.1749999999884,-2145276.627,-59544.725
1734048000,2024-12-13 00:00:00,100004.29,101895.26,99205.0,101424.25,2203903393.0741005,BTCUSD,3373.168049,3798.67741,-425.509361,63.41,152437.318,76027.654,-382.0100000000093,-2145658.637,-55235.905
1734134400,2024-12-14 00:00:00,101424.24,102650.0,100609.41,101420.0,1441594367.0463192,BTCUSD,3333.352141,3705.612356,-372.260215,63.39,107680.549,53113.631,-1453.2869999999966,-2147111.924,-52608.706
1734220800,2024-12-15 00:00:00,101420.0,105250.0,101237.14,104463.99,2290462903.835791,BTCUSD,3506.995835,3665.889052,-158.893217,67.88,157733.916,84467.83,11201.744000000006,-2135910.18,-25344.311
1734307200,2024-12-16 00:00:00,104463.99,107793.07,103333.0,106058.66,4364964400.634553,BTCUSD,3730.285842,3678.76841,51.517432,69.96,274395.756,138944.346,3492.935999999987,-2132417.244,-15295.324
1734393600,2024-12-17 00:00:00,106058.65,108353.0,105321.49,106133.74,3103833327.775107,BTCUSD,3868.707064,3716.756141,151.950923,70.06,197773.912,99997.28,2220.6479999999865,-2130196.596,-15285.285
1734480000,2024-12-18 00:00:00,106133.74,106524.98,100000.0,100204.01,5194263316.259236,BTCUSD,3460.042014,3665.413315,-205.371301,54.82,328581.935,155604.905,-17372.125,-2147568.721,-34287.71
1734566400,2024-12-19 00:00:00,100204.01,102800.11,95700.0,97461.86,5487546517.707753,BTCUSD,2881.685157,3508.667684,-626.982527,49.46,372968.463,179453.917,-14060.629000000015,-2161629.35,-51795.308
1734652800,2024-12-20 00:00:00,97461.86,98233.0,92232.54,97805.44,6022845238.832326,BTCUSD,2423.12494,3291.559135,-868.434195,50.12,396188.795,192090.031,-12008.733000000007,-2173638.083,-60841.293
1734739200,2024-12-21 00:00:00,97805.44,99540.61,96398.39,97291.99,2296232055.195926,BTCUSD,1995.281181,3032.303544,-1037.022363,49.09,161258.48,80347.265,-563.9500000000116,-2174202.033,-60935.421
1734825600,2024-12-22 00:00:00,97292.0,97448.08,94250.35,95186.27,1857819866.3604,BTCUSD,1469.360045,2719.714844,-1250.354799,45.01,148114.735,70507.415,-7099.904999999999,-2181301.938,-60751.109
1734912000,2024-12-23 00:00:00,95186.28,96538.92,92520.0,94881.47,3100007213.494563,BTCUSD,1016.254198,2379.022715,-1362.768517,44.43,247211.855,121829.032,-3553.790999999997,-2184855.729,-61507.024
1734998400,2024-12-24 00:00:00,94881.47,99487.99,93569.02,98663.58,2287214424.706476,BTCUSD,951.382276,2093.494627,-1142.112352,52.54,211610.632,109376.056,7141.479999999981,-2177714.249,-55834.425
1735084800,2024-12-25 00:00:00,98663.58,99569.15,97632.02,99429.6,1426143976.0493636,BTCUSD,950.821741,1864.96005,-914.138309,54.01,124696.892,62253.484,-189.9240000000136,-2177904.173,-51357.602
1735171200,2024-12-26 00:00:00,99429.61,99963.7,95199.14,95791.6,2049123567.3867724,BTCUSD,649.336173,1621.835275,-972.499101,46.65,194857.651,95170.879,-4515.893000000011,-2182420.066,-50708.739
1735257600,2024-12-27 00:00:00,95791.6,97544.58,93500.01,94299.03,2528567849.7794614,BTCUSD,286.664277,1354.801075,-1068.136798,44.0,206008.243,102046.139,-1915.9649999999965,-2184336.031,-50147.62
1735344000,2024-12-28 00:00:00,94299.03,95733.99,94135.66,95300.0,794651624.8349556,BTCUSD,79.102258,1099.661312,-1020.559054,46.2,67991.349,35331.939,2672.528999999995,-2181663.502,-47412.073
1735430400,2024-12-29 00:00:00,95300.0,95340.0,93009.52,93738.2,1278370863.9768472,BTCUSD,-209.007042,837.927641,-1046.934683,43.33,95047.934,44931.737,-5184.459999999992,-2186847.962,-34829.371
1735516800,2024-12-30 00:00:00,93738.19,95024.5,91530.45,92792.05,2573126059.769478,BTCUSD,-507.828208,568.776471,-1076.604679,41.65,222343.593,111061.003,-221.5869999999996,-2187069.549,-33690.868
1735603200,2024-12-31 00:00:00,92792.05,96250.0,92033.73,93576.0,1845718801.922704,BTCUSD,-673.622817,320.296613,-993.919431,43.61,178648.116,91654.172,4660.228000000003,-2182409.321,-35726.519
1735689600,2025-01-01 00:00:00,93576.0,95151.15,92888.0,94591.79,975444194.1379983,BTCUSD,-714.810584,113.275174,-828.085758,46.13,91236.66,45712.481,188.30199999999604,-2182221.019,-36944.392
1735776000,2025-01-02 00:00:00,94591.78,97839.5,94392.0,96984.79,2118411852.68128,BTCUSD,-548.039626,-18.987786,-529.05184,51.62,181645.495,91670.018,1694.5409999999974,-2180526.478,-34867.841
1735862400,2025-01-03 00:00:00,96984.79,98976.91,96100.01,98174.18,1486610768.5907917,BTCUSD,-316.253039,-78.440837,-237.812202,54.13,125220.674,62635.65,50.62600000000384,-2180475.852,-33363.928
1735948800,2025-01-04 00:00:00,98174.17,98778.43,97514.79,98220.5,881223751.6353604,BTCUSD,-127.354795,-88.223628,-39.131167,54.23,71914.634,34608.531,-2697.572,-2183173.424,-47263.244
1736035200,2025-01-05 00:00:00,98220.51,98836.85,97276.79,98363.61,793931715.9546323,BTCUSD,33.509923,-63.876918,97.386841,54.55,74949.289,36787.547,-1374.195000000007,-2184547.619,-52130.375
1736121600,2025-01-06 00:00:00,98363.61,102480.0,97920.0,102235.6,2540561688.7771435,BTCUSD,468.038351,42.506136,425.532215,62.39,207493.329,106223.517,4953.705000000016,-2179593.914,-49397.318
1736208000,2025-01-07 00:00:00,102235.6,102724.38,96181.81,96954.61,3170421659.717236,BTCUSD,381.871525,110.379214,271.492311,49.78,258711.309,124202.163,-10306.983000000007,-2189900.897,-42332.176
1736294400,2025-01-08 00:00:00,96954.6,97268.65,92500.9,95060.61,3205849081.112962,BTCUSD,158.921772,120.087725,38.834047,46.17,262012.113,125746.041,-10520.031000000015,-2200420.928,-38791.578
1736380800,2025-01-09 00:00:00,95060.61,95382.32,91203.67,92552.49,3217669887.2453976,BTCUSD,-217.642984,52.541583,-270.184567,41.85,257760.902,122609.978,-12540.945999999996,-2212961.874,-39323.791
1736467200,2025-01-10 00:00:00,92552.49,95836.0,92206.02,94726.11,2962085343.283704,BTCUSD,-336.7979,-25.326313,-311.471587,46.52,261942.954,131544.773,1146.591999999975,-2211815.282,-37613.249
1736553600,2025-01-11 00:00:00,94726.1,95050.94,93831.73,94599.99,665685994.93301,BTCUSD,-436.375594,-107.53617,-328.839425,46.29,64661.763,31163.719,-2334.324999999997,-2214149.607,-32847.669
1736640000,2025-01-12 00:00:00,94599.99,95450.1,93711.19,94545.06,813278829.6583949,BTCUSD,-513.801245,-188.789185,-325.01206,46.18,77298.133,38243.259,-811.6150000000052,-2214961.222,-30105.493
1736726400,2025-01-13 00:00:00,94545.07,95940.0,89256.69,94536.1,3930666134.3474574,BTCUSD,-569.32184,-264.895716,-304.426125,46.16,361150.49,174597.8,-11954.890000000014,-2226916.112,-49201.863
1736812800,2025-01-14 00:00:00,94536.11,97371.0,94346.22,96560.86,2676048470.3569503,BTCUSD,-444.813568,-300.879286,-143.934282,51.05,212859.661,109290.334,5721.007000000012,-2221195.105,-43290.932
1736899200,2025-01-15 00:00:00,96560.85,100681.94,96500.0,100497.35,3006242382.8867946,BTCUSD,-28.173257,-246.33808,218.164824,58.87,222417.566,114044.233,5670.899999999994,-2215524.205,-33104.139
1736985600,2025-01-16 00:00:00,100497.35,100866.66,97335.13,99987.3,2765162040.639799,BTCUSD,257.887651,-145.492934,403.380585,57.59,216802.52,106931.954,-2938.6119999999937,-2218462.817,-34126.786
1737072000,2025-01-17 00:00:00,99987.3,105865.22,99950.77,104077.48,4040993985.475047,BTCUSD,805.352719,44.676197,760.676523,64.31,249449.969,129505.273,9560.57699999999,-2208902.24,-27238.738
1737158400,2025-01-18 00:00:00,104077.47,104988.88,102277.55,104556.23,2521522119.379525,BTCUSD,1263.291417,288.399241,974.892176,65.01,167940.092,82838.623,-2262.8459999999905,-2211165.086,-24317.124
1737244800,2025-01-19 00:00:00,104556.23,106422.43,99651.6,101331.57,4513423971.410252,BTCUSD,1350.440979,500.807588,849.633391,56.92,280949.178,139324.607,-2299.9640000000363,-2213465.05,-26395.501
1737331200,2025-01-20 00:00:00,101331.57,109588.0,99550.0,102260.01,9398787064.320717,BTCUSD,1477.394499,696.124971,781.269529,58.52,530508.18,264671.225,-1165.7300000000978,-2214630.78,-32221.459
1737417600,2025-01-21 00:00:00,102260.0,107240.81,100119.04,106143.82,4768512258.156501,BTCUSD,1869.842705,930.868517,938.974187,64.47,273296.828,137255.68,1214.5320000000063,-2213416.248,-31195.229
1737504000,2025-01-22 00:00:00,106143.82,106394.46,103339.12,103706.66,2331144640.658579,BTCUSD,1961.590299,1137.012874,824.577425,58.78,151243.528,74815.093,-1613.3420000000042,-2215029.59,-34503.112
1737590400,2025-01-23 00:00:00,103706.66,106850.0,101262.28,103910.34,5610760848.131639,BTCUSD,2027.365989,1315.083497,712.282492,59.1,418154.019,206938.749,-4276.52099999995,-2219306.111,-38830.259
1737676800,2025-01-24 00:00:00,103910.35,107120.0,102750.0,104870.5,2483818574.373748,BTCUSD,2132.389724,1478.544742,653.844982,60.67,165746.95,83393.686,1040.4219999999914,-2218265.689,-35092.265
1737763200,2025-01-25 00:00:00,104870.51,105286.52,104106.09,104746.85,949511531.3578016,BTCUSD,2180.508721,1618.937538,561.571183,60.35,65630.163,32840.336,50.50900000000547,-2218215.18,-33667.561
1737849600,2025-01-26 00:00:00,104746.86,105500.0,102520.44,102620.0,1024352365.4715524,BTCUSD,2023.696441,1699.889319,323.807122,54.95,75787.087,35869.344,-4048.399000000005,-2222263.579,-42669.665
1737936000,2025-01-27 00:00:00,102620.01,103260.0,97777.77,102082.83,5092886322.829244,BTCUSD,1834.92458,1726.896371,108.028209,53.64,325689.874,156956.501,-11776.872000000032,-2234040.451,-44139.554
1738022400,2025-01-28 00:00:00,102082.83,103800.0,100272.68,101335.52,2253977324.0362086,BTCUSD,1606.501105,1702.817318,-96.316213,51.8,169917.261,83140.626,-3636.008999999991,-2237676.46,-37255.532
1738108800,2025-01-29 00:00:00,101335.52,104782.68,101328.01,103733.24,2380383694.772136,BTCUSD,1600.500249,1682.353904,-81.853655,56.92,169989.952,85699.01,1408.0679999999993,-2236268.392,-23306.518
1738195200,2025-01-30 00:00:00,103733.25,106457.44,103278.54,104722.94,2038112603.5126407,BTCUSD,1656.509833,1677.18509,-20.675257,58.86,136967.4,69611.533,2255.665999999997,-2234012.726,-22197.444
1738281600,2025-01-31 00:00:00,104722.94,106012.0,101560.0,102429.56,2282174002.1952176,BTCUSD,1498.566688,1641.461409,-142.894721,52.91,172237.817,84961.162,-2315.4930000000168,-2236328.219,-22178.612
1738368000,2025-02-01 00:00:00,102429.56,102783.71,100279.51,100635.65,1250354228.2372296,BTCUSD,1214.640444,1556.097216,-341.456772,48.75,90863.091,41605.579,-7651.933000000004,-2243980.152,-29018.93
1738454400,2025-02-02 00:00:00,100635.66,101456.6,96150.0,97700.59,3412084312.583628,BTCUSD,744.213211,1393.720415,-649.507204,42.83,232934.693,110296.111,-12342.47099999999,-2256322.623,-29406.511
1738540800,2025-02-03 00:00:00,97700.59,102500.01,91231.0,101328.52,7228589180.71162,BTCUSD,656.571325,1246.290597,-589.719272,50.79,455088.034,223647.345,-7793.343999999983,-2264115.967,-42920.862
1738627200,2025-02-04 00:00:00,101328.51,101732.31,96150.0,97763.13,3989698644.26493,BTCUSD,296.00516,1056.23351,-760.22835,44.27,262746.203,129124.324,-4497.554999999993,-2268613.522,-53089.317
1738713600,2025-02-05 00:00:00,97763.14,99149.0,96155.0,96612.43,2562342153.829685,BTCUSD,-81.656709,828.655466,-910.312175,42.37,151379.666,75494.667,-390.3319999999949,-2269003.854,-50541.037
1738800000,2025-02-06 00:00:00,96612.44,99120.0,95676.64,96554.35,2289071921.21756,BTCUSD,-381.24824,586.674725,-967.922964,42.28,161521.013,81877.093,2233.1729999999807,-2266770.681,-57868.441
1738886400,2025-02-07 00:00:00,96554.35,100137.99,95620.34,96506.8,3107592434.6738343,BTCUSD,-615.419402,346.2559,-961.675301,42.19,223373.629,109960.027,-3453.5749999999825,-2270224.256,-59059.17
1738972800,2025-02-08 00:00:00,96506.8,96880.0,95688.0,96444.74,977040267.5158632,BTCUSD,-796.824165,117.639887,-914.464052,42.07,69050.432,33693.238,-1663.9560000000056,-2271888.212,-58423.162
1739059200,2025-02-09 00:00:00,96444.75,97323.09,94713.0,96462.75,1359495152.3107977,BTCUSD,-928.433092,-91.574709,-836.858383,42.12,101177.286,48790.479,-3596.327999999994,-2275484.54,-60853.76
1739145600,2025-02-10 00:00:00,96462.75,98345.0,95256.0,97430.82,1999112052.6687863,BTCUSD,-943.740107,-262.007789,-681.732319,44.96,132932.545,66003.413,-925.719000000012,-2276410.259,-62994.011
1739232000,2025-02-11 00:00:00,97430.82,98478.42,94876.88,95778.2,1806534846.38632,BTCUSD,-1076.810845,-424.9684,-651.842445,41.24,154832.904,78111.297,1389.6900000000023,-2275020.569,-59990.979
1739318400,2025-02-12 00:00:00,95778.21,98119.99,94088.23,97869.99,2800142168.3943653,BTCUSD,-1001.930758,-540.360871,-461.569886,47.2,202448.079,101345.223,242.3669999999984,-2274778.202,-55472.091
1739404800,2025-02-13 00:00:00,97870.0,98083.91,95217.36,96608.14,1916988246.3921185,BTCUSD,-1032.506407,-638.789979,-393.716429,44.28,142240.526,70609.214,-1022.097999999998,-2275800.3,-57534.611
1739491200,2025-02-14 00:00:00,96608.13,98826.0,96252.82,97500.48,1768073218.8690157,BTCUSD,-973.511416,-705.734266,-267.77715,46.79,144452.957,72407.897,362.83699999999953,-2275437.463,-57222.283
1739577600,2025-02-15 00:00:00,97500.47,97972.26,97223.58,97569.66,717245393.778092,BTCUSD,-910.677489,-746.722911,-163.954578,46.99,47418.593,23589.946,-238.70100000000093,-2275676.164,-53412.585
1739664000,2025-02-16 00:00:00,97569.67,97704.47,96046.18,96118.12,794694242.2949731,BTCUSD,-966.862903,-790.750909,-176.111994,43.32,56684.873,28140.784,-403.3050000000003,-2276079.469,-42039.018
1739750400,2025-02-17 00:00:00,96118.12,97046.59,95205.0,95780.0,1584593526.1754675,BTCUSD,-1026.836969,-837.968121,-188.868848,42.49,105576.986,52837.371,97.75599999999396,-2275981.713,-38305.253
1739836800,2025-02-18 00:00:00,95780.01,96753.91,93388.09,95671.74,2223994802.892005,BTCUSD,-1070.759477,-884.526392,-186.233084,42.21,179173.362,88832.523,-1508.3159999999916,-2277490.029,-41221.637
1739923200,2025-02-19 00:00:00,95671.74,96899.99,95029.99,96644.37,1576817572.1032505,BTCUSD,-1015.380593,-910.697232,-104.68336,45.67,124996.873,63086.712,1176.5509999999922,-2276313.478,-42300.752
1740009600,2025-02-20 00:00:00,96644.37,98711.36,96415.09,98305.0,1663386824.7315507,BTCUSD,-827.949381,-894.147662,66.198281,51.05,129180.172,64867.841,555.5099999999948,-2275757.968,-39429.749
1740096000,2025-02-21 00:00:00,98305.01,99475.0,94871.95,96181.98,3143975917.573464,BTCUSD,-841.023965,-883.522923,42.498958,44.92,250618.273,124529.311,-1559.6509999999837,-2277317.619,-33337.467
1740182400,2025-02-22 00:00:00,96181.99,96980.0,95770.49,96551.01,1087077133.8226364,BTCUSD,-812.244976,-869.267333,57.022357,46.13,65792.15,32970.239,148.3280000000086,-2277169.291,-20846.668
1740268800,2025-02-23 00:00:00,96551.01,96650.0,95227.94,96258.0,1044392011.791024,BTCUSD,-803.814999,-856.176866,52.361867,45.28,69298.691,32959.317,-3380.0570000000007,-2280549.348,-16433.381
1740355200,2025-02-24 00:00:00,96258.0,96500.0,91349.26,91552.88,2981809595.445377,BTCUSD,-1163.38724,-917.618941,-245.768299,34.34,217488.75,104378.439,-8731.872000000003,-2289281.22,-20667.698
1740441600,2025-02-25 00:00:00,91552.88,92540.69,86050.99,88680.4,6962982500.904473,BTCUSD,-1660.989112,-1066.292975,-594.696137,29.63,472296.502,230468.657,-11359.187999999966,-2300640.408,-31636.554
1740528000,2025-02-26 00:00:00,88680.39,89414.15,82256.01,84250.09,4898429925.636476,BTCUSD,-2385.33452,-1330.101284,-1055.233236,24.13,401141.821,193276.12,-14589.581000000006,-2315229.989,-48459.308
1740614400,2025-02-27 00:00:00,84250.09,87078.46,82716.49,84708.58,3618738891.222162,BTCUSD,-2889.083607,-1641.897749,-1247.185858,25.67,269408.53,134703.889,-0.7520000000367872,-2315230.741,-45006.485
1740700800,2025-02-28 00:00:00,84708.57,85120.0,78258.52,84349.94,6806705236.69068,BTCUSD,-3279.444246,-1969.407048,-1310.037198,25.24,536343.231,262633.603,-11076.025000000023,-2326306.766,-54418.554
1740787200,2025-03-01 00:00:00,84349.95,86558.0,83824.78,86064.53,2194003507.852643,BTCUSD,-3411.133359,-2257.75231,-1153.381049,31.18,146996.671,74405.406,1814.1410000000035,-2324492.625,-49008.085
1740873600,2025-03-02 00:00:00,86064.54,95000.0,85050.6,94270.0,4972549515.788669,BTCUSD,-2820.867868,-2370.375422,-450.492446,51.19,364711.538,186997.224,9282.909999999974,-2315209.715,-38799.456
1740960000,2025-03-03 00:00:00,94269.99,94416.46,85117.11,86220.61,5321123743.471923,BTCUSD,-2968.379089,-2489.976155,-478.402934,39.16,436032.402,212309.797,-11412.80800000002,-2326622.523,-51601.954
1741046400,2025-03-04 00:00:00,86221.16,88967.52,81500.0,87281.98,4704901219.590436,BTCUSD,-2965.455184,-2585.071961,-380.383223,41.12,432434.798,214743.474,-2947.850000000035,-2329570.373,-54792.171
1741132800,2025-03-05 00:00:00,87281.98,91000.0,86334.53,90606.01,3400243670.304976,BTCUSD,-2664.205228,-2600.898614,-63.306614,46.91,279001.09,139026.346,-948.3980000000448,-2330518.771,-54718.471
1741219200,2025-03-06 00:00:00,90606.0,92810.64,87836.0,89931.89,3105145628.3994,BTCUSD,-2451.597824,-2571.038456,119.440632,45.92,303058.632,151593.36,128.08799999998882,-2330390.683,-54953.22
1741305600,2025-03-07 00:00:00,89931.88,91283.02,84667.03,86801.75,5097554826.613157,BTCUSD,-2506.784413,-2558.187648,51.403235,41.56,452474.195,223754.968,-4964.25900000002,-2335354.942,-59678.778
1741392000,2025-03-08 00:00:00,86801.74,86897.25,85218.47,86222.45,1119358968.6520057,BTCUSD,-2567.66639,-2560.083396,-7.582994,40.79,96106.187,47297.675,-1510.8369999999995,-2336865.779,-60786.31
1741478400,2025-03-09 00:00:00,86222.46,86500.0,80000.0,80734.37,2173552660.45448,BTCUSD,-3023.900346,-2652.846786,-371.05356,34.29,221609.348,106112.91,-9383.527999999991,-2346249.307,-70267.594
1741564800,2025-03-10 00:00:00,80734.48,84123.46,77459.91,78595.86,3834924947.7581854,BTCUSD,-3517.481589,-2825.773747,-691.707842,32.14,416386.797,208814.004,1241.210999999952,-2345008.096,-67518.067
1741651200,2025-03-11 00:00:00,78595.86,83617.4,76606.0,82932.99,3927000827.110792,BTCUSD,-3518.123399,-2964.243677,-553.879722,40.31,390779.169,195834.159,889.149000000034,-2344118.947,-67805.469
1741737600,2025-03-12 00:00:00,82932.99,84539.85,80607.65,83680.12,2638600996.825396,BTCUSD,-3418.933554,-3055.181653,-363.751902,41.61,306171.124,151645.58,-2879.9640000000363,-2346998.911,-71240.943
1741824000,2025-03-13 00:00:00,83680.12,84336.33,79939.9,81115.78,2260870111.2393894,BTCUSD,-3506.821242,-3145.50957,-361.311671,38.5,247960.052,122081.993,-3796.065999999992,-2350794.977,-73477.358
1741910400,2025-03-14 00:00:00,81115.78,85309.71,80818.84,83983.2,2244729595.541172,BTCUSD,-3306.975285,-3177.802713,-129.172571,43.58,233544.708,117011.97,479.23199999998906,-2350315.745,-73146.454
1741996800,2025-03-15 00:00:00,83983.19,84676.28,83618.0,84338.44,953445671.8337504,BTCUSD,-3084.376255,-3159.117422,74.741166,44.2,76674.97,39046.913,1418.8559999999998,-2348896.889,-68347.541
1742083200,2025-03-16 00:00:00,84338.44,85117.04,81981.12,82574.53,1468056556.296723,BTCUSD,-3015.536489,-3130.401235,114.864746,41.76,174630.7,87189.041,-252.6180000000168,-2349149.507,-59868.287
1742169600,2025-03-17 00:00:00,82574.52,84756.83,82456.0,84010.03,1437716814.046874,BTCUSD,-2812.72429,-3066.865846,254.141556,44.44,182662.082,89902.776,-2856.529999999999,-2352006.037,-51365.629
1742256000,2025-03-18 00:00:00,84010.02,84021.74,81134.66,82715.03,1450813055.479726,BTCUSD,-2725.076849,-2998.508047,273.431198,42.54,188897.749,93706.244,-1485.2609999999986,-2353491.298,-38261.309
1742342400,2025-03-19 00:00:00,82715.03,87000.0,82547.16,86845.94,2375813941.9437623,BTCUSD,-2295.820912,-2857.97062,562.149707,49.91,251961.741,130453.798,8945.854999999981,-2344545.443,-29314.702
1742428800,2025-03-20 00:00:00,86845.93,87453.67,83655.23,84223.39,1885241921.155652,BTCUSD,-2142.552348,-2714.886965,572.334618,45.89,242943.492,122401.863,1860.2339999999967,-2342685.209,-16378.443
1742515200,2025-03-21 00:00:00,84223.38,84850.33,83175.25,84088.79,1005135519.2560016,BTCUSD,-2008.79091,-2573.667754,564.876844,45.68,144422.271,72427.426,432.5810000000056,-2342252.628,-17760.003
1742601600,2025-03-22 00:00:00,84088.79,84539.17,83625.1,83840.59,456235443.8016521,BTCUSD,-1900.899289,-2439.114061,538.214772,45.28,52218.652,24657.382,-2903.887999999999,-2345156.516,-29946.801
1742688000,2025-03-23 00:00:00,83840.59,86129.64,83809.75,86082.5,718692319.1499039,BTCUSD,-1615.864323,-2274.464114,658.599791,49.57,90899.873,48358.398,5816.922999999995,-2339339.593,-12717.07
1742774400,2025-03-24 00:00:00,86082.5,88765.43,85519.09,87498.16,2636765917.951844,BTCUSD,-1261.201779,-2071.811647,810.609867,52.11,210907.484,106592.547,2277.610000000015,-2337061.983,-7491.61
1742860800,2025-03-25 00:00:00,87498.16,88539.63,86310.0,87392.87,1979571590.8982933,BTCUSD,-977.358797,-1852.921077,875.562279,51.9,173505.289,86657.037,-191.2149999999965,-2337253.198,-6734.427
1742947200,2025-03-26 00:00:00,87392.88,88275.0,85860.0,86909.17,1606406955.5864632,BTCUSD,-782.422458,-1638.821353,856.398895,50.89,187956.695,90917.376,-6121.942999999999,-2343375.141,-12984.458
1743033600,2025-03-27 00:00:00,86909.17,87756.39,85800.0,87232.01,1487968807.7079022,BTCUSD,-595.024443,-1430.061971,835.037528,51.57,163451.689,79508.1,-4435.489000000001,-2347810.63,-12455.688
1743120000,2025-03-28 00:00:00,87232.01,87515.67,83585.0,84424.38,2309946560.664113,BTCUSD,-665.392215,-1277.12802,611.735805,45.64,222284.56,109001.069,-4282.421999999991,-2352093.052,-15227.273
1743206400,2025-03-29 00:00:00,84424.38,84624.73,81644.81,82648.54,970199917.9868716,BTCUSD,-854.603294,-1192.623075,338.019781,42.33,135513.705,65408.377,-4696.950999999986,-2356790.003,-10540.696
1743292800,2025-03-30 00:00:00,82648.53,83534.64,81565.0,82389.99,816584795.5288126,BTCUSD,-1013.731594,-1156.844778,143.113184,41.86,109565.925,53855.053,-1855.8190000000031,-2358645.822,-13637.726
1743379200,2025-03-31 00:00:00,82390.0,83943.08,81278.52,82550.01,1696009191.0809648,BTCUSD,-1114.087139,-1148.293251,34.206112,42.29,212064.576,107182.781,2300.9860000000044,-2356344.836,-12225.889
1743465600,2025-04-01 00:00:00,82550.0,85579.46,82432.74,85158.34,1698895702.5754683,BTCUSD,-971.945219,-1113.023644,141.078425,48.96,197263.176,99985.019,2706.8619999999937,-2353637.974,-6639.063
1743552000,2025-04-02 00:00:00,85158.35,88500.0,82320.0,82516.29,3417279759.830764,BTCUSD,-1060.265992,-1102.472114,42.206122,43.48,348964.378,175049.916,1135.4539999999688,-2352502.52,-1707.543
1743638400,2025-04-03 00:00:00,82516.28,83998.02,81211.24,83213.09,2259299724.8643928,BTCUSD,-1061.79519,-1094.336729,32.541539,45.22,239163.519,121059.01,2954.5009999999893,-2349548.019,767.726
1743724800,2025-04-04 00:00:00,83213.09,84720.0,81659.0,83889.87,2739842666.426737,BTCUSD,-996.904902,-1074.850364,77.945462,46.93,353109.206,175192.252,-2724.70199999999,-2352272.721,-3375.832
1743811200,2025-04-05 00:00:00,83889.87,84266.0,82379.95,83537.99,779626577.9013437,BTCUSD,-962.774392,-1052.435169,89.660777,46.12,99574.204,49164.812,-1244.5800000000015,-2353517.301,-4367.794
1743897600,2025-04-06 00:00:00,83537.99,83817.63,77153.83,78430.0,2239085051.1529646,BTCUSD,-1332.537162,-1108.455568,-224.081594,36.36,281191.753,135853.523,-9484.707000000051,-2363002.008,-10995.971
1743984000,2025-04-07 00:00:00,78430.0,81243.58,74508.0,79163.24,6084614024.150647,BTCUSD,-1548.559649,-1196.476384,-352.083265,38.37,693843.503,346063.905,-1715.6929999999702,-2364717.701,-11226.403
1744070400,2025-04-08 00:00:00,79163.24,80867.99,76239.9,76322.42,2775277777.102461,BTCUSD,-1926.778753,-1342.536858,-584.241895,33.89,328409.534,164156.315,-96.90399999998044,-2364814.605,-20269.162
1744156800,2025-04-09 00:00:00,76322.42,83588.0,74620.0,82615.22,5980231256.222496,BTCUSD,-1699.156926,-1413.860871,-285.296054,48.3,560649.862,279060.371,-2529.119999999996,-2367343.725,-24658.516
1744243200,2025-04-10 00:00:00,82615.22,82753.21,78464.36,79607.3,2690294353.847842,BTCUSD,-1741.405158,-1479.369729,-262.03543,43.43,293662.1,144665.485,-4331.130000000005,-2371674.855,-29422.227
1744329600,2025-04-11 00:00:00,79607.3,84300.0,78969.58,83423.84,2830363945.1787524,BTCUSD,-1450.207219,-1473.537227,23.330008,50.28,295777.871,150572.211,5366.551000000036,-2366308.304,-21151.788
1744416000,2025-04-12 00:00:00,83423.83,85905.0,82792.95,85276.9,1557403252.9267516,BTCUSD,-1057.711658,-1390.372113,332.660455,53.24,158002.837,82997.381,7991.924999999988,-2358316.379,-18976.786
1744502400,2025-04-13 00:00:00,85276.91,86100.0,83034.23,83760.0,2086106375.439256,BTCUSD,-859.153464,-1284.128383,424.974919,50.58,207038.38,104685.133,2331.8859999999986,-2355984.493,-18922.51
1744588800,2025-04-14 00:00:00,83760.0,85799.99,83678.0,84591.58,2429132805.0815287,BTCUSD,-627.460139,-1152.794734,525.334596,52.0,209349.356,105627.155,1904.953999999998,-2354079.539,-16826.341
1744675200,2025-04-15 00:00:00,84591.58,86496.42,83600.0,83643.99,1780972414.3956008,BTCUSD,-514.374711,-1025.11073,510.736019,50.23,184522.182,92743.662,965.1419999999924,-2353114.397,-9739.256
1744761600,2025-04-16 00:00:00,83643.99,85500.0,83111.64,84030.38,1753910031.2009242,BTCUSD,-389.090063,-897.906596,508.816533,50.97,209441.418,104313.038,-815.3420000000042,-2353929.739,-6119.109
1744848000,2025-04-17 00:00:00,84030.38,85470.01,83736.26,84947.91,1161659427.386263,BTCUSD,-213.305225,-760.986322,547.681097,52.74,141033.195,72010.546,2987.896999999997,-2350941.842,1151.21
1744934400,2025-04-18 00:00:00,84947.92,85132.08,84303.96,84474.69,552648483.6474872,BTCUSD,-110.900975,-630.969253,520.068278,51.7,55218.842,27406.677,-405.4879999999976,-2351347.33,5442.673
1745020800,2025-04-19 00:00:00,84474.7,85677.99,84364.45,85077.01,823222752.2842493,BTCUSD,18.642422,-501.046918,519.68934,52.97,73380.566,37104.342,828.1179999999877,-2350519.212,8126.61
1745107200,2025-04-20 00:00:00,85077.0,85320.76,83949.52,85179.24,685253644.8918362,BTCUSD,128.079188,-375.221697,503.300884,53.19,90651.818,44964.07,-723.6779999999999,-2351242.89,5101.946
1745193600,2025-04-21 00:00:00,85179.24,88465.99,85144.76,87516.23,2773299591.467066,BTCUSD,398.787204,-220.419917,619.20712,58.12,274069.871,142309.183,10548.494999999995,-2340694.395,12943.579
1745280000,2025-04-22 00:00:00,87516.22,93888.0,87076.03,93442.99,3967785064.1281695,BTCUSD,1079.125767,39.48922,1039.636547,67.48,334005.081,177605.55,21206.01899999997,-2319488.376,33014.144
1745366400,2025-04-23 00:00:00,93442.99,94696.05,91935.41,93691.08,2560279933.947952,BTCUSD,1619.647481,355.520872,1264.126609,67.8,232748.428,115506.413,-1735.6020000000135,-2321223.978,28324.041
1745452800,2025-04-24 00:00:00,93691.07,94005.0,91660.01,93980.47,1811120137.314679,BTCUSD,2047.760876,693.968873,1353.792003,68.2,157092.728,80302.4,3512.0719999999856,-2317711.906,34560.815
1745539200,2025-04-25 00:00:00,93980.47,95758.04,92855.96,94638.68,2596877713.640173,BTCUSD,2412.347828,1037.644664,1374.703164,69.14,191830.477,94332.019,-3166.439000000013,-2320878.345,32638.956
1745625600,2025-04-26 00:00:00,94638.68,95199.0,93870.69,94628.0,889627361.8414446,BTCUSD,2669.649766,1364.045684,1305.604082,69.1,72538.209,35871.715,-794.7790000000095,-2321673.124,41328.884
1745712000,2025-04-27 00:00:00,94628.0,95369.0,93602.58,93749.3,1052334792.1866188,BTCUSD,2770.720518,1645.380651,1125.339867,66.09,83816.183,42053.018,289.85299999998824,-2321383.271,43334.43
1745798400,2025-04-28 00:00:00,93749.29,95630.0,92800.01,95011.18,2092532996.555172,BTCUSD,2918.994635,1900.103448,1018.891187,68.23,194420.716,97737.227,1053.738000000012,-2320329.533,44485.072
1745884800,2025-04-29 00:00:00,95011.18,95461.53,93742.54,94256.82,1607154803.4675477,BTCUSD,2941.722052,2108.427169,833.294883,65.57,147831.794,74470.172,1108.5500000000177,-2319220.983,48122.742
1745971200,2025-04-30 00:00:00,94256.82,95228.45,92910.0,94172.0,1664825670.9831252,BTCUSD,2919.238267,2270.589388,648.648879,65.26,170929.31,85918.517,907.7240000000164,-2318313.259,53361.596
1746057600,2025-05-01 00:00:00,94172.0,97424.02,94130.43,96489.91,2053857614.2732675,BTCUSD,3053.259595,2427.12343,626.136165,69.48,184526.755,96525.42,8524.084999999992,-2309789.174,56519.13
1746144000,2025-05-02 00:00:00,96489.9,97895.68,96350.0,96887.14,1446387651.5840576,BTCUSD,3155.154942,2572.729732,582.42521,70.15,139197.526,68734.402,-1728.7220000000088,-2311517.896,46798.483
1746230400,2025-05-03 00:00:00,96887.13,96935.67,95753.01,95856.42,935906144.9651498,BTCUSD,3116.808619,2681.545509,435.263109,66.1,71420.629,34360.578,-2699.472999999998,-2314217.369,41767.124
1746316800,2025-05-04 00:00:00,95856.42,96304.48,94151.38,94277.62,1053542403.8531588,BTCUSD,2925.301857,2730.296779,195.005078,60.35,94260.877,46059.52,-2141.8369999999995,-2316359.206,37720.333
1746403200,2025-05-05 00:00:00,94277.61,95199.0,93514.1,94733.68,1626999380.1759968,BTCUSD,2778.305029,2739.898429,38.4066,61.39,154902.375,78619.623,2336.8710000000137,-2314022.335,39092.062
1746489600,2025-05-06 00:00:00,94733.68,96920.65,93377.0,96834.02,1526847764.5636685,BTCUSD,2799.023468,2751.723437,47.300031,65.86,173683.066,87234.117,785.1680000000051,-2313237.167,40692.572
1746576000,2025-05-07 00:00:00,96834.02,97732.0,95784.61,97030.5,1611730124.5924544,BTCUSD,2799.031778,2761.185105,37.846673,66.25,185267.142,92439.664,-387.81399999998393,-2313624.981,37316.861
1746662400,2025-05-08 00:00:00,97030.5,104145.76,96876.29,103261.6,3508645830.5650144,BTCUSD,3264.208296,2861.789743,402.418553,75.78,317422.469,167054.489,16686.50900000002,-2296938.472,54408.858
1746748800,2025-05-09 00:00:00,103261.61,104361.3,102315.14,102971.99,2847518447.981513,BTCUSD,3568.361087,3003.104012,565.257075,74.72,172883.922,84963.515,-2956.8919999999925,-2299895.364,50623.848
1746835200,2025-05-10 00:00:00,102971.99,104984.57,102818.76,104809.53,1588386278.502415,BTCUSD,3912.576737,3184.998557,727.57818,76.92,104384.537,53276.115,2167.693,-2297727.671,53515.219
1746921600,2025-05-11 00:00:00,104809.53,104972.0,103345.06,104118.0,1873381777.2124248,BTCUSD,4082.508807,3364.500607,718.0082,74.3,139136.421,67115.638,-4905.1449999999895,-2302632.816,38061.579
1747008000,2025-05-12 00:00:00,104118.0,105819.45,100718.37,102791.32,3242348937.383069,BTCUSD,4063.29013,3504.258512,559.031618,69.42,256542.699,125366.635,-5809.429000000004,-2308442.245,11046.131
1747094400,2025-05-13 00:00:00,102791.32,104976.25,101429.7,104103.72,2197244118.1523666,BTCUSD,4106.620338,3624.730877,481.889461,71.42,162368.328,80743.479,-881.3699999999953,-2309323.615,11900.363
1747180800,2025-05-14 00:00:00,104103.72,104356.95,102602.05,103507.82,1704708279.3884108,BTCUSD,4046.233233,3709.031348,337.201885,69.21,126264.097,61671.893,-2920.311000000001,-2312243.926,5467.98
1747267200,2025-05-15 00:00:00,103507.83,104192.7,101383.07,103763.71,1850183474.529204,BTCUSD,3973.223355,3761.869749,211.353606,69.64,176344.106,87513.73,-1316.646000000008,-2313560.572,7317.773
1747353600,2025-05-16 00:00:00,103763.71,104550.33,103100.49,103463.9,1628832372.324148,BTCUSD,3846.826518,3778.861103,67.965415,68.42,115513.049,57430.06,-652.9290000000037,-2314213.501,7459.623
1747440000,2025-05-17 00:00:00,103463.9,103709.86,102612.5,103126.65,1160418362.950618,BTCUSD,3677.056045,3758.500092,-81.444047,67.0,90372.669,44461.16,-1450.3489999999874,-2315663.85,5719.421
1747526400,2025-05-18 00:00:00,103126.65,106660.0,103105.09,106454.26,2262214972.0749383,BTCUSD,3767.591588,3760.318391,7.273197,72.97,173224.284,89890.052,6555.819999999978,-2309108.03,11221.503
1747612800,2025-05-19 00:00:00,106454.27,107108.62,102000.0,105573.74,3150324504.595452,BTCUSD,3725.347565,3753.324226,-27.97666,69.39,257825.604,126416.817,-4991.970000000001,-2314100.0,5120.983
1747699200,2025-05-20 00:00:00,105573.73,107320.0,104184.72,106849.99,2509102444.6695986,BTCUSD,3751.60541,3752.980463,-1.375053,71.57,226187.246,116062.335,5937.423999999999,-2308162.576,10150.683
1747785600,2025-05-21 00:00:00,106850.0,110797.38,106100.01,109643.99,4914709514.320026,BTCUSD,3952.307648,3792.8459,159.461748,75.65,413589.854,209506.079,5422.304000000004,-2302740.272,7048.902
1747872000,2025-05-22 00:00:00,109643.99,111980.0,109177.37,111696.21,3509432834.573417,BTCUSD,4228.222306,3879.921181,348.301125,78.13,246067.033,124614.99,3162.9470000000147,-2299577.325,11940.571
1747958400,2025-05-23 00:00:00,111696.22,111800.0,106800.0,107318.3,3469704446.3904047,BTCUSD,4046.974904,3913.331925,133.642978,63.31,279480.347,136446.687,-6586.972999999998,-2306164.298,8053.071
1748044800,2025-05-24 00:00:00,107318.3,109506.03,106875.41,107761.91,1819958819.7748585,BTCUSD,3894.240273,3909.513595,-15.273322,64.05,165158.758,79136.43,-6885.898000000016,-2313050.196,3309.01
1748131200,2025-05-25 00:00:00,107761.9,109299.99,106600.64,109004.19,1904366455.425858,BTCUSD,3829.296841,3893.470244,-64.173403,66.12,159465.803,76863.251,-5739.301000000007,-2318789.497,-4767.162
1748217600,2025-05-26 00:00:00,109004.2,110422.22,108670.58,109434.79,1605578282.1079032,BTCUSD,3769.126383,3868.601472,-99.475089,66.84,146992.22,73695.689,399.1579999999958,-2318390.339,-5153.172
1748304000,2025-05-27 00:00:00,109434.78,110718.0,107516.57,108938.17,2327603851.1192646,BTCUSD,3639.414868,3822.764151,-183.349283,65.13,223599.905,109504.224,-4591.456999999995,-2322981.796,-9356.815
1748390400,2025-05-28 00:00:00,108938.17,109284.7,106769.43,107781.78,1689136748.5130312,BTCUSD,3404.066588,3739.024639,-334.95805,61.22,158417.759,77490.091,-3437.57699999999,-2326419.373,-29480.901
1748476800,2025-05-29 00:00:00,107781.78,108891.91,105322.86,105589.75,2128639017.5081613,BTCUSD,3006.021337,3592.423978,-586.402641,54.53,213101.255,103190.568,-6720.119000000006,-2333139.492,-33244.128
1748563200,2025-05-30 00:00:00,105589.75,106313.12,103621.0,103985.48,2493078549.591861,BTCUSD,2531.929914,3380.325165,-848.395251,50.2,219701.302,106922.492,-5856.317999999999,-2338995.81,-41268.139
1748649600,2025-05-31 00:00:00,103985.47,104900.0,103068.55,104591.88,1174000801.507038,BTCUSD,2180.010652,3140.262263,-960.251611,51.76,103607.84,50579.791,-2448.2580000000016,-2341444.068,-38811.252
1748736000,2025-06-01 00:00:00,104591.88,105866.91,103752.49,105642.93,1016188486.9505996,BTCUSD,1963.291451,2904.8681,-941.576649,54.42,97420.24,48780.478,140.71600000000035,-2341303.352,-32861.107
1748822400,2025-06-02 00:00:00,105642.93,105935.63,103659.88,105857.99,1409004206.9863732,BTCUSD,1788.279297,2681.55034,-893.271043,54.97,158252.918,78240.684,-1771.5500000000177,-2343074.902,-33751.287
1748908800,2025-06-03 00:00:00,105858.0,106794.67,104872.5,105376.89,1402493746.5993218,BTCUSD,1592.403913,2463.721054,-871.317141,53.42,139216.007,69730.139,244.2709999999788,-2342830.631,-30586.705
1748995200,2025-06-04 00:00:00,105376.9,106000.0,104179.0,104696.86,1476928482.368878,BTCUSD,1366.545833,2244.28601,-877.740177,51.23,118534.125,58621.741,-1290.6429999999964,-2344121.274,-30560.702
1749081600,2025-06-05 00:00:00,104696.86,105909.71,100372.26,101508.68,2301567892.5305448,BTCUSD,919.690576,1979.366923,-1059.676348,42.44,246238.674,117166.339,-11905.995999999985,-2356027.27,-41813.769
1749168000,2025-06-06 00:00:00,101508.69,105333.0,101095.8,104288.44,1642382404.9355752,BTCUSD,780.856735,1739.664886,-958.808151,50.43,174300.906,86445.603,-1409.6999999999823,-2357436.97,-41773.12
1749254400,2025-06-07 00:00:00,104288.43,105900.0,103871.09,105552.15,877915380.954823,BTCUSD,763.993905,1544.53069,-780.536784,53.58,79833.173,42203.459,4573.74500000001,-2352863.225,-43755.195
1749340800,2025-06-08 00:00:00,105552.15,106488.14,104964.14,105734.0,850887129.4282976,BTCUSD,756.582356,1386.941023,-630.358667,54.03,75105.104,38745.874,2386.644,-2350476.581,-36376.581
1749427200,2025-06-09 00:00:00,105734.01,110530.17,105318.37,110263.02,2154922022.221173,BTCUSD,1103.442911,1330.2414,-226.79849,63.57,192956.409,103642.886,14329.362999999985,-2336147.218,-27984.642
1749513600,2025-06-10 00:00:00,110263.02,110400.0,108331.03,110274.39,1867620550.1921728,BTCUSD,1363.531916,1336.899504,26.632412,63.59,152216.974,75668.024,-880.9259999999776,-2337028.144,-34287.872
1749600000,2025-06-11 00:00:00,110274.39,110392.01,108064.0,108645.12,1434884639.7506304,BTCUSD,1421.796271,1353.878857,67.917414,58.53,134422.321,64951.236,-4519.849000000002,-2341547.993,-41970.668
1749686400,2025-06-12 00:00:00,108645.13,108813.55,105671.72,105671.73,1908309274.0868344,BTCUSD,1214.048672,1325.91282,-111.864148,50.61,185790.19,88829.222,-8131.746000000014,-2349679.739,-43515.441
1749772800,2025-06-13 00:00:00,105671.74,106179.53,102664.31,106066.59,2735461890.6929703,BTCUSD,1068.94695,1274.519646,-205.572696,51.55,245935.413,123623.272,1311.130999999994,-2348368.608,-35318.412
1749859200,2025-06-14 00:00:00,106066.59,106252.0,104300.0,105414.64,925568614.1784064,BTCUSD,891.074125,1197.830542,-306.756417,49.86,79911.57,39484.266,-943.0380000000004,-2349311.646,-30522.149
1749945600,2025-06-15 00:00:00,105414.63,106128.57,104494.53,105594.01,754596887.8748003,BTCUSD,755.869102,1109.438254,-353.569152,50.34,78819.399,39480.384,141.3689999999915,-2349170.277,-30779.938
1750032000,2025-06-16 00:00:00,105594.02,108952.38,104980.37,106794.53,1599849840.7325244,BTCUSD,737.093324,1034.969268,-297.875944,53.55,166813.219,85153.473,3493.7269999999844,-2345676.55,-22694.754
1750118400,2025-06-17 00:00:00,106794.53,107771.34,103371.02,104551.17,1883173484.8991,BTCUSD,535.025541,934.980523,-399.954982,47.39,226051.863,112258.832,-1534.1990000000224,-2347210.749,-20791.376
1750204800,2025-06-18 00:00:00,104551.17,105550.27,103500.0,104886.78,1461383024.362209,BTCUSD,397.385476,827.461513,-430.076037,48.35,172706.399,86108.275,-489.8490000000165,-2347700.598,-14561.106
1750291200,2025-06-19 00:00:00,104886.79,105226.17,103929.27,104658.59,803402575.962045,BTCUSD,266.816018,715.332414,-448.516396,47.71,87710.605,43107.754,-1495.0969999999943,-2349195.695,-10199.885
1750377600,2025-06-20 00:00:00,104658.59,106524.65,102345.0,103297.99,1714411911.0114017,BTCUSD,52.93948,582.853827,-529.914347,44.0,199102.135,97416.104,-4269.926999999996,-2353465.622,-12021.554
1750464000,2025-06-21 00:00:00,103297.98,103982.64,100837.9,102120.01,1144829784.7306418,BTCUSD,-209.200822,424.442898,-633.643719,41.02,120771.35,58453.589,-3864.172000000006,-2357329.794,-16026.442
1750550400,2025-06-22 00:00:00,102120.02,103399.62,98200.0,100963.87,2892695407.808688,BTCUSD,-504.425038,238.669311,-743.094348,38.28,293562.636,147071.521,580.4060000000172,-2356749.388,-13674.486
1750636800,2025-06-23 00:00:00,100963.87,106074.2,99613.33,105333.93,2836166831.044449,BTCUSD,-381.368853,114.661678,-496.030531,51.47,297222.041,150465.011,3707.98099999997,-2353041.407,-10210.776
1750723200,2025-06-24 00:00:00,105333.94,106290.0,104622.02,106083.0,1543451113.4563613,BTCUSD,-220.856357,47.558071,-268.414428,53.31,144449.887,71801.201,-847.484999999986,-2353888.892,-9767.618
1750809600,2025-06-25 00:00:00,106083.0,108135.3,105808.03,107340.58,1789545470.94629,BTCUSD,7.737951,39.594047,-31.856096,56.31,159277.823,81148.885,3019.9469999999856,-2350868.945,5158.325
1750896000,2025-06-26 00:00:00,107340.59,108272.45,106562.5,106947.06,1136093974.6816013,BTCUSD,155.355964,62.74643,92.609534,55.12,114433.386,56752.074,-929.2379999999976,-2351798.183,5638.787
1750982400,2025-06-27 00:00:00,106947.06,107735.34,106356.76,107047.59,1308420348.9100096,BTCUSD,277.260152,105.649175,171.610977,55.38,118637.45,60117.113,1596.775999999998,-2350201.407,2661.818
1751068800,2025-06-28 00:00:00,107047.58,107577.75,106811.51,107296.79,352025390.60311353,BTCUSD,389.488673,162.417074,227.071599,56.06,35670.419,18591.878,1513.3369999999995,-2348688.07,1788.511
1751155200,2025-06-29 00:00:00,107296.79,108528.5,107172.52,108356.93,736708189.9495683,BTCUSD,557.547957,241.443251,316.104706,58.92,79448.325,41552.003,3655.680999999997,-2345032.389,-8885.171
1751241600,2025-06-30 00:00:00,108356.93,108789.99,106733.33,107146.5,1050407152.345058,BTCUSD,586.305995,310.4158,275.890195,54.55,114681.386,55900.03,-2881.326000000001,-2347913.715,-10885.571
1751328000,2025-07-01 00:00:00,107146.51,107540.0,105250.85,105681.14,1117432945.8926363,BTCUSD,485.260856,345.384811,139.876045,49.73,120434.401,58611.964,-3210.472999999998,-2351124.188,-9576.195
1751414400,2025-07-02 00:00:00,105681.13,109730.0,105100.19,108849.6,1915699005.8772893,BTCUSD,653.319043,406.971657,246.347386,58.3,177567.261,92413.926,7260.591000000015,-2343863.597,5816.142
1751500800,2025-07-03 00:00:00,108849.59,110529.18,108530.4,109584.78,1429459048.638326,BTCUSD,836.190169,492.81536,343.374809,60.01,141487.997,73227.889,4967.780999999988,-2338895.816,9472.792
1751587200,2025-07-04 00:00:00,109584.77,109767.59,107245.0,107984.24,1276215111.6683652,BTCUSD,842.25763,562.703814,279.553816,54.76,132305.847,64249.699,-3806.449000000008,-2342702.265,6609.381
1751673600,2025-07-05 00:00:00,107984.25,108420.56,107756.31,108198.12,403928702.1967476,BTCUSD,854.474614,621.057974,233.41664,55.32,36660.948,18462.029,263.1100000000006,-2342439.155,6731.122
1751760000,2025-07-06 00:00:00,108198.12,109700.0,107800.01,109203.84,700733299.51122,BTCUSD,934.537099,683.753799,250.7833,57.97,72388.603,37107.026,1825.4489999999928,-2340613.706,5062.844
1751846400,2025-07-07 00:00:00,109203.85,109700.0,107513.2,108262.94,1020848316.053704,BTCUSD,911.556571,729.314353,182.242218,54.7,106397.578,52139.045,-2119.4879999999976,-2342733.194,4477.555
1751932800,2025-07-08 00:00:00,108262.94,109216.56,107429.57,108922.98,1000112813.4398944,BTCUSD,935.816539,770.61479,165.201749,56.55,95156.027,47448.078,-259.8709999999992,-2342993.065,4707.533
1752019200,2025-07-09 00:00:00,108922.99,111999.79,108324.53,111233.99,1902054744.194924,BTCUSD,1128.513134,842.194459,286.318675,62.34,167834.731,87925.103,8015.475000000006,-2334977.59,14218.105
1752105600,2025-07-10 00:00:00,111234.0,116868.0,110500.0,116010.0,2826460280.445224,BTCUSD,1647.617953,1003.279158,644.338795,70.96,225570.213,119208.753,12847.293000000003,-2322130.297,31335.325
1752192000,2025-07-11 00:00:00,116010.01,118869.98,115222.22,117527.66,3039521803.027247,BTCUSD,2156.614628,1233.946252,922.668376,73.07,199819.357,100784.694,1750.0310000000172,-2320380.266,36949.528
1752278400,2025-07-12 00:00:00,117527.66,118200.0,116900.05,117420.0,993093353.4068904,BTCUSD,2522.236131,1491.604228,1030.631903,72.66,63722.472,31394.033,-934.4060000000028,-2321314.672,35434.716
1752364800,2025-07-13 00:00:00,117420.0,119488.0,117224.79,119086.64,1132096857.0116916,BTCUSD,2912.899631,1775.863308,1137.036323,74.97,90052.381,45809.831,1567.281000000003,-2319747.391,33294.016
1752451200,2025-07-14 00:00:00,119086.65,123218.0,118905.18,119841.18,3299746181.077073,BTCUSD,3245.970811,2069.884809,1176.086002,75.95,221556.12,113834.673,6113.225999999995,-2313634.165,40254.727
1752537600,2025-07-15 00:00:00,119841.17,119940.83,115736.92,117758.09,3755258445.553272,BTCUSD,3303.760472,2316.659942,987.100531,67.98,269977.446,131447.5,-7082.445999999996,-2320716.611,30152.334
1752624000,2025-07-16 00:00:00,117758.08,120063.84,117017.29,118630.43,2023850383.723488,BTCUSD,3380.975957,2529.523145,851.452812,69.43,159165.948,79673.55,181.15200000000183,-2320535.459,31262.724
1752710400,2025-07-17 00:00:00,118630.44,120998.71,117453.57,119177.56,1869114355.1231644,BTCUSD,3446.588476,2712.936211,733.652265,70.33,164274.401,82532.264,790.1269999999786,-2319745.332,30456.075
1752796800,2025-07-18 00:00:00,119177.56,120820.71,116812.76,117924.84,2367355518.470308,BTCUSD,3358.784855,2842.10594,516.678915,65.55,162246.906,78772.03,-4702.84599999999,-2324448.178,24239.892
1752883200,2025-07-19 00:00:00,117924.84,118499.9,117277.34,117840.0,783327898.4969696,BTCUSD,3244.94823,2922.674398,322.273833,65.22,52531.193,24526.721,-3477.750999999997,-2327925.929,17106.46
1752969600,2025-07-20 00:00:00,117840.01,118856.8,116467.02,117265.12,1528864683.816082,BTCUSD,3072.921152,2952.723749,120.197403,62.95,82380.582,39522.257,-3336.068,-2331261.997,16651.718
1753056000,2025-07-21 00:00:00,117265.11,119676.73,116515.0,117380.36,2020783266.9633648,BTCUSD,2912.315991,2944.642197,-32.326206,63.23,141885.848,69570.765,-2744.318,-2334006.315,17117.873
1753142400,2025-07-22 00:00:00,117380.36,120247.8,116128.0,119954.42,2481252763.6519103,BTCUSD,2958.635071,2947.440772,11.194299,68.82,186832.45,94591.193,2349.935999999987,-2331656.379,12207.218
1753228800,2025-07-23 00:00:00,119954.43,120090.0,117301.0,118755.99,1722126986.886661,BTCUSD,2865.607055,2931.074029,-65.466973,63.95,136986.897,66612.552,-3761.793000000005,-2335418.172,3477.644
1753315200,2025-07-24 00:00:00,118756.0,119450.0,117103.1,118340.99,1873181653.2018075,BTCUSD,2726.959954,2890.251214,-163.291259,62.3,137377.613,67494.798,-2388.0170000000217,-2337806.189,4896.076
1753401600,2025-07-25 00:00:00,118340.98,118451.57,114723.16,117614.31,4456778786.620495,BTCUSD,2529.288067,2818.058584,-288.770518,59.42,260386.754,123156.442,-14073.869999999995,-2351880.059,-9440.904
1753488000,2025-07-26 00:00:00,117614.31,118297.35,117138.38,117919.99,823629079.7493103,BTCUSD,2369.977863,2728.44244,-358.464577,60.25,57218.604,28458.148,-302.30799999999726,-2352182.367,-11568.661
1753574400,2025-07-27 00:00:00,117919.99,119766.65,117825.5,119415.55,1107883542.1607983,BTCUSD,2337.457814,2650.245515,-312.787701,64.13,75978.959,39269.357,2559.7550000000047,-2349622.612,-6889.418
1753660800,2025-07-28 00:00:00,119415.56,119800.0,117427.5,118062.32,1655882235.896518,BTCUSD,2177.391475,2555.674707,-378.283232,58.56,106712.329,49363.385,-7985.558999999994,-2357608.171,-14615.106
1753747200,2025-07-29 00:00:00,118062.32,119273.36,116950.75,117950.76,1788682083.6856463,BTCUSD,2018.270424,2448.19385,-429.923427,58.11,115263.463,55053.068,-5157.327000000005,-2362765.498,-27787.908
1753833600,2025-07-30 00:00:00,117950.75,118792.0,115796.23,117840.3,1832696878.2229853,BTCUSD,1861.791076,2330.913295,-469.122219,57.64,124917.857,60858.794,-3200.269,-2365965.767,-43835.47
1753920000,2025-07-31 00:00:00,117840.29,118922.45,115500.0,115764.08,2002870016.7022424,BTCUSD,1552.351918,2175.20102,-622.849102,49.52,135037.467,64854.642,-5328.1830000000045,-2371293.95,-50913.684
1754006400,2025-08-01 00:00:00,115764.07,116052.0,112722.58,113297.93,2810268577.1513696,BTCUSD,1095.493296,1959.259475,-863.766179,41.97,221282.099,106416.826,-8448.446999999986,-2379742.397,-58427.725
1754092800,2025-08-02 00:00:00,113297.92,114063.49,112003.0,112546.35,1301882737.326722,BTCUSD,665.116275,1700.430835,-1035.31456,39.96,102459.448,47169.224,-8121.0,-2387863.397,-68116.006
1754179200,2025-08-03 00:00:00,112546.35,114799.97,111920.0,114208.8,841090034.1542541,BTCUSD,452.963723,1450.937413,-997.97369,46.09,63183.869,31097.096,-989.676999999996,-2388853.074,-75218.909
1754265600,2025-08-04 00:00:00,114208.81,115720.0,114107.6,115055.03,1109938874.0629709,BTCUSD,349.090883,1230.568107,-881.477224,48.95,83328.591,40432.436,-2463.7189999999973,-2391316.793,-70600.182
1754352000,2025-08-05 00:00:00,115055.03,115127.81,112650.0,114129.75,1371861747.1466167,BTCUSD,189.919275,1022.43834,-832.519065,46.07,119316.428,56631.208,-6054.012000000002,-2397370.805,-76835.346
1754438400,2025-08-06 00:00:00,114129.75,115716.0,113355.13,114992.27,1118028732.8589184,BTCUSD,131.852867,844.321246,-712.468379,49.07,98598.67,48509.767,-1579.1359999999986,-2398949.941,-79204.609
1754524800,2025-08-07 00:00:00,114992.27,117621.0,114259.0,117472.01,1564454297.836927,BTCUSD,282.670662,731.991129,-449.320467,56.56,134409.055,70320.817,6232.578999999998,-2392717.362,-68269.184
1754611200,2025-08-08 00:00:00,117472.02,117630.0,115878.71,116674.74,1172199778.7242548,BTCUSD,334.011549,652.395213,-318.383664,53.82,89828.611,43852.502,-2123.607000000004,-2394840.969,-66915.04
1754697600,2025-08-09 00:00:00,116674.74,117944.05,116299.13,116462.25,1111837601.7023723,BTCUSD,353.478721,592.611915,-239.133193,53.08,77924.534,40145.588,2366.642000000007,-2392474.327,-61212.33
1754784000,2025-08-10 00:00:00,116462.25,119311.11,116460.63,119294.01,1694198747.8718708,BTCUSD,590.597917,592.209115,-1.611198,60.8,130331.779,65839.952,1348.1250000000146,-2391126.202,-57119.887
1754870400,2025-08-11 00:00:00,119294.27,122335.16,118050.11,118686.0,3194611530.541069,BTCUSD,721.142381,617.995768,103.146613,58.57,217088.254,108472.648,-142.95799999998417,-2391269.16,-59612.781
1754956800,2025-08-12 00:00:00,118686.0,120324.43,118207.47,120134.08,1992762473.5852573,BTCUSD,930.719014,680.540417,250.178597,62.13,125708.555,62783.535,-141.48499999998603,-2391410.645,-55992.473
1755043200,2025-08-13 00:00:00,120134.09,123667.79,118920.92,123306.43,2811581348.3874574,BTCUSD,1337.375704,811.907475,525.468229,68.51,188073.873,93301.574,-1470.7250000000058,-2392881.37,-55075.181
1755129600,2025-08-14 00:00:00,123306.44,124474.0,117180.0,118295.09,3359128391.108524,BTCUSD,1240.975609,897.721102,343.254508,53.25,259801.57,121538.327,-16724.915999999997,-2409606.286,-57726.227
1755216000,2025-08-15 00:00:00,118295.09,119216.82,116803.99,117342.05,1607609329.6851013,BTCUSD,1075.280315,933.232944,142.04737,50.92,120542.357,59281.35,-1979.6570000000063,-2411585.943,-59403.576
1755302400,2025-08-16 00:00:00,117342.04,117898.99,117143.98,117380.66,751719391.7723638,BTCUSD,936.288157,933.843987,2.44417,51.02,46674.42,22363.887,-1946.6460000000009,-2413532.589,-63909.977
1755388800,2025-08-17 00:00:00,117380.66,118575.0,117172.21,117405.01,695629197.9038073,BTCUSD,818.663667,910.807923,-92.144256,51.08,54386.804,26068.765,-2249.2739999999976,-2415781.863,-58173.692
1755475200,2025-08-18 00:00:00,117405.01,117543.75,114640.14,116227.05,2053814085.4717767,BTCUSD,623.209908,853.28832,-230.078412,47.87,147219.779,69088.986,-9041.807,-2424823.67,-62058.172
1755561600,2025-08-19 00:00:00,116227.05,116725.69,112732.58,112872.94,2065010895.8584664,BTCUSD,195.410184,721.712693,-526.302509,40.13,141024.287,67997.774,-5028.739000000001,-2429852.409,-63886.642
1755648000,2025-08-20 00:00:00,112872.95,114615.38,112380.0,114271.24,1776149566.1247735,BTCUSD,-30.442138,571.281727,-601.723865,44.18,130522.37,64879.793,-762.7839999999997,-2430615.193,-59321.243
1755734400,2025-08-21 00:00:00,114271.23,114821.76,112015.67,112500.0,1227373788.615563,BTCUSD,-348.340543,387.357273,-735.697815,40.44,96406.356,47004.863,-2396.6300000000047,-2433011.823,-53269.426
1755820800,2025-08-22 00:00:00,112500.0,117429.05,111684.79,116935.99,2656625122.2777863,BTCUSD,-239.568403,261.972138,-501.540541,51.5,199447.977,99642.896,-162.18500000002678,-2433174.008,-45310.611
1755907200,2025-08-23 00:00:00,116936.0,117030.0,114560.0,115438.05,1308825428.0143583,BTCUSD,-271.111731,155.355364,-426.467095,48.24,78419.415,37863.987,-2691.440999999992,-2435865.449,-47012.375
1755993600,2025-08-24 00:00:00,115438.06,115666.68,110680.0,113493.59,2411284606.189177,BTCUSD,-447.84919,34.714453,-482.563643,44.32,133388.002,62689.861,-8008.280000000013,-2443873.729,-52556.936
1756080000,2025-08-25 00:00:00,113493.59,113667.28,109274.1,110111.98,2805570653.6310234,BTCUSD,-850.973078,-142.423053,-708.550025,38.47,204839.785,97227.324,-10385.137000000015,-2454258.866,-56888.061
1756166400,2025-08-26 00:00:00,110111.98,112371.0,108666.66,111763.22,2033437347.4999392,BTCUSD,-1025.390334,-319.016509,-706.373824,42.47,145041.438,71412.185,-2217.068,-2456475.934,-57525.993
1756252800,2025-08-27 00:00:00,111763.22,112625.0,110345.42,111262.01,1493774927.190832,BTCUSD,-1190.339234,-493.281054,-697.05818,41.58,114205.122,57009.686,-185.75,-2456661.684,-63944.322
1756339200,2025-08-28 00:00:00,111262.01,113485.9,110862.42,112566.9,1250788481.9453218,BTCUSD,-1201.913794,-635.007602,-566.906192,44.8,97630.277,48243.477,-1143.323000000004,-2457805.007,-62964.038
1756425600,2025-08-29 00:00:00,112566.9,112638.64,107463.9,108377.4,2475492492.5775294,BTCUSD,-1531.490287,-814.304139,-717.186148,37.64,179725.172,85606.138,-8512.895999999979,-2466317.903,-73843.576
1756512000,2025-08-30 00:00:00,108377.4,108926.15,107350.1,108816.33,1160666772.7387524,BTCUSD,-1737.238248,-998.890961,-738.347287,38.74,60656.883,29582.419,-1492.0449999999985,-2467809.948,-76683.746
1756598400,2025-08-31 00:00:00,108816.33,109480.02,108076.93,108246.35,1031806894.3513318,BTCUSD,-1924.107696,-1183.934308,-740.173388,37.8,70149.546,35849.92,1550.2939999999944,-2466259.654,-74990.494
1756684800,2025-09-01 00:00:00,108246.36,109912.4,107255.0,109237.42,1742516638.781135,BTCUSD,-1969.528515,-1341.053149,-628.475366,40.5,150280.626,74557.088,-1166.4499999999823,-2467426.104,-76015.459
1756771200,2025-09-02 00:00:00,109237.43,111771.52,108393.39,111240.01,2042681451.9016385,BTCUSD,-1822.919088,-1437.426337,-385.492751,45.63,175961.356,86748.838,-2463.679999999993,-2469889.784,-77008.414
1756857600,2025-09-03 00:00:00,111240.01,112575.27,110528.71,111705.71,1313762617.3436644,BTCUSD,-1650.130288,-1479.967127,-170.163161,46.77,105504.421,51862.786,-1778.849000000002,-2471668.633,-62062.347
1756944000,2025-09-04 00:00:00,111705.72,112180.0,109329.12,110730.87,1349031325.5320847,BTCUSD,-1573.714558,-1498.716613,-74.997945,44.65,122300.369,62399.713,2499.0570000000007,-2469169.576,-57583.633
1757030400,2025-09-05 00:00:00,110730.87,113384.62,110206.96,110659.99,2413132200.623325,BTCUSD,-1501.564861,-1499.286263,-2.278598,44.49,193375.404,95520.119,-2335.165999999997,-2471504.742,-57972.153
1757116800,2025-09-06 00:00:00,110660.0,111307.7,109977.0,110187.97,552785936.5434699,BTCUSD,-1465.579487,-1492.544908,26.965421,43.39,46282.516,21535.745,-3211.0260000000053,-2474715.768,-58933.905
1757203200,2025-09-07 00:00:00,110187.98,111600.0,110180.0,111137.34,630447950.1588689,BTCUSD,-1344.950837,-1463.026094,118.075256,46.27,53840.584,28108.634,2376.683999999994,-2472339.084,-47515.414
1757289600,2025-09-08 00:00:00,111137.35,112924.37,110621.78,112065.23,1295903862.4649603,BTCUSD,-1161.094422,-1402.639759,241.545337,49.01,99117.859,49613.319,108.77900000000956,-2472230.305,-42377.896
1757376000,2025-09-09 00:00:00,112065.23,113293.29,110766.66,111546.39,1721465997.906366,BTCUSD,-1045.204473,-1331.152702,285.948229,47.55,137275.133,68008.526,-1258.0810000000056,-2473488.386,-42873.193
1757462400,2025-09-10 00:00:00,111546.38,114313.13,110917.45,113960.0,1978834750.2223115,BTCUSD,-749.957654,-1214.913692,464.956039,54.36,151901.539,76254.32,607.1010000000242,-2472881.285,-39869.462
1757548800,2025-09-11 00:00:00,113960.0,115488.09,113430.0,115482.69,1562241144.956541,BTCUSD,-388.624246,-1049.655803,661.031557,58.05,113066.078,56557.547,49.01600000000326,-2472832.269,-39658.261
1757635200,2025-09-12 00:00:00,115482.69,116665.63,114740.99,116029.42,1772122269.5018637,BTCUSD,-57.485716,-851.221786,793.73607,59.33,119013.718,60349.365,1685.0120000000024,-2471147.257,-35281.808
1757721600,2025-09-13 00:00:00,116029.41,116298.78,115127.27,115918.29,957724220.6497612,BTCUSD,193.74334,-642.22876,835.972101,58.94,52529.59,25258.142,-2013.3059999999969,-2473160.563,-29286.834
1757808000,2025-09-14 00:00:00,115918.29,116165.19,115135.0,115268.01,775762364.9685991,BTCUSD,336.493132,-446.484382,782.977514,56.58,55087.99,26632.938,-1822.1140000000007,-2474982.677,-20723.811
1757894400,2025-09-15 00:00:00,115268.01,116757.99,114384.0,115349.71,1522648235.2235153,BTCUSD,451.016837,-266.984138,718.000975,56.81,117911.279,57329.104,-3253.0709999999963,-2478235.748,-21759.814
1757980800,2025-09-16 00:00:00,115349.71,116964.27,114737.11,116788.96,1265779287.5169268,BTCUSD,650.415559,-83.504199,733.919758,60.81,99446.184,50112.816,779.448000000004,-2477456.3,-20794.616
1758067200,2025-09-17 00:00:00,116788.96,117286.73,114720.81,116447.59,1946083704.6217456,BTCUSD,771.995691,87.595779,684.399912,59.41,158125.07,80225.096,2325.122000000003,-2475131.178,-17326.171
1758153600,2025-09-18 00:00:00,116447.6,117900.0,116092.76,117073.53,1367513347.486509,BTCUSD,908.385644,251.753752,656.631892,61.18,107215.717,51390.531,-4434.654999999999,-2479565.833,-13247.93
1758240000,2025-09-19 00:00:00,117073.53,117459.99,115100.0,115632.38,1045792401.4532388,BTCUSD,889.928363,379.388674,510.539689,55.21,88151.649,41905.847,-4339.955000000002,-2483905.788,-16095.84
1758326400,2025-09-20 00:00:00,115632.39,116121.81,115408.47,115685.63,541264273.2416894,BTCUSD,869.57376,477.425691,392.148069,55.38,32355.678,14781.099,-2793.48,-2486699.268,-20439.614
1758412800,2025-09-21 00:00:00,115685.63,115819.06,115188.0,115232.29,521299751.1504096,BTCUSD,807.552875,543.451128,264.101747,53.48,32793.431,16745.946,698.461000000003,-2486000.807,-18574.703
1758499200,2025-09-22 00:00:00,115232.29,115379.25,111800.0,112650.99,2348872511.6988754,BTCUSD,543.842461,543.529395,0.313067,44.2,159461.568,74182.157,-11097.253999999986,-2497098.061,-27208.277
1758585600,2025-09-23 00:00:00,112650.99,113290.5,111458.73,111998.8,1383869800.273703,BTCUSD,279.007551,490.625026,-211.617475,42.21,102258.264,51960.799,1663.3340000000026,-2495434.727,-23766.094
1758672000,2025-09-24 00:00:00,111998.8,113940.0,111042.66,113307.0,1394470628.502582,BTCUSD,172.694074,427.038836,-254.344762,47.34,105314.096,53413.185,1512.2739999999903,-2493922.453,-24752.877
1758758400,2025-09-25 00:00:00,113307.01,113510.23,108631.51,108994.49,2356639689.9252143,BTCUSD,-256.585876,290.313893,-546.899769,35.99,178663.741,84186.24,-10291.261,-2504213.714,-32708.972
1758844800,2025-09-26 00:00:00,108994.49,110300.0,108620.07,109643.46,1557098915.9392595,BTCUSD,-538.222579,124.606599,-662.829178,38.39,112277.659,56155.899,34.138999999995576,-2504179.575,-29463.807
1758931200,2025-09-27 00:00:00,109643.46,109743.91,109064.4,109635.85,601947588.9970765,BTCUSD,-753.351591,-50.985039,-702.366552,38.37,35871.924,17907.531,-56.86200000000099,-2504236.437,-31897.353
1759017600,2025-09-28 00:00:00,109635.85,112350.0,109189.99,112163.95,832254944.3203354,BTCUSD,-711.642964,-183.116624,-528.52634,47.27,77247.963,39820.944,2393.925000000003,-2501842.512,-29612.207
1759104000,2025-09-29 00:00:00,112163.96,114400.0,111560.65,114311.96,1755247635.871136,BTCUSD,-499.504148,-246.394129,-253.110019,53.42,125405.709,63042.556,679.4029999999912,-2501163.109,-27674.723
1759190400,2025-09-30 00:00:00,114311.97,114792.0,112656.27,114048.93,1710713267.1300955,BTCUSD,-348.588618,-266.833027,-81.755591,52.61,119320.015,60328.767,1337.5190000000002,-2499825.59,-26944.305
1759276800,2025-10-01 00:00:00,114048.94,118649.1,113966.67,118594.99,2332096981.265933,BTCUSD,136.271226,-186.212176,322.483402,63.04,172989.429,91389.65,9789.870999999985,-2490035.719,-17203.45
1759363200,2025-10-02 00:00:00,118594.99,121022.07,118279.31,120529.35,2349861127.34458,BTCUSD,668.902144,-15.189312,684.091456,66.43,145456.938,75869.802,6282.665999999997,-2483753.053,-12605.796
1759449600,2025-10-03 00:00:00,120529.35,123894.99,119248.3,122232.0,2907381076.6813188,BTCUSD,1214.406684,230.729887,983.676797,69.11,167880.262,86342.249,4804.236000000004,-2478948.817,-5788.254
1759536000,2025-10-04 00:00:00,122232.21,122800.0,121510.0,122391.0,1002272903.3446472,BTCUSD,1640.64065,512.71204,1127.92861,69.36,70479.21,34475.239,-1528.7320000000036,-2480477.549,-5494.872
1759622400,2025-10-05 00:00:00,122390.99,125708.42,122136.0,123482.31,2730817470.939564,BTCUSD,2042.943949,818.758422,1224.185528,71.06,162571.0,83698.584,4826.168000000005,-2475651.381,2584.367
1759708800,2025-10-06 00:00:00,123482.32,126199.63,123084.0,124658.54,2428828952.2653184,BTCUSD,2428.687742,1140.744286,1287.943457,72.82,140201.329,69333.392,-1534.5449999999837,-2477185.926,270.374
1759795200,2025-10-07 00:00:00,124658.54,125126.0,120574.94,121332.95,2657405799.8705487,BTCUSD,2437.942079,1400.183844,1037.758235,61.46,181899.347,86256.749,-9385.849000000017,-2486571.775,-11440.597
1759881600,2025-10-08 00:00:00,121332.96,124197.25,121066.14,123306.0,2084842842.4416168,BTCUSD,2574.804114,1635.107898,939.696216,64.96,127099.786,66136.453,5173.119999999995,-2481398.655,-1832.822
1759968000,2025-10-09 00:00:00,123306.01,123762.94,119651.47,121662.4,2621438087.566733,BTCUSD,2521.576317,1812.401582,709.174735,60.07,163596.38,76306.798,-10982.784000000014,-2492381.439,-8475.651
1760054400,2025-10-10 00:00:00,121662.41,122550.0,102000.0,112774.5,7349750905.041157,BTCUSD,1742.131447,1798.347555,-56.216108,41.78,391963.632,181714.84,-28533.95199999999,-2520915.391,-34216.123
1760140800,2025-10-11 00:00:00,112774.49,113322.39,109561.59,110644.4,3961069473.231136,BTCUSD,941.679409,1627.013926,-685.334517,38.74,163671.59,73785.149,-16101.291999999989,-2537016.683,-51015.876
1760227200,2025-10-12 00:00:00,110644.4,115770.0,109565.06,114958.8,3638546528.740156,BTCUSD,647.981894,1431.207519,-783.225626,47.14,217928.037,108538.204,-851.6290000000154,-2537868.312,-40770.251
1760313600,2025-10-13 00:00:00,114958.81,115963.81,113616.5,115166.0,2591831660.985749,BTCUSD,427.021368,1230.370289,-803.348921,47.51,195996.783,95694.249,-4608.285000000004,-2542476.597,-47041.87
1760400000,2025-10-14 00:00:00,115166.0,115409.96,109866.0,113028.14,3578140778.808499,BTCUSD,78.496269,999.995485,-921.499216,44.06,259244.496,125148.573,-8947.350000000006,-2551423.947,-57501.494
1760486400,2025-10-15 00:00:00,113028.13,113612.35,110164.0,110763.28,2569639641.352769,BTCUSD,-376.131843,724.770019,-1100.901863,40.69,131777.09,64776.533,-2224.0239999999903,-2553647.971,-49434.257
1760572800,2025-10-16 00:00:00,110763.28,111982.45,107427.0,108194.28,3277596494.7619195,BTCUSD,-932.97003,393.22201,-1326.192039,37.22,193544.785,93640.906,-6262.972999999998,-2559910.944,-55731.369
1760659200,2025-10-17 00:00:00,108194.27,109240.0,103528.23,106431.68,4022645635.2212014,BTCUSD,-1499.213395,14.734929,-1513.948324,35.01,242789.692,119199.822,-4390.04800000001,-2564300.992,-60064.555
1760745600,2025-10-18 00:00:00,106431.68,107499.0,106322.2,107185.01,1189002999.143113,BTCUSD,-1865.671606,-361.346378,-1504.325227,36.74,68509.903,32310.238,-3889.4270000000033,-2568190.419,-66347.907
1760832000,2025-10-19 00:00:00,107185.0,109450.07,106103.36,108642.78,1670074079.5802343,BTCUSD,-2015.23218,-692.123538,-1323.108641,40.06,113473.72,57315.999,1158.2780000000057,-2567032.141,-65869.032
1760918400,2025-10-20 00:00:00,108642.77,111705.56,107402.52,110532.09,2119912185.5934684,BTCUSD,-1958.72947,-945.444725,-1013.284746,44.15,139646.949,68490.715,-2665.519,-2569697.66,-69872.07
1761004800,2025-10-21 00:00:00,110532.09,114000.0,107473.72,108297.67,4114477849.932055,BTCUSD,-2070.383593,-1170.432499,-899.951095,40.62,241127.426,118319.639,-4488.148000000016,-2574185.808,-84150.089
1761091200,2025-10-22 00:00:00,108297.66,109163.88,106666.69,107567.44,3090291706.4439816,BTCUSD,-2192.519745,-1374.849948,-817.669798,39.51,180893.983,92821.336,4748.688999999984,-2569437.119,-85684.066
1761177600,2025-10-23 00:00:00,107567.45,111293.61,107500.0,110078.18,1924582289.4113936,BTCUSD,-2062.937531,-1512.467465,-550.470067,45.08,129640.717,63778.257,-2084.2030000000086,-2571521.322,-92572.505
1761264000,2025-10-24 00:00:00,110078.19,112104.98,109700.01,111004.89,1662806764.9533324,BTCUSD,-1863.978161,-1582.769604,-281.208557,47.02,110759.532,54797.291,-1164.9500000000116,-2572686.272,-92208.723
1761350400,2025-10-25 00:00:00,111004.9,111943.19,110672.86,111646.27,714201332.9751225,BTCUSD,-1635.69218,-1593.354119,-42.338061,48.38,45269.483,22111.032,-1047.4190000000017,-2573733.691,-98082.31
1761436800,2025-10-26 00:00:00,111646.27,115466.8,111260.45,114559.4,1525108635.874829,BTCUSD,-1205.808836,-1515.845062,310.036226,54.13,97335.387,50148.489,2961.5910000000003,-2570772.1,-93586.174
1761523200,2025-10-27 00:00:00,114559.41,116400.0,113830.01,114107.65,2470872744.548968,BTCUSD,-891.301272,-1390.936304,499.635032,53.14,118611.612,57954.035,-2703.5419999999867,-2573475.642,-86903.867
1761609600,2025-10-28 00:00:00,114107.65,116086.0,112211.0,112898.45,1772753529.8642745,BTCUSD,-731.195332,-1258.98811,527.792778,50.48,131088.84,64663.1,-1762.6399999999994,-2575238.282,-93839.627
1761696000,2025-10-29 00:00:00,112898.44,113643.73,109200.0,110021.29,2356715986.533545,BTCUSD,-826.940531,-1172.578594,345.638063,44.74,163920.866,78716.735,-6487.396000000008,-2581725.678,-89344.239
1761782400,2025-10-30 00:00:00,110021.3,111592.0,106304.34,108322.88,2827221287.4227977,BTCUSD,-1028.016451,-1143.666166,115.649715,41.73,205753.644,100086.671,-5580.301999999996,-2587305.98,-66390.589
1761868800,2025-10-31 00:00:00,108322.87,111190.0,108275.28,109608.01,2361590437.9414105,BTCUSD,-1071.321784,-1129.197289,57.875505,44.76,152063.776,78106.793,4149.809999999998,-2583156.17,-46139.487
1761955200,2025-11-01 00:00:00,109608.01,110564.49,109394.81,110098.1,812389216.4346799,BTCUSD,-1053.946171,-1114.147066,60.200895,45.92,41614.221,21133.219,652.2170000000042,-2582503.953,-44635.641
1762041600,2025-11-02 00:00:00,110098.1,111250.01,109471.34,110540.68,1336870531.1415012,BTCUSD,-993.016489,-1089.92095,96.904462,47.0,61109.173,29327.591,-2453.991000000002,-2584957.944,-42481.347
1762128000,2025-11-03 00:00:00,110540.69,110750.0,105306.56,106583.04,3076006652.001568,BTCUSD,-1249.672305,-1121.871221,-127.801084,39.42,174258.047,85160.531,-3936.984999999986,-2588894.929,-37470.982
1762214400,2025-11-04 00:00:00,106583.05,107299.0,98944.36,101497.22,5197697635.212413,BTCUSD,-1842.22108,-1265.941193,-576.279887,32.24,281742.16,135745.298,-10251.563999999957,-2599146.493,-45498.522
1762300800,2025-11-05 00:00:00,101497.23,104534.74,98966.8,103885.16,3454273922.7003846,BTCUSD,-2094.983784,-1431.749711,-663.234073,37.96,167770.094,85269.272,2768.4499999999825,-2596378.043,-36467.099
1762387200,2025-11-06 00:00:00,103885.16,104200.0,100300.95,101346.04,2641767846.305827,BTCUSD,-2471.693665,-1639.738502,-831.955163,34.61,145029.821,72992.587,955.3530000000028,-2595422.69,-31121.698
1762473600,2025-11-07 00:00:00,101346.04,104096.36,99260.86,103339.08,3251112979.305884,BTCUSD,-2579.680339,-1827.726869,-751.95347,39.14,163967.458,80661.296,-2644.866000000009,-2598067.556,-29877.137
1762560000,2025-11-08 00:00:00,103339.09,103406.22,101454.0,102312.94,1267165565.37527,BTCUSD,-2716.744539,-2005.530403,-711.214136,37.7,70691.949,33026.898,-4638.152999999991,-2602705.709,-35673.568
1762646400,2025-11-09 00:00:00,102312.95,105495.62,101400.0,104722.96,1687020822.3668208,BTCUSD,-2600.918661,-2124.608055,-476.310606,43.03,92367.67,48113.344,3859.017999999997,-2598846.691,-29149.031
1762732800,2025-11-10 00:00:00,104722.95,106670.11,104265.02,106011.13,2400141664.389342,BTCUSD,-2377.771791,-2175.240802,-202.530989,45.71,120403.538,58544.195,-3315.148000000001,-2602161.839,-27976.031
1762819200,2025-11-11 00:00:00,106011.13,107500.0,102476.09,103058.99,2532279071.0069213,BTCUSD,-2411.342856,-2222.461213,-188.881643,40.96,132603.774,64447.961,-3707.851999999999,-2605869.691,-36432.572
1762905600,2025-11-12 00:00:00,103059.0,105333.33,100813.59,101654.37,2108514405.260877,BTCUSD,-2522.214741,-2282.411918,-239.802822,38.89,140876.276,69539.37,-1797.536000000022,-2607667.227,-36145.905
1762992000,2025-11-13 00:00:00,101654.37,104085.01,98000.4,99692.02,3654698026.540381,BTCUSD,-2736.87773,-2373.305081,-363.572649,36.14,236046.799,117795.946,-454.9070000000065,-2608122.134,-35435.862
1763078400,2025-11-14 00:00:00,99692.03,99866.02,94012.45,94594.0,4566085156.747208,BTCUSD,-3280.551152,-2554.754295,-725.796857,30.17,287072.783,135755.023,-15562.737000000025,-2623684.871,-49951.18
1763164800,2025-11-15 00:00:00,94594.0,96846.68,94558.49,95596.24,1449074019.0674856,BTCUSD,-3589.170145,-2761.637465,-827.53268,32.53,90220.319,47203.247,4186.175000000003,-2619498.696,-48726.596
1763251200,2025-11-16 00:00:00,95596.23,96635.11,93005.55,94261.44,2261295524.8173394,BTCUSD,-3896.5432,-2988.618612,-907.924588,31.03,135749.509,65150.48,-5448.5489999999845,-2624947.245,-51471.603
1763337600,2025-11-17 00:00:00,94261.45,96043.0,91220.0,92215.14,3674562070.238608,BTCUSD,-4256.195101,-3242.13391,-1014.061192,28.83,205161.285,98027.621,-9106.043000000003,-2634053.288,-58815.006
1763424000,2025-11-18 00:00:00,92215.14,93836.01,89253.78,92960.83,3641033186.3004575,BTCUSD,-4429.984767,-3479.704081,-950.280685,30.76,232691.156,113786.482,-5118.191999999981,-2639171.48,-57445.802
1763510400,2025-11-19 00:00:00,92960.83,92980.22,88608.0,91554.96,2925773651.2559576,BTCUSD,-4627.809778,-3709.325221,-918.484557,29.15,226438.45,111594.868,-3248.714000000007,-2642420.194,-55114.214
1763596800,2025-11-20 00:00:00,91554.96,93160.0,86100.0,86637.23,3548950335.0984216,BTCUSD,-5122.35986,-3991.932148,-1130.427712,24.37,276513.027,133430.073,-9652.880999999994,-2652073.075,-68916.905
1763683200,2025-11-21 00:00:00,86637.22,87498.94,80600.0,85129.43,6061348756.341564,BTCUSD,-5571.733744,-4307.892468,-1263.841276,23.12,449804.324,213915.687,-21972.95000000001,-2674046.025,-91542.072
1763769600,2025-11-22 00:00:00,85129.42,85620.0,83500.0,84739.74,1197657354.9690385,BTCUSD,-5891.39814,-4624.593602,-1266.804538,22.8,94197.055,46882.408,-432.2389999999869,-2674478.264,-89520.32
1763856000,2025-11-23 00:00:00,84739.75,88127.64,84667.57,86830.0,1708685030.2798696,BTCUSD,-5907.964626,-4881.267807,-1026.696819,28.61,138930.073,69195.248,-539.5769999999902,-2675017.841,-86122.912
1763942400,2025-11-24 00:00:00,86830.0,89228.0,85272.0,88300.01,2150393686.9203186,BTCUSD,-5736.351079,-5052.284461,-684.066617,32.46,211113.332,103430.099,-4253.133999999991,-2679270.975,-80124.482
1764028800,2025-11-25 00:00:00,88300.01,88519.99,86116.0,87369.96,1708989000.038937,BTCUSD,-5610.716521,-5163.970873,-446.745648,31.31,149637.655,72724.94,-4187.774999999994,-2683458.75,-87080.707
1764115200,2025-11-26 00:00:00,87369.97,90656.08,86306.77,90484.02,1916851896.6699688,BTCUSD,-5199.930055,-5171.16271,-28.767346,39.1,159146.533,77838.103,-3470.32699999999,-2686929.077,-91506.387
1764201600,2025-11-27 00:00:00,90484.01,91950.0,90089.91,91333.95,1535778106.5787077,BTCUSD,-4751.029661,-5087.1361,336.106439,41.06,113685.232,55922.73,-1839.7719999999968,-2688768.849,-90701.293
1764288000,2025-11-28 00:00:00,91333.94,93092.0,90180.63,90890.7,1721418035.0795596,BTCUSD,-4380.54326,-4945.817532,565.274272,40.33,146920.347,74510.662,2100.9769999999844,-2686667.872,-83962.163
1764374400,2025-11-29 00:00:00,90890.71,91165.65,90155.47,90802.44,673725652.9787655,BTCUSD,-4047.396099,-4766.133245,718.737146,40.18,54196.679,26455.92,-1284.839,-2687952.711,-89106.02
1764460800,2025-11-30 00:00:00,90802.44,92000.01,90336.9,90360.0,884051773.1655338,BTCUSD,-3775.553553,-4568.017307,792.463754,39.37,66139.718,33556.305,972.8920000000072,-2686979.819,-84817.98
1764547200,2025-12-01 00:00:00,90360.01,90417.0,83822.76,86286.01,2977024047.2231607,BTCUSD,-3844.535905,-4423.321026,578.785121,32.83,296847.166,147776.477,-1294.2119999999995,-2688274.031,-82404.34
1764633600,2025-12-02 00:00:00,86286.01,92307.65,86184.39,91277.88,2519515177.662365,BTCUSD,-3456.557681,-4229.968357,773.410677,44.91,228101.165,115973.46,3845.7550000000047,-2684428.276,-76761.049
1764720000,2025-12-03 00:00:00,91277.88,94150.0,90990.23,93429.95,2386223626.8613906,BTCUSD,-2941.520067,-3972.278699,1030.758632,49.15,201298.317,101728.674,2159.030999999988,-2682269.245,-74147.111
1764806400,2025-12-04 00:00:00,93429.95,94080.0,90889.0,92078.06,1836645629.33462,BTCUSD,-2612.32205,-3700.287369,1087.96532,46.72,146772.427,71951.305,-2869.81700000001,-2685139.062,-61454.191
1764892800,2025-12-05 00:00:00,92078.06,92692.36,88056.0,89330.04,1788436983.8106546,BTCUSD,-2543.848594,-3468.999614,925.15102,42.15,179125.057,88584.311,-1956.4349999999977,-2687095.497,-67596.801
1764979200,2025-12-06 00:00:00,89330.04,90289.97,88908.01,89236.79,753420679.8063259,BTCUSD,-2468.650319,-3268.929755,800.279437,42.0,56826.867,27767.199,-1292.468999999997,-2688387.966,-63440.721
1765065600,2025-12-07 00:00:00,89236.8,91760.0,87719.28,90395.31,1167866486.8455212,BTCUSD,-2289.183974,-3072.980599,783.796625,44.64,129592.005,66100.06,2608.1149999999907,-2685779.851,-51726.563
1765152000,2025-12-08 00:00:00,90395.32,92287.15,89612.0,90634.34,1436920018.893613,BTCUSD,-2103.420952,-2879.068669,775.647718,45.19,152474.739,75932.69,-609.3589999999967,-2686389.21,-47217.73
1765238400,2025-12-09 00:00:00,90634.35,94588.99,89500.0,92678.8,1956261065.6071727,BTCUSD,-1770.818687,-2657.418673,886.599986,49.82,181930.263,91703.897,1477.530999999988,-2684911.679,-42491.485
1765324800,2025-12-10 00:00:00,92678.81,94476.0,91563.15,92015.37,1758773276.2478049,BTCUSD,-1542.975788,-2434.530096,891.554308,48.39,160488.78,78008.191,-4472.3979999999865,-2689384.077,-37311.002
1765411200,2025-12-11 00:00:00,92015.38,93555.0,89260.63,92513.38,1814322119.0658488,BTCUSD,-1307.155332,-2209.055143,901.899812,49.56,191148.068,94016.625,-3114.818,-2692498.895,-18452.87
1765497600,2025-12-12 00:00:00,92513.38,92754.0,89480.0,90268.42,1521683425.5648005,BTCUSD,-1286.584486,-2024.561012,737.976526,44.65,144844.11,70171.626,-4500.857999999978,-2696999.753,-22521.489
1765584000,2025-12-13 00:00:00,90268.43,90634.55,89766.39,90240.01,532250544.59040153,BTCUSD,-1258.072119,-1871.263233,613.191114,44.59,36237.733,17479.46,-1278.813000000002,-2698278.566,-23260.725
1765670400,2025-12-14 00:00:00,90240.0,90472.4,87577.36,88172.17,839079130.8378651,BTCUSD,-1386.352264,-1774.281039,387.928775,40.33,92086.654,42720.264,-6646.125999999989,-2704924.692,-25653.717
1765756800,2025-12-15 00:00:00,88172.16,90052.64,85146.64,86432.08,1732823429.5017288,BTCUSD,-1609.868363,-1741.398504,131.530141,37.11,194216.045,94430.912,-5354.22100000002,-2710278.913,-26820.163
1765843200,2025-12-16 00:00:00,86432.08,88175.98,85266.0,87863.42,1604673428.6527836,BTCUSD,-1652.460767,-1723.610957,71.15019,41.26,142225.048,70313.06,-1598.9280000000144,-2711877.841,-24948.764
1765929600,2025-12-17 00:00:00,87863.43,90365.85,85314.0,86243.22,1733348496.6703594,BTCUSD,-1796.246146,-1738.137994,-58.108151,38.19,208646.748,105691.482,2736.216000000015,-2709141.625,-20372.776
1766016000,2025-12-18 00:00:00,86243.23,89477.61,84450.01,85516.41,2204223872.6696463,BTCUSD,-1946.407612,-1779.791918,-166.615694,36.87,229573.679,114728.003,-117.67300000000978,-2709259.298,-22591.426
1766102400,2025-12-19 00:00:00,85516.41,89399.97,85110.24,88136.94,1863236625.932864,BTCUSD,-1832.829073,-1790.399349,-42.429724,44.36,178284.494,90542.953,2801.411999999982,-2706457.886,-18505.175
1766188800,2025-12-20 00:00:00,88136.95,88573.07,87795.76,88360.9,451919022.72775954,BTCUSD,-1705.090342,-1773.337547,68.247206,44.96,35973.848,18260.294,546.7400000000052,-2705911.146,-18931.327
1766275200,2025-12-21 00:00:00,88360.91,89081.77,87600.04,88658.86,629720971.7866651,BTCUSD,-1561.810021,-1731.032042,169.222021,45.8,67624.388,32712.868,-2198.652000000009,-2708109.798,-19835.767
1766361600,2025-12-22 00:00:00,88658.87,90588.23,87900.0,88620.79,1310235631.747926,BTCUSD,-1434.791879,-1671.784009,236.992131,45.71,154693.469,77898.364,1103.258999999991,-2707006.539,-22578.263
1766448000,2025-12-23 00:00:00,88620.79,88940.0,86601.9,87486.0,1219899607.2677548,BTCUSD,-1409.449893,-1619.317186,209.867293,42.83,133657.948,64852.617,-3952.714000000007,-2710959.253,-28690.008
1766534400,2025-12-24 00:00:00,87486.0,88049.89,86420.0,87669.45,797460526.4738462,BTCUSD,-1358.898767,-1567.233502,208.334736,43.45,81543.508,40807.967,72.4259999999922,-2710886.827,-25747.765
1766620800,2025-12-25 00:00:00,87669.44,88592.74,86934.72,87225.27,622970453.6497648,BTCUSD,-1339.24032,-1521.634866,182.394546,42.25,57796.252,27827.13,-2141.9919999999984,-2713028.819,-25933.322
1766707200,2025-12-26 00:00:00,87225.27,89567.75,86655.08,87369.56,1616722115.636646,BTCUSD,-1297.066091,-1476.721111,179.65502,42.8,149971.737,76191.941,2412.1450000000186,-2710616.674,-22228.708
1766793600,2025-12-27 00:00:00,87369.56,87984.0,87253.05,87877.01,391274205.274436,BTCUSD,-1208.761882,-1423.129265,214.367383,44.8,27294.109,13546.965,-200.1790000000001,-2710816.853,-25037.002
1766880000,2025-12-28 00:00:00,87877.0,88088.75,87435.0,87952.71,390327299.1502763,BTCUSD,-1119.763863,-1362.456185,242.692322,45.1,37359.964,19229.166,1098.3680000000022,-2709718.485,-23329.275
1766966400,2025-12-29 00:00:00,87952.71,90406.08,86806.5,87237.13,1762011993.0377953,BTCUSD,-1094.358533,-1308.836654,214.478122,42.68,190004.209,95283.174,562.1389999999956,-2709156.346,-24244.667
1767052800,2025-12-30 00:00:00,87237.13,89400.0,86845.66,88485.49,1155016404.4786751,BTCUSD,-962.398476,-1239.549019,277.150543,47.93,126745.26,62853.527,-1038.205999999991,-2710194.552,-20810.475
1767139200,2025-12-31 00:00:00,88485.5,89200.0,87250.0,87648.22,1019746835.2795268,BTCUSD,-914.834232,-1174.606061,259.771829,44.96,96768.357,48482.035,195.7130000000033,-2709998.839,-17499.944
1767225600,2026-01-01 00:00:00,87648.21,88919.45,87550.43,88839.04,552991635.2911001,BTCUSD,-772.14915,-1094.114679,321.965529,49.73,47941.303,24309.438,677.5729999999967,-2709321.266,-12321.513
1767312000,2026-01-02 00:00:00,88839.05,90961.81,88379.88,89995.13,1558958860.8870876,BTCUSD,-559.335719,-987.158887,427.823168,53.91,176662.448,88056.87,-548.7080000000133,-2709869.974,-11591.408
1767398400,2026-01-03 00:00:00,89995.14,90741.16,89314.01,90628.01,635514773.6093655,BTCUSD,-335.7412,-856.87535,521.13415,56.07,56891.269,29015.764,1140.2589999999982,-2708729.715,-3805.023
1767484800,2026-01-04 00:00:00,90628.01,91810.0,90628.0,91529.73,952160980.5212084,BTCUSD,-84.802118,-702.460703,617.658585,59.0,73773.029,37402.277,1031.5250000000087,-2707698.19,2580.723
1767571200,2026-01-05 00:00:00,91529.74,94789.08,91514.81,93859.71,1927455243.548076,BTCUSD,298.636332,-502.241296,800.877628,65.44,189416.312,97059.465,4702.617999999988,-2702995.572,8882.269
1767657600,2026-01-06 00:00:00,93859.71,94444.44,91262.94,93747.97,1728045542.298375,BTCUSD,586.734077,-284.446221,871.180298,64.91,187443.05,94232.226,1021.402000000002,-2701974.17,7167.455
1767744000,2026-01-07 00:00:00,93747.97,93747.97,90675.52,91364.16,1311906952.9749737,BTCUSD,615.603774,-104.436222,720.039996,54.79,148986.85,73299.714,-2387.4219999999914,-2704361.592,4897.706
1767830400,2026-01-08 00:00:00,91364.16,91687.99,89311.0,91099.99,1460622501.2073882,BTCUSD,610.133664,38.477755,571.655909,53.79,168475.944,84435.026,394.10800000000745,-2703967.484,2490.402
1767916800,2026-01-09 00:00:00,91100.0,92082.55,89694.66,90641.28,1416907180.1870482,BTCUSD,562.302624,143.242729,419.059896,52.01,140394.677,69989.001,-416.6749999999884,-2704384.159,1526.987
1768003200,2026-01-10 00:00:00,90641.27,90832.0,90404.0,90504.7,281321375.4802981,BTCUSD,507.524886,216.09916,291.425725,51.47,25270.741,12020.536,-1229.6690000000017,-2705613.828,2495.97
1768089600,2026-01-11 00:00:00,90504.7,91283.89,90236.0,91013.65,497245863.9319499,BTCUSD,499.424094,272.764147,226.659947,53.43,43544.382,21293.365,-957.6519999999946,-2706571.48,435.059
1768176000,2026-01-12 00:00:00,91013.66,92519.95,90128.44,91296.2,1479964862.2693064,BTCUSD,509.925479,320.196413,189.729066,54.52,169237.383,82912.104,-3413.1749999999884,-2709984.655,974.598
1768262400,2026-01-13 00:00:00,91296.2,96495.0,91042.66,95414.0,2149770801.117704,BTCUSD,840.827413,424.322613,416.5048,66.8,200545.918,105695.435,10844.95199999999,-2699139.703,11747.124
1768348800,2026-01-14 00:00:00,95413.99,97924.49,94559.28,96951.78,2201535821.648615,BTCUSD,1213.170895,582.09227,631.078626,70.05,182043.491,92286.055,2528.618999999977,-2696611.084,16417.735
1768435200,2026-01-15 00:00:00,96951.78,97193.34,95134.48,95604.8,2093008182.8437333,BTCUSD,1383.616291,742.397074,641.219217,64.13,149204.741,75974.818,2744.894999999989,-2693866.189,16750.485
1768521600,2026-01-16 00:00:00,95604.81,95871.47,94293.46,95550.94,1064019408.0772514,BTCUSD,1497.0919,893.336039,603.755861,63.9,101218.089,48339.645,-4538.799000000014,-2698404.988,12411.865
1768608000,2026-01-17 00:00:00,95550.94,95639.45,95021.67,95147.77,408161941.6719079,BTCUSD,1536.774706,1022.023773,514.750933,62.08,38969.233,18898.703,-1171.8269999999975,-2699576.815,10141.67
1768694400,2026-01-18 00:00:00,95147.77,95531.12,93615.4,93673.14,654773743.2677119,BTCUSD,1432.717819,1104.162582,328.555237,55.83,62580.393,30549.157,-1482.078999999998,-2701058.894,8097.452
1768780800,2026-01-19 00:00:00,93673.14,93673.14,91910.2,92631.0,1326770336.049047,BTCUSD,1251.730825,1133.676231,118.054594,51.86,108237.056,53768.893,-699.2700000000041,-2701758.164,8436.388
1768867200,2026-01-20 00:00:00,92630.99,92870.0,87895.98,88427.66,1989676668.5941784,BTCUSD,760.357985,1059.012581,-298.654596,39.61,188076.2,89134.355,-9807.49000000002,-2711565.654,-1566.815
1768953600,2026-01-21 00:00:00,88427.66,90574.0,87263.53,89454.73,1837708115.3597035,BTCUSD,448.645726,936.93921,-488.293484,43.14,208082.615,102546.299,-2990.0169999999925,-2714555.671,-5234.405
1769040000,2026-01-22 00:00:00,89454.73,90359.99,88515.37,89559.67,969910623.3559886,BTCUSD,207.68523,791.088414,-583.403184,43.51,105914.221,52482.607,-949.0069999999978,-2715504.678,-5634.704
1769126400,2026-01-23 00:00:00,89559.68,91224.99,88578.36,89600.26,1248772265.678843,BTCUSD,19.769682,636.824668,-617.054986,43.66,124825.85,61779.895,-1266.0600000000122,-2716770.738,-8041.023
1769212800,2026-01-24 00:00:00,89600.26,89957.39,89162.08,89225.34,378464146.0918812,BTCUSD,-157.591043,477.941526,-635.532569,42.53,30735.937,14976.518,-782.9010000000017,-2717553.639,-9855.449
1769299200,2026-01-25 00:00:00,89225.34,89319.13,86074.72,86670.36,1264233689.841581,BTCUSD,-498.569035,282.639413,-781.208448,35.77,124879.363,59390.821,-6097.72099999999,-2723651.36,-20655.788
1769385600,2026-01-26 00:00:00,86670.36,88860.0,86509.63,88347.08,1560135758.989215,BTCUSD,-626.279894,100.855552,-727.135446,42.26,134609.491,66466.747,-1675.997000000003,-2725327.357,-23353.187
1769472000,2026-01-27 00:00:00,88347.08,89523.16,87304.33,89250.0,1160026853.5895033,BTCUSD,-647.173361,-48.750231,-598.42313,45.45,117926.114,59716.738,1507.3619999999937,-2723819.995,-19458.403
1769558400,2026-01-28 00:00:00,89249.99,90600.0,88833.65,89299.99,1283919840.851472,BTCUSD,-652.179885,-169.436161,-482.743723,45.63,123884.859,61737.44,-409.9789999999921,-2724229.974,-20262.49
1769644800,2026-01-29 00:00:00,89300.0,89348.0,83383.33,84650.16,2610381587.910004,BTCUSD,-1019.596735,-339.468276,-680.128459,34.33,226761.591,107600.597,-11560.396999999995,-2735790.371,-31406.212
1769731200,2026-01-30 00:00:00,84650.16,84735.75,81118.0,84260.49,2918624066.481832,BTCUSD,-1326.92439,-536.959499,-789.964891,33.58,254794.516,125556.402,-3681.712,-2739472.083,-33858.255
1769817600,2026-01-31 00:00:00,84260.5,84270.02,75719.9,78741.09,3155264093.623044,BTCUSD,-1992.880537,-828.143707,-1164.736831,25.18,271548.511,125677.136,-20194.239,-2759666.322,-53094.842
1769904000,2026-02-01 00:00:00,78741.1,79424.0,75700.0,76968.21,1974920557.0473864,BTCUSD,-2633.356487,-1189.186263,-1444.170224,23.17,186984.08,89510.966,-7962.147999999986,-2767628.47,-57643.815
1769990400,2026-02-02 00:00:00,76968.22,79360.0,74604.0,78738.61,3260752444.461329,BTCUSD,-2963.915632,-1544.132137,-1419.783496,29.23,259646.414,130227.95,809.4860000000044,-2766818.984,-67679.281
1770076800,2026-02-03 00:00:00,78738.6,79186.81,72945.5,75770.21,2986903008.574792,BTCUSD,-3425.919343,-1920.489578,-1505.429765,25.59,307725.516,150597.328,-6530.859999999986,-2773349.844,-76738.76
1770163200,2026-02-04 00:00:00,75770.21,76971.52,71888.0,73165.83,2852834631.5391464,BTCUSD,-3956.603056,-2327.712274,-1628.890782,22.89,293124.639,144596.988,-3930.663000000001,-2777280.507,-83414.318
1770249600,2026-02-05 00:00:00,73165.84,73341.18,62345.0,62909.86,7198745594.280694,BTCUSD,-5145.431457,-2891.25611,-2254.175347,15.82,670089.741,322109.264,-25871.21299999999,-2803151.72,-104746.732
1770336000,2026-02-06 00:00:00,62909.87,71751.33,60000.0,70580.26,6134056670.6115055,BTCUSD,-5406.328564,-3394.270601,-2012.057963,32.59,559182.769,283473.971,7765.173000000068,-2795386.547,-95809.732
1770422400,2026-02-07 00:00:00,70580.26,71690.07,67300.0,69289.38,3058983879.0691524,BTCUSD,-5652.100729,-3845.836627,-1806.264103,31.46,266663.651,131785.54,-3092.5709999999963,-2798479.118,-97420.224
1770508800,2026-02-08 00:00:00,69289.37,72271.41,68888.0,70330.38,1510003758.652842,BTCUSD,-5697.20313,-4216.109927,-1481.093203,33.47,162753.587,84081.188,5408.78899999999,-2793070.329,-91312.165
1770595200,2026-02-09 00:00:00,70330.38,71453.53,68308.0,70138.0,2038959539.4209776,BTCUSD,-5682.960929,-4509.480128,-1173.480802,33.27,222442.828,111498.925,555.0219999999972,-2792515.307,-80949.653
1770681600,2026-02-10 00:00:00,70138.0,70527.59,67800.0,68841.29,1408623623.3599253,BTCUSD,-5710.480676,-4749.680237,-960.800439,31.93,183872.609,90509.52,-2853.5689999999886,-2795368.876,-80813.205
1770768000,2026-02-11 00:00:00,68841.28,69292.88,65756.0,67082.52,1930513947.5441144,BTCUSD,-5807.265769,-4961.197344,-846.068426,30.14,256625.524,127263.683,-2098.157999999996,-2797467.034,-81962.356
1770854400,2026-02-12 00:00:00,67082.52,68410.52,65118.0,66272.17,1622162145.3342066,BTCUSD,-5881.558184,-5145.269512,-736.288672,29.33,199993.259,97623.786,-4745.687000000005,-2802212.721,-85441.983
1770940800,2026-02-13 00:00:00,66272.17,69482.97,65872.46,68853.96,1371286022.3300548,BTCUSD,-5666.78343,-5249.572295,-417.211134,35.31,183043.289,92834.952,2626.61500000002,-2799586.106,-82032.467
1771027200,2026-02-14 00:00:00,68853.97,70560.01,68730.13,69822.95,1260259314.3600264,BTCUSD,-5356.635535,-5270.984943,-85.650592,37.46,114534.246,59131.453,3728.660000000004,-2795857.446,-72206.086
1771113600,2026-02-15 00:00:00,69822.94,70983.0,68000.0,68832.58,1545094572.1368144,BTCUSD,-5131.601765,-5243.108308,111.506543,36.14,151250.13,75420.635,-408.86000000001513,-2796266.306,-70938.949
1771200000,2026-02-16 00:00:00,68832.59,70126.67,67294.11,68892.43,1062797918.2535973,BTCUSD,-4892.039105,-5172.894467,280.855362,36.28,149579.748,74612.753,-354.2419999999984,-2796620.548,-72800.553
1771286400,2026-02-17 00:00:00,68892.43,69241.5,66621.06,67503.52,1117987651.294812,BTCUSD,-4759.394067,-5090.194387,330.80032,34.33,149185.122,72488.674,-4207.774000000005,-2800828.322,-76598.348
1771372800,2026-02-18 00:00:00,67503.52,68476.22,65870.0,66461.0,1040493524.6521236,BTCUSD,-4684.395773,-5009.034664,324.638892,32.89,163973.391,80983.885,-2005.6210000000133,-2802833.943,-67043.572
1771459200,2026-02-19 00:00:00,66461.0,67320.0,65631.83,67003.73,968863572.7821528,BTCUSD,-4528.958296,-4913.019391,384.061094,34.43,147432.601,73067.18,-1298.241000000009,-2804132.184,-64660.101
1771545600,2026-02-20 00:00:00,67003.73,68318.39,66280.2,68020.01,2378079150.567848,BTCUSD,-4274.493968,-4785.314306,510.820338,37.32,225303.971,113814.422,2324.8730000000214,-2801807.311,-42140.989
1771632000,2026-02-21 00:00:00,68020.0,68698.7,67534.69,67975.93,547592078.8471988,BTCUSD,-4029.931501,-4634.237745,604.306244,37.25,87495.493,45144.688,2793.8830000000016,-2799013.428,-31384.958
1771718400,2026-02-22 00:00:00,67975.93,68245.0,67190.0,67643.4,553613335.5774136,BTCUSD,-3818.924194,-4471.175035,652.250841,36.63,84343.422,42548.861,754.2999999999884,-2798259.128,-31440.144
1771804800,2026-02-23 00:00:00,67643.39,67684.86,63888.79,64656.02,2158158656.1215167,BTCUSD,-3848.394092,-4346.618846,498.224755,31.61,277151.296,136928.48,-3294.335999999952,-2801553.464,-28203.62
1771891200,2026-02-24 00:00:00,64656.01,65026.75,62510.28,64058.15,1469512159.7199352,BTCUSD,-3875.320033,-4252.359084,377.039051,30.7,223150.569,109251.438,-4647.692999999999,-2806201.157,-28920.65
1771977600,2026-02-25 00:00:00,64058.15,69988.83,63913.27,67988.04,2064089702.8444352,BTCUSD,-3538.757166,-4109.6387,570.881534,42.41,299238.818,157407.474,15576.129999999946,-2790625.027,12526.693
1772064000,2026-02-26 00:00:00,67988.04,68860.0,66500.0,67485.18,1404774665.56,BTCUSD,-3274.854781,-3942.681916,667.827135,41.44,20737.78,10172.5,-392.78,-2791017.807,4368.74
1772150400,2026-02-27 00:00:00,67485.19,68216.8,64914.46,65872.1,1412033823.56,BTCUSD,-3159.452118,-3786.035957,626.583839,38.42,21228.58,10107.21,-1014.17,-2792031.977,6447.141
1772236800,2026-02-28 00:00:00,65872.09,67760.0,63030.0,66973.26,1462864408.26,BTCUSD,-2945.18995,-3617.866755,672.676806,41.55,22548.72,11531.11,513.5,-2791518.477,1551.852
1772323200,2026-03-01 00:00:00,66973.26,68199.99,65056.0,65776.47,1545783742.91,BTCUSD,-2839.227739,-3462.138952,622.911213,39.22,23201.86,11209.77,-782.31,-2792300.787,214.52
1772409600,2026-03-02 00:00:00,65776.48,70096.0,65259.21,68830.06,2164578841.85,BTCUSD,-2480.261816,-3265.763525,785.501709,47.35,32010.38,15335.91,-1338.56,-2793639.347,1729.529
1772496000,2026-03-03 00:00:00,68830.06,69258.08,66158.0,68338.0,1691848669.94,BTCUSD,-2210.008266,-3054.612473,844.604207,46.27,24972.24,12331.62,-309.0,-2793948.347,3518.687
1772582400,2026-03-04 00:00:00,68338.01,74050.0,67400.0,72666.77,3202864447.63,BTCUSD,-1627.770889,-2769.244156,1141.473267,55.77,44919.08,23641.35,2363.63,-2791584.717,10628.004
1772668800,2026-03-05 00:00:00,72666.77,73558.15,70645.47,70890.72,1917514690.39,BTCUSD,-1294.73111,-2474.341547,1179.610437,51.73,26590.51,12299.51,-1991.48,-2793576.197,6009.909
1772755200,2026-03-06 00:00:00,70891.02,71419.98,67744.78,68114.02,1574601198.87,BTCUSD,-1240.550873,-2227.583412,987.03254,46.11,22629.89,10464.09,-1701.7,-2795277.897,579.549
1772841600,2026-03-07 00:00:00,68114.02,68551.04,66915.26,67262.91,861729861.85,BTCUSD,-1251.859451,-2032.43862,780.579169,44.51,12719.54,5910.77,-898.01,-2796175.907,90.399
1772928000,2026-03-08 00:00:00,67262.91,68200.0,65618.49,65971.2,1447522160.32,BTCUSD,-1349.495637,-1895.850023,546.354386,42.12,21593.64,11268.65,943.66,-2795232.247,1388.301
1773014400,2026-03-09 00:00:00,65971.2,69516.65,65821.97,68432.16,1967622051.45,BTCUSD,-1214.296459,-1759.539311,545.242851,47.86,28896.72,14101.45,-693.81,-2795926.057,4902.265
1773100800,2026-03-10 00:00:00,68432.16,71777.0,68391.41,69948.63,2292525621.44,BTCUSD,-973.561076,-1602.343664,628.782588,51.07,32602.58,16453.83,305.08,-2795620.977,7212.966
1773187200,2026-03-11 00:00:00,69948.64,71321.0,68977.91,70191.86,1911300596.23,BTCUSD,-754.453056,-1432.765542,678.312486,51.59,27249.28,14015.32,781.36,-2794839.617,9292.567
1773273600,2026-03-12 00:00:00,70191.86,70800.0,69205.91,70541.34,1540745224.51,BTCUSD,-546.310727,-1255.474579,709.163852,52.37,21997.16,10545.03,-907.09,-2795746.707,6060.604
1773360000,2026-03-13 00:00:00,70541.34,73913.74,70386.01,70930.0,2591768526.3,BTCUSD,-346.006273,-1073.580918,727.574645,53.27,35996.62,18310.34,624.07,-2795122.637,3890.791
1773446400,2026-03-14 00:00:00,70930.01,71307.92,70317.0,71211.95,921308630.95,BTCUSD,-162.637754,-891.392285,728.754531,53.94,13017.25,6242.1,-533.05,-2795655.687,2603.441
1773532800,2026-03-15 00:00:00,71211.95,73199.0,70858.82,72815.24,1007334955.24,BTCUSD,110.778239,-690.95818,801.736419,57.71,14037.31,7307.02,576.73,-2795078.957,6474.507
1773619200,2026-03-16 00:00:00,72815.25,74909.08,72270.41,74884.67,2095859511.56,BTCUSD,488.813354,-455.003873,943.817227,62.02,28409.53,15204.22,1998.91,-2793080.047,13121.11
1773705600,2026-03-17 00:00:00,74884.67,74966.0,74614.18,74942.44,13139210.35,BTCUSD,784.032622,-207.196574,991.229196,62.13,175.67,96.16,16.64,-2793063.407,-2438.38
